<?xml version="1.0" encoding="UTF-8"?>
<kml xmlns="http://www.opengis.net/kml/2.2">
  <Document>
    <name><![CDATA[Chaues' Map of Japan]]></name>
    <description><![CDATA[Ladd's ongoing guide to Japan is based on a decade of experience.]]></description>
    <Style id="icon-1526-757575-normal">
      <IconStyle>
        <color>ff757575</color>
        <scale>1</scale>
        <Icon>
          <href>https://www.gstatic.com/mapspro/images/stock/503-wht-blank_maps.png</href>
        </Icon>
      </IconStyle>
      <LabelStyle>
        <scale>0</scale>
      </LabelStyle>
    </Style>
    <Style id="icon-1526-757575-highlight">
      <IconStyle>
        <color>ff757575</color>
        <scale>1</scale>
        <Icon>
          <href>https://www.gstatic.com/mapspro/images/stock/503-wht-blank_maps.png</href>
        </Icon>
      </IconStyle>
      <LabelStyle>
        <scale>1</scale>
      </LabelStyle>
    </Style>
    <StyleMap id="icon-1526-757575">
      <Pair>
        <key>normal</key>
        <styleUrl>#icon-1526-757575-normal</styleUrl>
      </Pair>
      <Pair>
        <key>highlight</key>
        <styleUrl>#icon-1526-757575-highlight</styleUrl>
      </Pair>
    </StyleMap>
    <Style id="icon-1526-BDBDBD-normal">
      <IconStyle>
        <color>ffbdbdbd</color>
        <scale>1</scale>
        <Icon>
          <href>https://www.gstatic.com/mapspro/images/stock/503-wht-blank_maps.png</href>
        </Icon>
      </IconStyle>
      <LabelStyle>
        <scale>0</scale>
      </LabelStyle>
    </Style>
    <Style id="icon-1526-BDBDBD-highlight">
      <IconStyle>
        <color>ffbdbdbd</color>
        <scale>1</scale>
        <Icon>
          <href>https://www.gstatic.com/mapspro/images/stock/503-wht-blank_maps.png</href>
        </Icon>
      </IconStyle>
      <LabelStyle>
        <scale>1</scale>
      </LabelStyle>
    </Style>
    <StyleMap id="icon-1526-BDBDBD">
      <Pair>
        <key>normal</key>
        <styleUrl>#icon-1526-BDBDBD-normal</styleUrl>
      </Pair>
      <Pair>
        <key>highlight</key>
        <styleUrl>#icon-1526-BDBDBD-highlight</styleUrl>
      </Pair>
    </StyleMap>
    <Style id="icon-1532-F9A825-normal">
      <IconStyle>
        <color>ff25a8f9</color>
        <scale>1</scale>
        <Icon>
          <href>https://www.gstatic.com/mapspro/images/stock/503-wht-blank_maps.png</href>
        </Icon>
      </IconStyle>
      <LabelStyle>
        <scale>0</scale>
      </LabelStyle>
    </Style>
    <Style id="icon-1532-F9A825-highlight">
      <IconStyle>
        <color>ff25a8f9</color>
        <scale>1</scale>
        <Icon>
          <href>https://www.gstatic.com/mapspro/images/stock/503-wht-blank_maps.png</href>
        </Icon>
      </IconStyle>
      <LabelStyle>
        <scale>1</scale>
      </LabelStyle>
    </Style>
    <StyleMap id="icon-1532-F9A825">
      <Pair>
        <key>normal</key>
        <styleUrl>#icon-1532-F9A825-normal</styleUrl>
      </Pair>
      <Pair>
        <key>highlight</key>
        <styleUrl>#icon-1532-F9A825-highlight</styleUrl>
      </Pair>
    </StyleMap>
    <Style id="icon-1534-FF5252-normal">
      <IconStyle>
        <color>ff5252ff</color>
        <scale>1</scale>
        <Icon>
          <href>https://www.gstatic.com/mapspro/images/stock/503-wht-blank_maps.png</href>
        </Icon>
      </IconStyle>
      <LabelStyle>
        <scale>0</scale>
      </LabelStyle>
    </Style>
    <Style id="icon-1534-FF5252-highlight">
      <IconStyle>
        <color>ff5252ff</color>
        <scale>1</scale>
        <Icon>
          <href>https://www.gstatic.com/mapspro/images/stock/503-wht-blank_maps.png</href>
        </Icon>
      </IconStyle>
      <LabelStyle>
        <scale>1</scale>
      </LabelStyle>
    </Style>
    <StyleMap id="icon-1534-FF5252">
      <Pair>
        <key>normal</key>
        <styleUrl>#icon-1534-FF5252-normal</styleUrl>
      </Pair>
      <Pair>
        <key>highlight</key>
        <styleUrl>#icon-1534-FF5252-highlight</styleUrl>
      </Pair>
    </StyleMap>
    <Style id="icon-1534-FFEA00-labelson">
      <IconStyle>
        <color>ff00eaff</color>
        <scale>1</scale>
        <Icon>
          <href>https://www.gstatic.com/mapspro/images/stock/503-wht-blank_maps.png</href>
        </Icon>
      </IconStyle>
    </Style>
    <Style id="icon-1534-FFEA00-labelson-nodesc">
      <IconStyle>
        <color>ff00eaff</color>
        <scale>1</scale>
        <Icon>
          <href>https://www.gstatic.com/mapspro/images/stock/503-wht-blank_maps.png</href>
        </Icon>
      </IconStyle>
      <BalloonStyle>
        <text><![CDATA[<h3>$[name]</h3>]]></text>
      </BalloonStyle>
    </Style>
    <Style id="icon-1547-673AB7-normal">
      <IconStyle>
        <color>ffb73a67</color>
        <scale>1</scale>
        <Icon>
          <href>https://www.gstatic.com/mapspro/images/stock/503-wht-blank_maps.png</href>
        </Icon>
      </IconStyle>
      <LabelStyle>
        <scale>0</scale>
      </LabelStyle>
    </Style>
    <Style id="icon-1547-673AB7-highlight">
      <IconStyle>
        <color>ffb73a67</color>
        <scale>1</scale>
        <Icon>
          <href>https://www.gstatic.com/mapspro/images/stock/503-wht-blank_maps.png</href>
        </Icon>
      </IconStyle>
      <LabelStyle>
        <scale>1</scale>
      </LabelStyle>
    </Style>
    <StyleMap id="icon-1547-673AB7">
      <Pair>
        <key>normal</key>
        <styleUrl>#icon-1547-673AB7-normal</styleUrl>
      </Pair>
      <Pair>
        <key>highlight</key>
        <styleUrl>#icon-1547-673AB7-highlight</styleUrl>
      </Pair>
    </StyleMap>
    <Style id="icon-1553-FFD600-labelson">
      <IconStyle>
        <color>ff00d6ff</color>
        <scale>1</scale>
        <Icon>
          <href>https://www.gstatic.com/mapspro/images/stock/503-wht-blank_maps.png</href>
        </Icon>
      </IconStyle>
    </Style>
    <Style id="icon-1553-FFEA00-labelson">
      <IconStyle>
        <color>ff00eaff</color>
        <scale>1</scale>
        <Icon>
          <href>https://www.gstatic.com/mapspro/images/stock/503-wht-blank_maps.png</href>
        </Icon>
      </IconStyle>
    </Style>
    <Style id="icon-1553-FFEA00-labelson-nodesc">
      <IconStyle>
        <color>ff00eaff</color>
        <scale>1</scale>
        <Icon>
          <href>https://www.gstatic.com/mapspro/images/stock/503-wht-blank_maps.png</href>
        </Icon>
      </IconStyle>
      <BalloonStyle>
        <text><![CDATA[<h3>$[name]</h3>]]></text>
      </BalloonStyle>
    </Style>
    <Style id="icon-1573-FF5252-normal">
      <IconStyle>
        <color>ff5252ff</color>
        <scale>1</scale>
        <Icon>
          <href>https://www.gstatic.com/mapspro/images/stock/503-wht-blank_maps.png</href>
        </Icon>
      </IconStyle>
      <LabelStyle>
        <scale>0</scale>
      </LabelStyle>
    </Style>
    <Style id="icon-1573-FF5252-highlight">
      <IconStyle>
        <color>ff5252ff</color>
        <scale>1</scale>
        <Icon>
          <href>https://www.gstatic.com/mapspro/images/stock/503-wht-blank_maps.png</href>
        </Icon>
      </IconStyle>
      <LabelStyle>
        <scale>1</scale>
      </LabelStyle>
    </Style>
    <StyleMap id="icon-1573-FF5252">
      <Pair>
        <key>normal</key>
        <styleUrl>#icon-1573-FF5252-normal</styleUrl>
      </Pair>
      <Pair>
        <key>highlight</key>
        <styleUrl>#icon-1573-FF5252-highlight</styleUrl>
      </Pair>
    </StyleMap>
    <Style id="icon-1573-FFEA00-labelson">
      <IconStyle>
        <color>ff00eaff</color>
        <scale>1</scale>
        <Icon>
          <href>https://www.gstatic.com/mapspro/images/stock/503-wht-blank_maps.png</href>
        </Icon>
      </IconStyle>
    </Style>
    <Style id="icon-1577-FF5252-normal">
      <IconStyle>
        <color>ff5252ff</color>
        <scale>1</scale>
        <Icon>
          <href>https://www.gstatic.com/mapspro/images/stock/503-wht-blank_maps.png</href>
        </Icon>
      </IconStyle>
      <LabelStyle>
        <scale>0</scale>
      </LabelStyle>
    </Style>
    <Style id="icon-1577-FF5252-highlight">
      <IconStyle>
        <color>ff5252ff</color>
        <scale>1</scale>
        <Icon>
          <href>https://www.gstatic.com/mapspro/images/stock/503-wht-blank_maps.png</href>
        </Icon>
      </IconStyle>
      <LabelStyle>
        <scale>1</scale>
      </LabelStyle>
    </Style>
    <StyleMap id="icon-1577-FF5252">
      <Pair>
        <key>normal</key>
        <styleUrl>#icon-1577-FF5252-normal</styleUrl>
      </Pair>
      <Pair>
        <key>highlight</key>
        <styleUrl>#icon-1577-FF5252-highlight</styleUrl>
      </Pair>
    </StyleMap>
    <Style id="icon-1577-FFD600-labelson-nodesc">
      <IconStyle>
        <color>ff00d6ff</color>
        <scale>1</scale>
        <Icon>
          <href>https://www.gstatic.com/mapspro/images/stock/503-wht-blank_maps.png</href>
        </Icon>
      </IconStyle>
      <BalloonStyle>
        <text><![CDATA[<h3>$[name]</h3>]]></text>
      </BalloonStyle>
    </Style>
    <Style id="icon-1577-FFEA00-labelson">
      <IconStyle>
        <color>ff00eaff</color>
        <scale>1</scale>
        <Icon>
          <href>https://www.gstatic.com/mapspro/images/stock/503-wht-blank_maps.png</href>
        </Icon>
      </IconStyle>
    </Style>
    <Style id="icon-1577-FFEA00-labelson-nodesc">
      <IconStyle>
        <color>ff00eaff</color>
        <scale>1</scale>
        <Icon>
          <href>https://www.gstatic.com/mapspro/images/stock/503-wht-blank_maps.png</href>
        </Icon>
      </IconStyle>
      <BalloonStyle>
        <text><![CDATA[<h3>$[name]</h3>]]></text>
      </BalloonStyle>
    </Style>
    <Style id="icon-1602-0288D1-normal">
      <IconStyle>
        <color>ffd18802</color>
        <scale>1</scale>
        <Icon>
          <href>https://www.gstatic.com/mapspro/images/stock/503-wht-blank_maps.png</href>
        </Icon>
      </IconStyle>
      <LabelStyle>
        <scale>0</scale>
      </LabelStyle>
    </Style>
    <Style id="icon-1602-0288D1-highlight">
      <IconStyle>
        <color>ffd18802</color>
        <scale>1</scale>
        <Icon>
          <href>https://www.gstatic.com/mapspro/images/stock/503-wht-blank_maps.png</href>
        </Icon>
      </IconStyle>
      <LabelStyle>
        <scale>1</scale>
      </LabelStyle>
    </Style>
    <StyleMap id="icon-1602-0288D1">
      <Pair>
        <key>normal</key>
        <styleUrl>#icon-1602-0288D1-normal</styleUrl>
      </Pair>
      <Pair>
        <key>highlight</key>
        <styleUrl>#icon-1602-0288D1-highlight</styleUrl>
      </Pair>
    </StyleMap>
    <Style id="icon-1602-0288D1-nodesc-normal">
      <IconStyle>
        <color>ffd18802</color>
        <scale>1</scale>
        <Icon>
          <href>https://www.gstatic.com/mapspro/images/stock/503-wht-blank_maps.png</href>
        </Icon>
      </IconStyle>
      <LabelStyle>
        <scale>0</scale>
      </LabelStyle>
      <BalloonStyle>
        <text><![CDATA[<h3>$[name]</h3>]]></text>
      </BalloonStyle>
    </Style>
    <Style id="icon-1602-0288D1-nodesc-highlight">
      <IconStyle>
        <color>ffd18802</color>
        <scale>1</scale>
        <Icon>
          <href>https://www.gstatic.com/mapspro/images/stock/503-wht-blank_maps.png</href>
        </Icon>
      </IconStyle>
      <LabelStyle>
        <scale>1</scale>
      </LabelStyle>
      <BalloonStyle>
        <text><![CDATA[<h3>$[name]</h3>]]></text>
      </BalloonStyle>
    </Style>
    <StyleMap id="icon-1602-0288D1-nodesc">
      <Pair>
        <key>normal</key>
        <styleUrl>#icon-1602-0288D1-nodesc-normal</styleUrl>
      </Pair>
      <Pair>
        <key>highlight</key>
        <styleUrl>#icon-1602-0288D1-nodesc-highlight</styleUrl>
      </Pair>
    </StyleMap>
    <Style id="icon-1607-FF5252-normal">
      <IconStyle>
        <color>ff5252ff</color>
        <scale>1</scale>
        <Icon>
          <href>https://www.gstatic.com/mapspro/images/stock/503-wht-blank_maps.png</href>
        </Icon>
      </IconStyle>
      <LabelStyle>
        <scale>0</scale>
      </LabelStyle>
    </Style>
    <Style id="icon-1607-FF5252-highlight">
      <IconStyle>
        <color>ff5252ff</color>
        <scale>1</scale>
        <Icon>
          <href>https://www.gstatic.com/mapspro/images/stock/503-wht-blank_maps.png</href>
        </Icon>
      </IconStyle>
      <LabelStyle>
        <scale>1</scale>
      </LabelStyle>
    </Style>
    <StyleMap id="icon-1607-FF5252">
      <Pair>
        <key>normal</key>
        <styleUrl>#icon-1607-FF5252-normal</styleUrl>
      </Pair>
      <Pair>
        <key>highlight</key>
        <styleUrl>#icon-1607-FF5252-highlight</styleUrl>
      </Pair>
    </StyleMap>
    <Style id="icon-1607-FFEA00-labelson">
      <IconStyle>
        <color>ff00eaff</color>
        <scale>1</scale>
        <Icon>
          <href>https://www.gstatic.com/mapspro/images/stock/503-wht-blank_maps.png</href>
        </Icon>
      </IconStyle>
    </Style>
    <Style id="icon-1607-FFEA00-labelson-nodesc">
      <IconStyle>
        <color>ff00eaff</color>
        <scale>1</scale>
        <Icon>
          <href>https://www.gstatic.com/mapspro/images/stock/503-wht-blank_maps.png</href>
        </Icon>
      </IconStyle>
      <BalloonStyle>
        <text><![CDATA[<h3>$[name]</h3>]]></text>
      </BalloonStyle>
    </Style>
    <Style id="icon-1634-E65100-normal">
      <IconStyle>
        <color>ff0051e6</color>
        <scale>1</scale>
        <Icon>
          <href>https://www.gstatic.com/mapspro/images/stock/503-wht-blank_maps.png</href>
        </Icon>
      </IconStyle>
      <LabelStyle>
        <scale>0</scale>
      </LabelStyle>
    </Style>
    <Style id="icon-1634-E65100-highlight">
      <IconStyle>
        <color>ff0051e6</color>
        <scale>1</scale>
        <Icon>
          <href>https://www.gstatic.com/mapspro/images/stock/503-wht-blank_maps.png</href>
        </Icon>
      </IconStyle>
      <LabelStyle>
        <scale>1</scale>
      </LabelStyle>
    </Style>
    <StyleMap id="icon-1634-E65100">
      <Pair>
        <key>normal</key>
        <styleUrl>#icon-1634-E65100-normal</styleUrl>
      </Pair>
      <Pair>
        <key>highlight</key>
        <styleUrl>#icon-1634-E65100-highlight</styleUrl>
      </Pair>
    </StyleMap>
    <Style id="icon-1637-BDBDBD-normal">
      <IconStyle>
        <color>ffbdbdbd</color>
        <scale>1</scale>
        <Icon>
          <href>https://www.gstatic.com/mapspro/images/stock/503-wht-blank_maps.png</href>
        </Icon>
      </IconStyle>
      <LabelStyle>
        <scale>0</scale>
      </LabelStyle>
    </Style>
    <Style id="icon-1637-BDBDBD-highlight">
      <IconStyle>
        <color>ffbdbdbd</color>
        <scale>1</scale>
        <Icon>
          <href>https://www.gstatic.com/mapspro/images/stock/503-wht-blank_maps.png</href>
        </Icon>
      </IconStyle>
      <LabelStyle>
        <scale>1</scale>
      </LabelStyle>
    </Style>
    <StyleMap id="icon-1637-BDBDBD">
      <Pair>
        <key>normal</key>
        <styleUrl>#icon-1637-BDBDBD-normal</styleUrl>
      </Pair>
      <Pair>
        <key>highlight</key>
        <styleUrl>#icon-1637-BDBDBD-highlight</styleUrl>
      </Pair>
    </StyleMap>
    <Style id="icon-1637-BDBDBD-nodesc-normal">
      <IconStyle>
        <color>ffbdbdbd</color>
        <scale>1</scale>
        <Icon>
          <href>https://www.gstatic.com/mapspro/images/stock/503-wht-blank_maps.png</href>
        </Icon>
      </IconStyle>
      <LabelStyle>
        <scale>0</scale>
      </LabelStyle>
      <BalloonStyle>
        <text><![CDATA[<h3>$[name]</h3>]]></text>
      </BalloonStyle>
    </Style>
    <Style id="icon-1637-BDBDBD-nodesc-highlight">
      <IconStyle>
        <color>ffbdbdbd</color>
        <scale>1</scale>
        <Icon>
          <href>https://www.gstatic.com/mapspro/images/stock/503-wht-blank_maps.png</href>
        </Icon>
      </IconStyle>
      <LabelStyle>
        <scale>1</scale>
      </LabelStyle>
      <BalloonStyle>
        <text><![CDATA[<h3>$[name]</h3>]]></text>
      </BalloonStyle>
    </Style>
    <StyleMap id="icon-1637-BDBDBD-nodesc">
      <Pair>
        <key>normal</key>
        <styleUrl>#icon-1637-BDBDBD-nodesc-normal</styleUrl>
      </Pair>
      <Pair>
        <key>highlight</key>
        <styleUrl>#icon-1637-BDBDBD-nodesc-highlight</styleUrl>
      </Pair>
    </StyleMap>
    <Style id="icon-1640-FF5252-normal">
      <IconStyle>
        <color>ff5252ff</color>
        <scale>1</scale>
        <Icon>
          <href>https://www.gstatic.com/mapspro/images/stock/503-wht-blank_maps.png</href>
        </Icon>
      </IconStyle>
      <LabelStyle>
        <scale>0</scale>
      </LabelStyle>
    </Style>
    <Style id="icon-1640-FF5252-highlight">
      <IconStyle>
        <color>ff5252ff</color>
        <scale>1</scale>
        <Icon>
          <href>https://www.gstatic.com/mapspro/images/stock/503-wht-blank_maps.png</href>
        </Icon>
      </IconStyle>
      <LabelStyle>
        <scale>1</scale>
      </LabelStyle>
    </Style>
    <StyleMap id="icon-1640-FF5252">
      <Pair>
        <key>normal</key>
        <styleUrl>#icon-1640-FF5252-normal</styleUrl>
      </Pair>
      <Pair>
        <key>highlight</key>
        <styleUrl>#icon-1640-FF5252-highlight</styleUrl>
      </Pair>
    </StyleMap>
    <Style id="icon-1640-FFEA00-labelson">
      <IconStyle>
        <color>ff00eaff</color>
        <scale>1</scale>
        <Icon>
          <href>https://www.gstatic.com/mapspro/images/stock/503-wht-blank_maps.png</href>
        </Icon>
      </IconStyle>
    </Style>
    <Style id="icon-1640-FFEA00-labelson-nodesc">
      <IconStyle>
        <color>ff00eaff</color>
        <scale>1</scale>
        <Icon>
          <href>https://www.gstatic.com/mapspro/images/stock/503-wht-blank_maps.png</href>
        </Icon>
      </IconStyle>
      <BalloonStyle>
        <text><![CDATA[<h3>$[name]</h3>]]></text>
      </BalloonStyle>
    </Style>
    <Style id="icon-1671-E65100-normal">
      <IconStyle>
        <color>ff0051e6</color>
        <scale>1</scale>
        <Icon>
          <href>https://www.gstatic.com/mapspro/images/stock/503-wht-blank_maps.png</href>
        </Icon>
      </IconStyle>
      <LabelStyle>
        <scale>0</scale>
      </LabelStyle>
    </Style>
    <Style id="icon-1671-E65100-highlight">
      <IconStyle>
        <color>ff0051e6</color>
        <scale>1</scale>
        <Icon>
          <href>https://www.gstatic.com/mapspro/images/stock/503-wht-blank_maps.png</href>
        </Icon>
      </IconStyle>
      <LabelStyle>
        <scale>1</scale>
      </LabelStyle>
    </Style>
    <StyleMap id="icon-1671-E65100">
      <Pair>
        <key>normal</key>
        <styleUrl>#icon-1671-E65100-normal</styleUrl>
      </Pair>
      <Pair>
        <key>highlight</key>
        <styleUrl>#icon-1671-E65100-highlight</styleUrl>
      </Pair>
    </StyleMap>
    <Style id="icon-1671-F9A825-normal">
      <IconStyle>
        <color>ff25a8f9</color>
        <scale>1</scale>
        <Icon>
          <href>https://www.gstatic.com/mapspro/images/stock/503-wht-blank_maps.png</href>
        </Icon>
      </IconStyle>
      <LabelStyle>
        <scale>0</scale>
      </LabelStyle>
    </Style>
    <Style id="icon-1671-F9A825-highlight">
      <IconStyle>
        <color>ff25a8f9</color>
        <scale>1</scale>
        <Icon>
          <href>https://www.gstatic.com/mapspro/images/stock/503-wht-blank_maps.png</href>
        </Icon>
      </IconStyle>
      <LabelStyle>
        <scale>1</scale>
      </LabelStyle>
    </Style>
    <StyleMap id="icon-1671-F9A825">
      <Pair>
        <key>normal</key>
        <styleUrl>#icon-1671-F9A825-normal</styleUrl>
      </Pair>
      <Pair>
        <key>highlight</key>
        <styleUrl>#icon-1671-F9A825-highlight</styleUrl>
      </Pair>
    </StyleMap>
    <Style id="icon-1681-FF5252-normal">
      <IconStyle>
        <color>ff5252ff</color>
        <scale>1</scale>
        <Icon>
          <href>https://www.gstatic.com/mapspro/images/stock/503-wht-blank_maps.png</href>
        </Icon>
      </IconStyle>
      <LabelStyle>
        <scale>0</scale>
      </LabelStyle>
    </Style>
    <Style id="icon-1681-FF5252-highlight">
      <IconStyle>
        <color>ff5252ff</color>
        <scale>1</scale>
        <Icon>
          <href>https://www.gstatic.com/mapspro/images/stock/503-wht-blank_maps.png</href>
        </Icon>
      </IconStyle>
      <LabelStyle>
        <scale>1</scale>
      </LabelStyle>
    </Style>
    <StyleMap id="icon-1681-FF5252">
      <Pair>
        <key>normal</key>
        <styleUrl>#icon-1681-FF5252-normal</styleUrl>
      </Pair>
      <Pair>
        <key>highlight</key>
        <styleUrl>#icon-1681-FF5252-highlight</styleUrl>
      </Pair>
    </StyleMap>
    <Style id="icon-1684-BDBDBD-normal">
      <IconStyle>
        <color>ffbdbdbd</color>
        <scale>1</scale>
        <Icon>
          <href>https://www.gstatic.com/mapspro/images/stock/503-wht-blank_maps.png</href>
        </Icon>
      </IconStyle>
      <LabelStyle>
        <scale>0</scale>
      </LabelStyle>
    </Style>
    <Style id="icon-1684-BDBDBD-highlight">
      <IconStyle>
        <color>ffbdbdbd</color>
        <scale>1</scale>
        <Icon>
          <href>https://www.gstatic.com/mapspro/images/stock/503-wht-blank_maps.png</href>
        </Icon>
      </IconStyle>
      <LabelStyle>
        <scale>1</scale>
      </LabelStyle>
    </Style>
    <StyleMap id="icon-1684-BDBDBD">
      <Pair>
        <key>normal</key>
        <styleUrl>#icon-1684-BDBDBD-normal</styleUrl>
      </Pair>
      <Pair>
        <key>highlight</key>
        <styleUrl>#icon-1684-BDBDBD-highlight</styleUrl>
      </Pair>
    </StyleMap>
    <Style id="icon-1684-BDBDBD-nodesc-normal">
      <IconStyle>
        <color>ffbdbdbd</color>
        <scale>1</scale>
        <Icon>
          <href>https://www.gstatic.com/mapspro/images/stock/503-wht-blank_maps.png</href>
        </Icon>
      </IconStyle>
      <LabelStyle>
        <scale>0</scale>
      </LabelStyle>
      <BalloonStyle>
        <text><![CDATA[<h3>$[name]</h3>]]></text>
      </BalloonStyle>
    </Style>
    <Style id="icon-1684-BDBDBD-nodesc-highlight">
      <IconStyle>
        <color>ffbdbdbd</color>
        <scale>1</scale>
        <Icon>
          <href>https://www.gstatic.com/mapspro/images/stock/503-wht-blank_maps.png</href>
        </Icon>
      </IconStyle>
      <LabelStyle>
        <scale>1</scale>
      </LabelStyle>
      <BalloonStyle>
        <text><![CDATA[<h3>$[name]</h3>]]></text>
      </BalloonStyle>
    </Style>
    <StyleMap id="icon-1684-BDBDBD-nodesc">
      <Pair>
        <key>normal</key>
        <styleUrl>#icon-1684-BDBDBD-nodesc-normal</styleUrl>
      </Pair>
      <Pair>
        <key>highlight</key>
        <styleUrl>#icon-1684-BDBDBD-nodesc-highlight</styleUrl>
      </Pair>
    </StyleMap>
    <Style id="icon-1687-757575-normal">
      <IconStyle>
        <color>ff757575</color>
        <scale>1</scale>
        <Icon>
          <href>https://www.gstatic.com/mapspro/images/stock/503-wht-blank_maps.png</href>
        </Icon>
      </IconStyle>
      <LabelStyle>
        <scale>0</scale>
      </LabelStyle>
    </Style>
    <Style id="icon-1687-757575-highlight">
      <IconStyle>
        <color>ff757575</color>
        <scale>1</scale>
        <Icon>
          <href>https://www.gstatic.com/mapspro/images/stock/503-wht-blank_maps.png</href>
        </Icon>
      </IconStyle>
      <LabelStyle>
        <scale>1</scale>
      </LabelStyle>
    </Style>
    <StyleMap id="icon-1687-757575">
      <Pair>
        <key>normal</key>
        <styleUrl>#icon-1687-757575-normal</styleUrl>
      </Pair>
      <Pair>
        <key>highlight</key>
        <styleUrl>#icon-1687-757575-highlight</styleUrl>
      </Pair>
    </StyleMap>
    <Style id="icon-1687-757575-nodesc-normal">
      <IconStyle>
        <color>ff757575</color>
        <scale>1</scale>
        <Icon>
          <href>https://www.gstatic.com/mapspro/images/stock/503-wht-blank_maps.png</href>
        </Icon>
      </IconStyle>
      <LabelStyle>
        <scale>0</scale>
      </LabelStyle>
      <BalloonStyle>
        <text><![CDATA[<h3>$[name]</h3>]]></text>
      </BalloonStyle>
    </Style>
    <Style id="icon-1687-757575-nodesc-highlight">
      <IconStyle>
        <color>ff757575</color>
        <scale>1</scale>
        <Icon>
          <href>https://www.gstatic.com/mapspro/images/stock/503-wht-blank_maps.png</href>
        </Icon>
      </IconStyle>
      <LabelStyle>
        <scale>1</scale>
      </LabelStyle>
      <BalloonStyle>
        <text><![CDATA[<h3>$[name]</h3>]]></text>
      </BalloonStyle>
    </Style>
    <StyleMap id="icon-1687-757575-nodesc">
      <Pair>
        <key>normal</key>
        <styleUrl>#icon-1687-757575-nodesc-normal</styleUrl>
      </Pair>
      <Pair>
        <key>highlight</key>
        <styleUrl>#icon-1687-757575-nodesc-highlight</styleUrl>
      </Pair>
    </StyleMap>
    <Style id="icon-1720-0F9D58-normal">
      <IconStyle>
        <color>ff589d0f</color>
        <scale>1</scale>
        <Icon>
          <href>https://www.gstatic.com/mapspro/images/stock/503-wht-blank_maps.png</href>
        </Icon>
      </IconStyle>
      <LabelStyle>
        <scale>0</scale>
      </LabelStyle>
    </Style>
    <Style id="icon-1720-0F9D58-highlight">
      <IconStyle>
        <color>ff589d0f</color>
        <scale>1</scale>
        <Icon>
          <href>https://www.gstatic.com/mapspro/images/stock/503-wht-blank_maps.png</href>
        </Icon>
      </IconStyle>
      <LabelStyle>
        <scale>1</scale>
      </LabelStyle>
    </Style>
    <StyleMap id="icon-1720-0F9D58">
      <Pair>
        <key>normal</key>
        <styleUrl>#icon-1720-0F9D58-normal</styleUrl>
      </Pair>
      <Pair>
        <key>highlight</key>
        <styleUrl>#icon-1720-0F9D58-highlight</styleUrl>
      </Pair>
    </StyleMap>
    <Style id="icon-1720-7CB342-normal">
      <IconStyle>
        <color>ff42b37c</color>
        <scale>1</scale>
        <Icon>
          <href>https://www.gstatic.com/mapspro/images/stock/503-wht-blank_maps.png</href>
        </Icon>
      </IconStyle>
      <LabelStyle>
        <scale>0</scale>
      </LabelStyle>
    </Style>
    <Style id="icon-1720-7CB342-highlight">
      <IconStyle>
        <color>ff42b37c</color>
        <scale>1</scale>
        <Icon>
          <href>https://www.gstatic.com/mapspro/images/stock/503-wht-blank_maps.png</href>
        </Icon>
      </IconStyle>
      <LabelStyle>
        <scale>1</scale>
      </LabelStyle>
    </Style>
    <StyleMap id="icon-1720-7CB342">
      <Pair>
        <key>normal</key>
        <styleUrl>#icon-1720-7CB342-normal</styleUrl>
      </Pair>
      <Pair>
        <key>highlight</key>
        <styleUrl>#icon-1720-7CB342-highlight</styleUrl>
      </Pair>
    </StyleMap>
    <Style id="icon-1727-673AB7-labelson">
      <IconStyle>
        <color>ffb73a67</color>
        <scale>1</scale>
        <Icon>
          <href>https://www.gstatic.com/mapspro/images/stock/503-wht-blank_maps.png</href>
        </Icon>
      </IconStyle>
    </Style>
    <Style id="icon-1727-673AB7-labelson-nodesc">
      <IconStyle>
        <color>ffb73a67</color>
        <scale>1</scale>
        <Icon>
          <href>https://www.gstatic.com/mapspro/images/stock/503-wht-blank_maps.png</href>
        </Icon>
      </IconStyle>
      <BalloonStyle>
        <text><![CDATA[<h3>$[name]</h3>]]></text>
      </BalloonStyle>
    </Style>
    <Style id="icon-1739-C6A4CF-labelson">
      <IconStyle>
        <color>ffcfa4c6</color>
        <scale>1</scale>
        <Icon>
          <href>https://www.gstatic.com/mapspro/images/stock/503-wht-blank_maps.png</href>
        </Icon>
      </IconStyle>
    </Style>
    <Style id="icon-1764-FF5252-nodesc-normal">
      <IconStyle>
        <color>ff5252ff</color>
        <scale>1</scale>
        <Icon>
          <href>https://www.gstatic.com/mapspro/images/stock/503-wht-blank_maps.png</href>
        </Icon>
      </IconStyle>
      <LabelStyle>
        <scale>0</scale>
      </LabelStyle>
      <BalloonStyle>
        <text><![CDATA[<h3>$[name]</h3>]]></text>
      </BalloonStyle>
    </Style>
    <Style id="icon-1764-FF5252-nodesc-highlight">
      <IconStyle>
        <color>ff5252ff</color>
        <scale>1</scale>
        <Icon>
          <href>https://www.gstatic.com/mapspro/images/stock/503-wht-blank_maps.png</href>
        </Icon>
      </IconStyle>
      <LabelStyle>
        <scale>1</scale>
      </LabelStyle>
      <BalloonStyle>
        <text><![CDATA[<h3>$[name]</h3>]]></text>
      </BalloonStyle>
    </Style>
    <StyleMap id="icon-1764-FF5252-nodesc">
      <Pair>
        <key>normal</key>
        <styleUrl>#icon-1764-FF5252-nodesc-normal</styleUrl>
      </Pair>
      <Pair>
        <key>highlight</key>
        <styleUrl>#icon-1764-FF5252-nodesc-highlight</styleUrl>
      </Pair>
    </StyleMap>
    <Style id="icon-1788-A52714-normal">
      <IconStyle>
        <color>ff1427a5</color>
        <scale>1</scale>
        <Icon>
          <href>https://www.gstatic.com/mapspro/images/stock/503-wht-blank_maps.png</href>
        </Icon>
      </IconStyle>
      <LabelStyle>
        <scale>0</scale>
      </LabelStyle>
    </Style>
    <Style id="icon-1788-A52714-highlight">
      <IconStyle>
        <color>ff1427a5</color>
        <scale>1</scale>
        <Icon>
          <href>https://www.gstatic.com/mapspro/images/stock/503-wht-blank_maps.png</href>
        </Icon>
      </IconStyle>
      <LabelStyle>
        <scale>1</scale>
      </LabelStyle>
    </Style>
    <StyleMap id="icon-1788-A52714">
      <Pair>
        <key>normal</key>
        <styleUrl>#icon-1788-A52714-normal</styleUrl>
      </Pair>
      <Pair>
        <key>highlight</key>
        <styleUrl>#icon-1788-A52714-highlight</styleUrl>
      </Pair>
    </StyleMap>
    <Style id="icon-1798-9C27B0-normal">
      <IconStyle>
        <color>ffb0279c</color>
        <scale>1</scale>
        <Icon>
          <href>https://www.gstatic.com/mapspro/images/stock/503-wht-blank_maps.png</href>
        </Icon>
      </IconStyle>
      <LabelStyle>
        <scale>0</scale>
      </LabelStyle>
    </Style>
    <Style id="icon-1798-9C27B0-highlight">
      <IconStyle>
        <color>ffb0279c</color>
        <scale>1</scale>
        <Icon>
          <href>https://www.gstatic.com/mapspro/images/stock/503-wht-blank_maps.png</href>
        </Icon>
      </IconStyle>
      <LabelStyle>
        <scale>1</scale>
      </LabelStyle>
    </Style>
    <StyleMap id="icon-1798-9C27B0">
      <Pair>
        <key>normal</key>
        <styleUrl>#icon-1798-9C27B0-normal</styleUrl>
      </Pair>
      <Pair>
        <key>highlight</key>
        <styleUrl>#icon-1798-9C27B0-highlight</styleUrl>
      </Pair>
    </StyleMap>
    <Style id="icon-1798-9C27B0-nodesc-normal">
      <IconStyle>
        <color>ffb0279c</color>
        <scale>1</scale>
        <Icon>
          <href>https://www.gstatic.com/mapspro/images/stock/503-wht-blank_maps.png</href>
        </Icon>
      </IconStyle>
      <LabelStyle>
        <scale>0</scale>
      </LabelStyle>
      <BalloonStyle>
        <text><![CDATA[<h3>$[name]</h3>]]></text>
      </BalloonStyle>
    </Style>
    <Style id="icon-1798-9C27B0-nodesc-highlight">
      <IconStyle>
        <color>ffb0279c</color>
        <scale>1</scale>
        <Icon>
          <href>https://www.gstatic.com/mapspro/images/stock/503-wht-blank_maps.png</href>
        </Icon>
      </IconStyle>
      <LabelStyle>
        <scale>1</scale>
      </LabelStyle>
      <BalloonStyle>
        <text><![CDATA[<h3>$[name]</h3>]]></text>
      </BalloonStyle>
    </Style>
    <StyleMap id="icon-1798-9C27B0-nodesc">
      <Pair>
        <key>normal</key>
        <styleUrl>#icon-1798-9C27B0-nodesc-normal</styleUrl>
      </Pair>
      <Pair>
        <key>highlight</key>
        <styleUrl>#icon-1798-9C27B0-nodesc-highlight</styleUrl>
      </Pair>
    </StyleMap>
    <Style id="icon-1798-F57C00-normal">
      <IconStyle>
        <color>ff007cf5</color>
        <scale>1</scale>
        <Icon>
          <href>https://www.gstatic.com/mapspro/images/stock/503-wht-blank_maps.png</href>
        </Icon>
      </IconStyle>
      <LabelStyle>
        <scale>0</scale>
      </LabelStyle>
    </Style>
    <Style id="icon-1798-F57C00-highlight">
      <IconStyle>
        <color>ff007cf5</color>
        <scale>1</scale>
        <Icon>
          <href>https://www.gstatic.com/mapspro/images/stock/503-wht-blank_maps.png</href>
        </Icon>
      </IconStyle>
      <LabelStyle>
        <scale>1</scale>
      </LabelStyle>
    </Style>
    <StyleMap id="icon-1798-F57C00">
      <Pair>
        <key>normal</key>
        <styleUrl>#icon-1798-F57C00-normal</styleUrl>
      </Pair>
      <Pair>
        <key>highlight</key>
        <styleUrl>#icon-1798-F57C00-highlight</styleUrl>
      </Pair>
    </StyleMap>
    <Style id="icon-1798-F57C00-nodesc-normal">
      <IconStyle>
        <color>ff007cf5</color>
        <scale>1</scale>
        <Icon>
          <href>https://www.gstatic.com/mapspro/images/stock/503-wht-blank_maps.png</href>
        </Icon>
      </IconStyle>
      <LabelStyle>
        <scale>0</scale>
      </LabelStyle>
      <BalloonStyle>
        <text><![CDATA[<h3>$[name]</h3>]]></text>
      </BalloonStyle>
    </Style>
    <Style id="icon-1798-F57C00-nodesc-highlight">
      <IconStyle>
        <color>ff007cf5</color>
        <scale>1</scale>
        <Icon>
          <href>https://www.gstatic.com/mapspro/images/stock/503-wht-blank_maps.png</href>
        </Icon>
      </IconStyle>
      <LabelStyle>
        <scale>1</scale>
      </LabelStyle>
      <BalloonStyle>
        <text><![CDATA[<h3>$[name]</h3>]]></text>
      </BalloonStyle>
    </Style>
    <StyleMap id="icon-1798-F57C00-nodesc">
      <Pair>
        <key>normal</key>
        <styleUrl>#icon-1798-F57C00-nodesc-normal</styleUrl>
      </Pair>
      <Pair>
        <key>highlight</key>
        <styleUrl>#icon-1798-F57C00-nodesc-highlight</styleUrl>
      </Pair>
    </StyleMap>
    <Style id="icon-1804-880E4F-normal">
      <IconStyle>
        <color>ff4f0e88</color>
        <scale>1</scale>
        <Icon>
          <href>https://www.gstatic.com/mapspro/images/stock/503-wht-blank_maps.png</href>
        </Icon>
      </IconStyle>
      <LabelStyle>
        <scale>0</scale>
      </LabelStyle>
    </Style>
    <Style id="icon-1804-880E4F-highlight">
      <IconStyle>
        <color>ff4f0e88</color>
        <scale>1</scale>
        <Icon>
          <href>https://www.gstatic.com/mapspro/images/stock/503-wht-blank_maps.png</href>
        </Icon>
      </IconStyle>
      <LabelStyle>
        <scale>1</scale>
      </LabelStyle>
    </Style>
    <StyleMap id="icon-1804-880E4F">
      <Pair>
        <key>normal</key>
        <styleUrl>#icon-1804-880E4F-normal</styleUrl>
      </Pair>
      <Pair>
        <key>highlight</key>
        <styleUrl>#icon-1804-880E4F-highlight</styleUrl>
      </Pair>
    </StyleMap>
    <Style id="icon-1804-A52714-normal">
      <IconStyle>
        <color>ff1427a5</color>
        <scale>1</scale>
        <Icon>
          <href>https://www.gstatic.com/mapspro/images/stock/503-wht-blank_maps.png</href>
        </Icon>
      </IconStyle>
      <LabelStyle>
        <scale>0</scale>
      </LabelStyle>
    </Style>
    <Style id="icon-1804-A52714-highlight">
      <IconStyle>
        <color>ff1427a5</color>
        <scale>1</scale>
        <Icon>
          <href>https://www.gstatic.com/mapspro/images/stock/503-wht-blank_maps.png</href>
        </Icon>
      </IconStyle>
      <LabelStyle>
        <scale>1</scale>
      </LabelStyle>
    </Style>
    <StyleMap id="icon-1804-A52714">
      <Pair>
        <key>normal</key>
        <styleUrl>#icon-1804-A52714-normal</styleUrl>
      </Pair>
      <Pair>
        <key>highlight</key>
        <styleUrl>#icon-1804-A52714-highlight</styleUrl>
      </Pair>
    </StyleMap>
    <Style id="icon-1804-FF5252-normal">
      <IconStyle>
        <color>ff5252ff</color>
        <scale>1</scale>
        <Icon>
          <href>https://www.gstatic.com/mapspro/images/stock/503-wht-blank_maps.png</href>
        </Icon>
      </IconStyle>
      <LabelStyle>
        <scale>0</scale>
      </LabelStyle>
    </Style>
    <Style id="icon-1804-FF5252-highlight">
      <IconStyle>
        <color>ff5252ff</color>
        <scale>1</scale>
        <Icon>
          <href>https://www.gstatic.com/mapspro/images/stock/503-wht-blank_maps.png</href>
        </Icon>
      </IconStyle>
      <LabelStyle>
        <scale>1</scale>
      </LabelStyle>
    </Style>
    <StyleMap id="icon-1804-FF5252">
      <Pair>
        <key>normal</key>
        <styleUrl>#icon-1804-FF5252-normal</styleUrl>
      </Pair>
      <Pair>
        <key>highlight</key>
        <styleUrl>#icon-1804-FF5252-highlight</styleUrl>
      </Pair>
    </StyleMap>
    <Style id="icon-1835-FF5252-normal">
      <IconStyle>
        <color>ff5252ff</color>
        <scale>1</scale>
        <Icon>
          <href>https://www.gstatic.com/mapspro/images/stock/503-wht-blank_maps.png</href>
        </Icon>
      </IconStyle>
      <LabelStyle>
        <scale>0</scale>
      </LabelStyle>
    </Style>
    <Style id="icon-1835-FF5252-highlight">
      <IconStyle>
        <color>ff5252ff</color>
        <scale>1</scale>
        <Icon>
          <href>https://www.gstatic.com/mapspro/images/stock/503-wht-blank_maps.png</href>
        </Icon>
      </IconStyle>
      <LabelStyle>
        <scale>1</scale>
      </LabelStyle>
    </Style>
    <StyleMap id="icon-1835-FF5252">
      <Pair>
        <key>normal</key>
        <styleUrl>#icon-1835-FF5252-normal</styleUrl>
      </Pair>
      <Pair>
        <key>highlight</key>
        <styleUrl>#icon-1835-FF5252-highlight</styleUrl>
      </Pair>
    </StyleMap>
    <Style id="icon-1835-FFEA00-labelson-nodesc">
      <IconStyle>
        <color>ff00eaff</color>
        <scale>1</scale>
        <Icon>
          <href>https://www.gstatic.com/mapspro/images/stock/503-wht-blank_maps.png</href>
        </Icon>
      </IconStyle>
      <BalloonStyle>
        <text><![CDATA[<h3>$[name]</h3>]]></text>
      </BalloonStyle>
    </Style>
    <Style id="icon-1882-1A237E-normal">
      <IconStyle>
        <color>ff7e231a</color>
        <scale>1</scale>
        <Icon>
          <href>https://www.gstatic.com/mapspro/images/stock/503-wht-blank_maps.png</href>
        </Icon>
      </IconStyle>
      <LabelStyle>
        <scale>0</scale>
      </LabelStyle>
    </Style>
    <Style id="icon-1882-1A237E-highlight">
      <IconStyle>
        <color>ff7e231a</color>
        <scale>1</scale>
        <Icon>
          <href>https://www.gstatic.com/mapspro/images/stock/503-wht-blank_maps.png</href>
        </Icon>
      </IconStyle>
      <LabelStyle>
        <scale>1</scale>
      </LabelStyle>
    </Style>
    <StyleMap id="icon-1882-1A237E">
      <Pair>
        <key>normal</key>
        <styleUrl>#icon-1882-1A237E-normal</styleUrl>
      </Pair>
      <Pair>
        <key>highlight</key>
        <styleUrl>#icon-1882-1A237E-highlight</styleUrl>
      </Pair>
    </StyleMap>
    <Style id="icon-1882-1A237E-nodesc-normal">
      <IconStyle>
        <color>ff7e231a</color>
        <scale>1</scale>
        <Icon>
          <href>https://www.gstatic.com/mapspro/images/stock/503-wht-blank_maps.png</href>
        </Icon>
      </IconStyle>
      <LabelStyle>
        <scale>0</scale>
      </LabelStyle>
      <BalloonStyle>
        <text><![CDATA[<h3>$[name]</h3>]]></text>
      </BalloonStyle>
    </Style>
    <Style id="icon-1882-1A237E-nodesc-highlight">
      <IconStyle>
        <color>ff7e231a</color>
        <scale>1</scale>
        <Icon>
          <href>https://www.gstatic.com/mapspro/images/stock/503-wht-blank_maps.png</href>
        </Icon>
      </IconStyle>
      <LabelStyle>
        <scale>1</scale>
      </LabelStyle>
      <BalloonStyle>
        <text><![CDATA[<h3>$[name]</h3>]]></text>
      </BalloonStyle>
    </Style>
    <StyleMap id="icon-1882-1A237E-nodesc">
      <Pair>
        <key>normal</key>
        <styleUrl>#icon-1882-1A237E-nodesc-normal</styleUrl>
      </Pair>
      <Pair>
        <key>highlight</key>
        <styleUrl>#icon-1882-1A237E-nodesc-highlight</styleUrl>
      </Pair>
    </StyleMap>
    <Style id="icon-503-FF5252-normal">
      <IconStyle>
        <color>ff5252ff</color>
        <scale>1.1</scale>
        <Icon>
          <href>https://www.gstatic.com/mapspro/images/stock/503-wht-blank_maps.png</href>
        </Icon>
        <hotSpot x="16" xunits="pixels" y="32" yunits="insetPixels"/>
      </IconStyle>
      <LabelStyle>
        <scale>0</scale>
      </LabelStyle>
    </Style>
    <Style id="icon-503-FF5252-highlight">
      <IconStyle>
        <color>ff5252ff</color>
        <scale>1.1</scale>
        <Icon>
          <href>https://www.gstatic.com/mapspro/images/stock/503-wht-blank_maps.png</href>
        </Icon>
        <hotSpot x="16" xunits="pixels" y="32" yunits="insetPixels"/>
      </IconStyle>
      <LabelStyle>
        <scale>1.1</scale>
      </LabelStyle>
    </Style>
    <StyleMap id="icon-503-FF5252">
      <Pair>
        <key>normal</key>
        <styleUrl>#icon-503-FF5252-normal</styleUrl>
      </Pair>
      <Pair>
        <key>highlight</key>
        <styleUrl>#icon-503-FF5252-highlight</styleUrl>
      </Pair>
    </StyleMap>
    <Style id="line-000000-1200-normal">
      <LineStyle>
        <color>ff000000</color>
        <width>1.2</width>
      </LineStyle>
    </Style>
    <Style id="line-000000-1200-highlight">
      <LineStyle>
        <color>ff000000</color>
        <width>1.8</width>
      </LineStyle>
    </Style>
    <StyleMap id="line-000000-1200">
      <Pair>
        <key>normal</key>
        <styleUrl>#line-000000-1200-normal</styleUrl>
      </Pair>
      <Pair>
        <key>highlight</key>
        <styleUrl>#line-000000-1200-highlight</styleUrl>
      </Pair>
    </StyleMap>
    <Style id="line-62AF44-1388-normal">
      <LineStyle>
        <color>ff44af62</color>
        <width>1.388</width>
      </LineStyle>
    </Style>
    <Style id="line-62AF44-1388-highlight">
      <LineStyle>
        <color>ff44af62</color>
        <width>2.082</width>
      </LineStyle>
    </Style>
    <StyleMap id="line-62AF44-1388">
      <Pair>
        <key>normal</key>
        <styleUrl>#line-62AF44-1388-normal</styleUrl>
      </Pair>
      <Pair>
        <key>highlight</key>
        <styleUrl>#line-62AF44-1388-highlight</styleUrl>
      </Pair>
    </StyleMap>
    <Style id="line-62AF44-1581-normal">
      <LineStyle>
        <color>ff44af62</color>
        <width>1.581</width>
      </LineStyle>
    </Style>
    <Style id="line-62AF44-1581-highlight">
      <LineStyle>
        <color>ff44af62</color>
        <width>2.3715</width>
      </LineStyle>
    </Style>
    <StyleMap id="line-62AF44-1581">
      <Pair>
        <key>normal</key>
        <styleUrl>#line-62AF44-1581-normal</styleUrl>
      </Pair>
      <Pair>
        <key>highlight</key>
        <styleUrl>#line-62AF44-1581-highlight</styleUrl>
      </Pair>
    </StyleMap>
    <Style id="line-62AF44-2163-normal">
      <LineStyle>
        <color>ff44af62</color>
        <width>2.163</width>
      </LineStyle>
    </Style>
    <Style id="line-62AF44-2163-highlight">
      <LineStyle>
        <color>ff44af62</color>
        <width>3.2445</width>
      </LineStyle>
    </Style>
    <StyleMap id="line-62AF44-2163">
      <Pair>
        <key>normal</key>
        <styleUrl>#line-62AF44-2163-normal</styleUrl>
      </Pair>
      <Pair>
        <key>highlight</key>
        <styleUrl>#line-62AF44-2163-highlight</styleUrl>
      </Pair>
    </StyleMap>
    <Style id="line-7CB342-5000-normal">
      <LineStyle>
        <color>ff42b37c</color>
        <width>5</width>
      </LineStyle>
    </Style>
    <Style id="line-7CB342-5000-highlight">
      <LineStyle>
        <color>ff42b37c</color>
        <width>7.5</width>
      </LineStyle>
    </Style>
    <StyleMap id="line-7CB342-5000">
      <Pair>
        <key>normal</key>
        <styleUrl>#line-7CB342-5000-normal</styleUrl>
      </Pair>
      <Pair>
        <key>highlight</key>
        <styleUrl>#line-7CB342-5000-highlight</styleUrl>
      </Pair>
    </StyleMap>
    <Folder>
      <name>Filming Sites Across Tokyo</name>
      <Placemark>
        <name>Hotel New Otani</name>
        <description><![CDATA['YOU ONLY LIVE TWICE' (1967) - Osato Chemicals exterior]]></description>
        <styleUrl>#icon-1739-C6A4CF-labelson</styleUrl>
        <Point>
          <coordinates>
            139.734318,35.680922,0
          </coordinates>
        </Point>
      </Placemark>
      <Placemark>
        <name>Park Hyatt Tokyo</name>
        <description><![CDATA['LOST IN TRANSLATION' (2003) - Bob & Charlotte's hotel]]></description>
        <styleUrl>#icon-1739-C6A4CF-labelson</styleUrl>
        <Point>
          <coordinates>
            139.69062,35.685583,0
          </coordinates>
        </Point>
      </Placemark>
      <Placemark>
        <name>Air Nightclub</name>
        <description><![CDATA['LOST IN TRANSLATION' (2003) - Bob, Charlotte & friends party here]]></description>
        <styleUrl>#icon-1739-C6A4CF-labelson</styleUrl>
        <Point>
          <coordinates>
            139.7045,35.6533,0
          </coordinates>
        </Point>
      </Placemark>
      <Placemark>
        <name>Shibuya Crossing</name>
        <description><![CDATA['LOST IN TRANSLATION' (2003), BABEL (2004), THE FAST & THE FURIOUS: TOKYO DRIFT (2006)]]></description>
        <styleUrl>#icon-1739-C6A4CF-labelson</styleUrl>
        <Point>
          <coordinates>
            139.700593,35.659058,0
          </coordinates>
        </Point>
      </Placemark>
      <Placemark>
        <name>Karaoke-kan</name>
        <description><![CDATA['LOST IN TRANSLATION' (2003) - Bob sings 'More Than This' by Roxy Music in rooms 601 and 602]]></description>
        <styleUrl>#icon-1739-C6A4CF-labelson</styleUrl>
        <Point>
          <coordinates>
            139.698139,35.660831,0
          </coordinates>
        </Point>
      </Placemark>
      <Placemark>
        <name>Shabuzen</name>
        <description><![CDATA['LOST IN TRANSLATION' (2003) - Bob & Charlotte go for yaki-niku]]></description>
        <styleUrl>#icon-1739-C6A4CF-labelson</styleUrl>
        <Point>
          <coordinates>
            139.694702,35.663315,0
          </coordinates>
        </Point>
      </Placemark>
      <Placemark>
        <name>Rainbow Bridge</name>
        <description><![CDATA['LOST IN TRANSLATION' (2003) & Kill Bill: Volume I (2004)]]></description>
        <styleUrl>#icon-1739-C6A4CF-labelson</styleUrl>
        <Point>
          <coordinates>
            139.763144,35.636564,0
          </coordinates>
        </Point>
      </Placemark>
      <Placemark>
        <name>Ichikan Sushi Restaurant</name>
        <description><![CDATA['LOST IN TRANSLATION' (2003) - Bob & Charlotte have lunch]]></description>
        <styleUrl>#icon-1739-C6A4CF-labelson</styleUrl>
        <Point>
          <coordinates>
            139.704787,35.651465,0
          </coordinates>
        </Point>
      </Placemark>
      <Placemark>
        <name>Shinagawa Station</name>
        <description><![CDATA['GODZILLA' (1956) - destroyed by Godzilla]]></description>
        <styleUrl>#icon-1739-C6A4CF-labelson</styleUrl>
        <Point>
          <coordinates>
            139.74044,35.630152,0
          </coordinates>
        </Point>
      </Placemark>
      <Placemark>
        <name>A.P.C. Underground clothing store</name>
        <description><![CDATA['LOST IN TRANSLATION' (2003)]]></description>
        <styleUrl>#icon-1739-C6A4CF-labelson</styleUrl>
        <Point>
          <coordinates>
            139.707544,35.669713,0
          </coordinates>
        </Point>
      </Placemark>
      <Placemark>
        <name>Yasukuni Dori</name>
        <description><![CDATA['KILL BILL: VOLUME I' (2003), 'INTO THE SUN' (2005), 'THE WOLVERINE' (2013) - the classic neon Tokyo scenes whilst driving along this road]]></description>
        <styleUrl>#icon-1739-C6A4CF-labelson</styleUrl>
        <Point>
          <coordinates>
            139.702032,35.693436,0
          </coordinates>
        </Point>
      </Placemark>
      <Placemark>
        <name>J-Pop Cafe</name>
        <description><![CDATA['BABEL' (2004) - Chieko shows a boy "the hairy monster"]]></description>
        <styleUrl>#icon-1739-C6A4CF-labelson</styleUrl>
        <Point>
          <coordinates>
            139.699108,35.659928,0
          </coordinates>
        </Point>
      </Placemark>
      <Placemark>
        <name>Womb Nightclub</name>
        <description><![CDATA['BABEL' (2004) - Chieko & friends party at this club]]></description>
        <styleUrl>#icon-1739-C6A4CF-labelson</styleUrl>
        <Point>
          <coordinates>
            139.695026,35.6584,0
          </coordinates>
        </Point>
      </Placemark>
      <Placemark>
        <name>Matsuzakaya Department store</name>
        <description><![CDATA['GODZILLA' (1956) - Godzilla destroys it]]></description>
        <styleUrl>#icon-1739-C6A4CF-labelson</styleUrl>
        <Point>
          <coordinates>
            139.764095,35.669881,0
          </coordinates>
        </Point>
      </Placemark>
      <Placemark>
        <name>Wako Department store</name>
        <description><![CDATA['GODZILLA' (1956) & 'WASABI' (2000) - Godzilla destroys it]]></description>
        <styleUrl>#icon-1739-C6A4CF-labelson</styleUrl>
        <Point>
          <coordinates>
            139.765022,35.671613,0
          </coordinates>
        </Point>
      </Placemark>
      <Placemark>
        <name>National Diet Building</name>
        <description><![CDATA['GODZILLA' (1956) - Godzilla destroys it]]></description>
        <styleUrl>#icon-1739-C6A4CF-labelson</styleUrl>
        <Point>
          <coordinates>
            139.744858,35.675888,0
          </coordinates>
        </Point>
      </Placemark>
      <Placemark>
        <name>New Marion Building</name>
        <description><![CDATA['GODZILLA' (1956) - Godzilla destroys it]]></description>
        <styleUrl>#icon-1739-C6A4CF-labelson</styleUrl>
        <Point>
          <coordinates>
            139.697597,35.687146,0
          </coordinates>
        </Point>
      </Placemark>
      <Placemark>
        <name>Kachidoki Bridge</name>
        <description><![CDATA['GODZILLA' (1956)  <br>Details at http://tokyofox.wordpress.com/2011/12/04/tokyo-filming-locations-pt-v-godzilla-updated/]]></description>
        <styleUrl>#icon-1739-C6A4CF-labelson</styleUrl>
        <Point>
          <coordinates>
            139.775053,35.657299,0
          </coordinates>
        </Point>
      </Placemark>
      <Placemark>
        <name>Toho Studios</name>
        <description><![CDATA['GODZILLA' (1956) - huge Godzilla statue outside the studios]]></description>
        <styleUrl>#icon-1739-C6A4CF-labelson</styleUrl>
        <Point>
          <coordinates>
            139.605208,35.633407,0
          </coordinates>
        </Point>
      </Placemark>
      <Placemark>
        <name>Zōjō-ji Temple</name>
        <description><![CDATA['THE WOLVERINE' (2013) & 'INTO THE SUN' (2005) - funeral scene & meeting with bad guys!]]></description>
        <styleUrl>#icon-1739-C6A4CF-labelson</styleUrl>
        <Point>
          <coordinates>
            139.748208,35.657424,0
          </coordinates>
        </Point>
      </Placemark>
      <Placemark>
        <name>Jougan-ji Temple</name>
        <description><![CDATA['LOST IN TRANSLATION' (2003) - Charlotte visits here in the rain]]></description>
        <styleUrl>#icon-1739-C6A4CF-labelson</styleUrl>
        <Point>
          <coordinates>
            139.681643,35.693756,0
          </coordinates>
        </Point>
      </Placemark>
      <Placemark>
        <name>Tokyo Tower</name>
        <description><![CDATA['THE TOXIC AVENGER PART II' (1989)  & 'INTO THE SUN' (2005)]]></description>
        <styleUrl>#icon-1739-C6A4CF-labelson</styleUrl>
        <Point>
          <coordinates>
            139.745433,35.65858,0
          </coordinates>
        </Point>
      </Placemark>
      <Placemark>
        <name>Sumiyoshi Jinja</name>
        <description><![CDATA['THE TOXIC AVENGER PART II' (1989) - the fisherman's shrine]]></description>
        <styleUrl>#icon-1739-C6A4CF-labelson</styleUrl>
        <Point>
          <coordinates>
            139.783333,35.668001,0
          </coordinates>
        </Point>
      </Placemark>
      <Placemark>
        <name>Mori-inari jinja shrine</name>
        <description><![CDATA['THE TOXIC AVENGER PART II' (1989) - Lots of slapstick fighting outside this shrine]]></description>
        <styleUrl>#icon-1739-C6A4CF-labelson</styleUrl>
        <Point>
          <coordinates>
            139.782786,35.666554,0
          </coordinates>
        </Point>
      </Placemark>
      <Placemark>
        <name>Tenyasu Tsukudani</name>
        <description><![CDATA['THE TOXIC AVENGER PART II' (1989)]]></description>
        <styleUrl>#icon-1739-C6A4CF-labelson</styleUrl>
        <Point>
          <coordinates>
            139.782272,35.667612,0
          </coordinates>
        </Point>
      </Placemark>
      <Placemark>
        <name>Nakagin Capsule Tower</name>
        <description><![CDATA['THE WOLVERINE' (2013) - The "Hiroshima Love Hotel"]]></description>
        <styleUrl>#icon-1739-C6A4CF-labelson</styleUrl>
        <Point>
          <coordinates>
            139.762562,35.667955,0
          </coordinates>
        </Point>
      </Placemark>
      <Placemark>
        <name><![CDATA[Big Apple Slot & Pachinko]]></name>
        <description><![CDATA['THE WOLVERINE' (2013) - Pachinko Parlour where Logan & Mariko hide out]]></description>
        <styleUrl>#icon-1739-C6A4CF-labelson</styleUrl>
        <Point>
          <coordinates>
            139.771454,35.697444,0
          </coordinates>
        </Point>
      </Placemark>
      <Placemark>
        <name>Ueno Station</name>
        <description><![CDATA['THE WOLVERINE' (2013) - Logan & Mariko take a bullet train]]></description>
        <styleUrl>#icon-1739-C6A4CF-labelson</styleUrl>
        <Point>
          <coordinates>
            139.777254,35.713768,0
          </coordinates>
        </Point>
      </Placemark>
      <Placemark>
        <name>Adidas Futsal Park Shibuya</name>
        <description><![CDATA['THE FAST & THE FURIOUS: TOKYO DRIFT (2006)]]></description>
        <styleUrl>#icon-1739-C6A4CF-labelson</styleUrl>
        <Point>
          <coordinates>
            139.70086,35.658708,0
          </coordinates>
        </Point>
      </Placemark>
      <Placemark>
        <name>Hachijō-kojima</name>
        <description><![CDATA['BATTLE ROYALE' (2000)]]></description>
        <styleUrl>#icon-1739-C6A4CF-labelson</styleUrl>
        <Point>
          <coordinates>
            139.7,33.116667,0
          </coordinates>
        </Point>
      </Placemark>
    </Folder>
    <Folder>
      <name>Textbook Specific Film Sites</name>
      <Placemark>
        <name>Tama River Area (Adrift in Tokyo)</name>
        <description>Adrift in Tokyo (Satoshi Miki) Popular location for walking scenes in the film.</description>
        <styleUrl>#icon-1727-673AB7-labelson</styleUrl>
        <Point>
          <coordinates>
            139.6311827,35.6191748,0
          </coordinates>
        </Point>
      </Placemark>
      <Placemark>
        <name>Tokyo Station (Aggtesuko)</name>
        <description>Aggretsuko (Rareko) Shibuya – Many city shots are inspired by the Shibuya area.</description>
        <styleUrl>#icon-1727-673AB7-labelson</styleUrl>
        <Point>
          <coordinates>
            139.7658469,35.6818718,0
          </coordinates>
        </Point>
      </Placemark>
      <Placemark>
        <name>Roppongi Hills Mori Tower (Tokyo Drift)</name>
        <description>Fast and Furious: Tokyo Drift (Justin Lin)</description>
        <styleUrl>#icon-1727-673AB7-labelson</styleUrl>
        <Point>
          <coordinates>
            139.7292066,35.6607345,0
          </coordinates>
        </Point>
      </Placemark>
      <Placemark>
        <name>Kabukicho, Shinjuku</name>
        <description>First Love (Takashi Miike) A significant portion of the film takes place in this entertainment district.</description>
        <styleUrl>#icon-1727-673AB7-labelson</styleUrl>
        <Point>
          <coordinates>
            139.7007103,35.6947405,0
          </coordinates>
        </Point>
      </Placemark>
      <Placemark>
        <name>Tokyo Tower (Godzilla and others)</name>
        <description><![CDATA[Godzilla Minus One (2023, Takashi Yamazaki)<br>And Godzilla Statue!]]></description>
        <styleUrl>#icon-1727-673AB7-labelson</styleUrl>
        <Point>
          <coordinates>
            139.745484,35.6585696,0
          </coordinates>
        </Point>
      </Placemark>
      <Placemark>
        <name>Godzilla Square!</name>
        <styleUrl>#icon-1727-673AB7-labelson-nodesc</styleUrl>
        <Point>
          <coordinates>
            139.7599204,35.6730915,0
          </coordinates>
        </Point>
      </Placemark>
      <Placemark>
        <name>Shinjuku Omoide Yokocho (Midnight Diner)</name>
        <description>The alleyways in Midnight Diner are very similar to the ones found in Omoide Yokocho, a small, narrow street filled with small restaurants serving classic Japanese dishes. This is a common setting for intimate late-night meals, reflecting the tone of the series.</description>
        <styleUrl>#icon-1727-673AB7-labelson</styleUrl>
        <Point>
          <coordinates>
            139.6975192,35.6917377,0
          </coordinates>
        </Point>
      </Placemark>
      <Placemark>
        <name>Jindaiji Temple (Adrift in Tokyo)</name>
        <description>This ancient temple, one of Tokyo’s oldest, is featured in Adrift in Tokyo.</description>
        <styleUrl>#icon-1727-673AB7-labelson</styleUrl>
        <Point>
          <coordinates>
            139.5503942,35.6675048,0
          </coordinates>
        </Point>
      </Placemark>
      <Placemark>
        <name>Rikkyo University (Tokyo Ghoul)</name>
        <description><![CDATA[Rikkyo University (Kamii University)<br>The real-life inspiration for Kamii University, where Kaneki and Hide attend.]]></description>
        <styleUrl>#icon-1727-673AB7-labelson</styleUrl>
        <Point>
          <coordinates>
            139.702509,35.7305152,0
          </coordinates>
        </Point>
      </Placemark>
      <Placemark>
        <name>Shinjuku Station East Exit Smoking Area (Tokyo Ghoul)</name>
        <description><![CDATA[Shinjuku Station East Exit<br>This busy hub features in a key scene when Kaneki goes to meet Touka.]]></description>
        <styleUrl>#icon-1727-673AB7-labelson</styleUrl>
        <Point>
          <coordinates>
            139.7007164,35.6922643,0
          </coordinates>
        </Point>
      </Placemark>
      <Placemark>
        <name>Kabukichō (Tokyo Ghoul)</name>
        <description><![CDATA[Kabukicho Crossing<br>Known as the nightlife district of Shinjuku, Kabukicho features in multiple scenes of Tokyo Ghoul.]]></description>
        <styleUrl>#icon-1727-673AB7-labelson</styleUrl>
        <Point>
          <coordinates>
            139.7019065,35.6936049,0
          </coordinates>
        </Point>
      </Placemark>
      <Placemark>
        <name>Yotsuya Station (Your Name)</name>
        <description>Featured multiple times in the film, this station is near many key locations.</description>
        <styleUrl>#icon-1727-673AB7-labelson</styleUrl>
        <Point>
          <coordinates>
            139.7302183,35.6861525,0
          </coordinates>
        </Point>
      </Placemark>
      <Placemark>
        <name>Takeshita Street Entrance Arch (Harajuku Station) (JJK)</name>
        <description>Another key spot in Jujutsu Kaisen, where the trio meets Nobara.</description>
        <styleUrl>#icon-1727-673AB7-labelson</styleUrl>
        <Point>
          <coordinates>
            139.7032327,35.6715743,0
          </coordinates>
        </Point>
      </Placemark>
      <Placemark>
        <name>Harajuku Station (JJK)</name>
        <description>A prominent location in Jujutsu Kaisen, where Itadori, Fushiguro, and Gojo meet.</description>
        <styleUrl>#icon-1727-673AB7-labelson</styleUrl>
        <Point>
          <coordinates>
            139.7029143,35.671599,0
          </coordinates>
        </Point>
      </Placemark>
      <Placemark>
        <name>Edo-Tokyo Open Air Architectural Museum (Spirited Away) (Samurai) (Edo)</name>
        <description>The museum inspired the bathhouse in Spirited Away.</description>
        <styleUrl>#icon-1727-673AB7-labelson</styleUrl>
        <Point>
          <coordinates>
            139.5125434,35.7155722,0
          </coordinates>
        </Point>
      </Placemark>
      <Placemark>
        <name>Adachi City (Shoplifters)</name>
        <description>The film captures the quieter, more suburban neighborhoods of Tokyo.</description>
        <styleUrl>#icon-1727-673AB7-labelson</styleUrl>
        <Point>
          <coordinates>
            139.8044129,35.775017,0
          </coordinates>
        </Point>
      </Placemark>
      <Placemark>
        <name>Tokyo Station (First Ward)</name>
        <description><![CDATA[The 1st Ward is where the CCG Main Office is located, and it serves as the headquarters for anti-Ghoul operations. It’s based on Chiyoda, home to major governmental buildings and Tokyo Station.<br>Notable Spot: Tokyo Station, a historic station with modern vibes, representing the CCG's power and influence.]]></description>
        <styleUrl>#icon-1727-673AB7-labelson</styleUrl>
        <Point>
          <coordinates>
            139.7671248,35.6812362,0
          </coordinates>
        </Point>
      </Placemark>
      <Placemark>
        <name>Roppongi (3rd Ward)</name>
        <description><![CDATA[Description: The 3rd Ward features Roppongi, a famous nightlife district and key location in Tokyo Ghoul where Kaneki and Rize go on their fateful date.<br>Notable Spot: Roppongi Hills, known for its luxury shopping and skyline views, including a perfect view of Tokyo Tower at night.]]></description>
        <styleUrl>#icon-1727-673AB7-labelson</styleUrl>
        <Point>
          <coordinates>
            139.7345469,35.6618586,0
          </coordinates>
        </Point>
      </Placemark>
      <Placemark>
        <name>Tokyo Skytree (6th Ward)</name>
        <description><![CDATA[Description: In Tokyo Ghoul, the 6th Ward is known for its high-tech vibe, which is mirrored by Taitō’s Tokyo Skytree, the tallest tower in Japan, representing a modern and futuristic Tokyo.<br>Notable Spot: Tokyo Skytree — a great spot for viewing Tokyo’s cityscape and tying in the "Neo-Tokyo" feel.]]></description>
        <styleUrl>#icon-1727-673AB7-labelson</styleUrl>
        <Point>
          <coordinates>
            139.8107004,35.7100627,0
          </coordinates>
        </Point>
      </Placemark>
      <Placemark>
        <name>Tokyo Metropolitan Government Building (JJK)</name>
        <description>Description: This towering building, located in Shinjuku, appears in Jujutsu Kaisen and is an iconic structure in Tokyo. It’s featured when major city-wide incidents unfold in the series.</description>
        <styleUrl>#icon-1727-673AB7-labelson</styleUrl>
        <Point>
          <coordinates>
            139.6916863,35.6894807,0
          </coordinates>
        </Point>
      </Placemark>
      <Placemark>
        <name>Aoyama Cemetery (JJK)</name>
        <description>Description: This location serves as the setting for darker moments in Jujutsu Kaisen. Aoyama Cemetery, known for its peaceful setting amidst the city, provides the backdrop for eerie scenes in the show.</description>
        <styleUrl>#icon-1727-673AB7-labelson</styleUrl>
        <Point>
          <coordinates>
            139.7220659,35.6656277,0
          </coordinates>
        </Point>
      </Placemark>
      <Placemark>
        <name>Senkaku Junction (JJK)</name>
        <description>Description: The multi-level highway junction is used for intense fight sequences in Jujutsu Kaisen. Its twisting roads provide a unique urban battle setting.</description>
        <styleUrl>#icon-1727-673AB7-labelson</styleUrl>
        <Point>
          <coordinates>
            139.6963802,35.6916719,0
          </coordinates>
        </Point>
      </Placemark>
      <Placemark>
        <name>Yoyogi National Gymnasium (JJK)</name>
        <description>Description: This landmark appears during the events of the series, representing a key battle arena.</description>
        <styleUrl>#icon-1727-673AB7-labelson</styleUrl>
        <Point>
          <coordinates>
            139.7001458,35.6676472,0
          </coordinates>
        </Point>
      </Placemark>
      <Placemark>
        <name>Hotel Gajoen Tokyo (Sprited Away)</name>
        <description><![CDATA[Hotel Gajoen in Tokyo is believed to have inspired the design of the bathhouse in Spirited Away. Known as one of Tokyo's "Museum Hotels," the hotel features stunning, traditional Japanese architecture with lavish interior designs, ornate rooms, and unique artistic displays, closely resembling the detailed design of the bathhouse in the film.]]></description>
        <styleUrl>#icon-1727-673AB7-labelson</styleUrl>
        <Point>
          <coordinates>
            139.7137936,35.6317881,0
          </coordinates>
        </Point>
      </Placemark>
      <Placemark>
        <name>NTV Big Clock designed by Hayao Miyazaki</name>
        <description>Description: A giant mechanical clock designed by Hayao Miyazaki himself, this Ghibli-themed clock is located outside Nippon Television Tower in Shiodome. Every hour, the clock comes alive with a whimsical performance.</description>
        <styleUrl>#icon-1727-673AB7-labelson</styleUrl>
        <Point>
          <coordinates>
            139.7599544,35.6641255,0
          </coordinates>
        </Point>
      </Placemark>
      <Placemark>
        <name>Suga Shrine (Your Name)</name>
        <description>The staircase where the characters meet in Your Name is located near Suga Shrine in Yotsuya, Tokyo. This spot has become a pilgrimage site for fans of the movie.</description>
        <styleUrl>#icon-1727-673AB7-labelson</styleUrl>
        <Point>
          <coordinates>
            139.7224783,35.6852851,0
          </coordinates>
        </Point>
      </Placemark>
      <Placemark>
        <name>Asukayama Park (Spirited Away)</name>
        <description>Old anime style yellow bus that can be used for scene recreations.</description>
        <styleUrl>#icon-1727-673AB7-labelson</styleUrl>
        <Point>
          <coordinates>
            139.7388228,35.7504718,0
          </coordinates>
        </Point>
      </Placemark>
      <Placemark>
        <name>Tamagawa Aqueduct Greenway (Garden of Words)</name>
        <description>Scene: The shaded pathways of the Tamagawa Aqueduct serve as the setting for reflective walks in The Garden of Words.</description>
        <styleUrl>#icon-1727-673AB7-labelson</styleUrl>
        <Point>
          <coordinates>
            139.6631049,35.67116,0
          </coordinates>
        </Point>
      </Placemark>
      <Placemark>
        <name>Nakano Broadway (Steins;gate)</name>
        <description>Scene Description: Nakano Broadway is a hidden gem often featured for its retro shops and otaku culture. In Steins;Gate, it reflects the world of collectors and enthusiasts.</description>
        <styleUrl>#icon-1727-673AB7-labelson</styleUrl>
        <Point>
          <coordinates>
            139.6656524,35.7092475,0
          </coordinates>
        </Point>
      </Placemark>
      <Placemark>
        <name>Shinanomachi Station (Your Name)</name>
        <styleUrl>#icon-1727-673AB7-labelson-nodesc</styleUrl>
        <Point>
          <coordinates>
            139.7203199,35.6800602,0
          </coordinates>
        </Point>
      </Placemark>
      <Placemark>
        <name>Rainbow Bridge (Weathering With You)</name>
        <styleUrl>#icon-1727-673AB7-labelson-nodesc</styleUrl>
        <Point>
          <coordinates>
            139.7631443,35.6365639,0
          </coordinates>
        </Point>
      </Placemark>
      <Placemark>
        <name>Shinobazu Pond (5 Centimeters Per Second)</name>
        <styleUrl>#icon-1727-673AB7-labelson-nodesc</styleUrl>
        <Point>
          <coordinates>
            139.770865,35.7114629,0
          </coordinates>
        </Point>
      </Placemark>
    </Folder>
    <Folder>
      <name>Speakeasies, Breweries, and Members Only</name>
      <Placemark>
        <name>JANAI COFFEE</name>
        <styleUrl>#icon-1798-F57C00-nodesc</styleUrl>
        <Point>
          <coordinates>
            139.7073496,35.6455592,0
          </coordinates>
        </Point>
      </Placemark>
      <Placemark>
        <name>A10</name>
        <styleUrl>#icon-1798-F57C00-nodesc</styleUrl>
        <Point>
          <coordinates>
            139.7073511,35.6473325,0
          </coordinates>
        </Point>
      </Placemark>
      <Placemark>
        <name>igu＆peace</name>
        <styleUrl>#icon-1798-F57C00-nodesc</styleUrl>
        <Point>
          <coordinates>
            139.6995074,35.6580228,0
          </coordinates>
        </Point>
      </Placemark>
      <Placemark>
        <name>MOSS</name>
        <styleUrl>#icon-1798-F57C00-nodesc</styleUrl>
        <Point>
          <coordinates>
            139.6698264,35.6457921,0
          </coordinates>
        </Point>
      </Placemark>
      <Placemark>
        <name>No Room For Squares</name>
        <styleUrl>#icon-1798-F57C00-nodesc</styleUrl>
        <Point>
          <coordinates>
            139.6676007,35.6591442,0
          </coordinates>
        </Point>
      </Placemark>
      <Placemark>
        <name>Bar Benfiddich</name>
        <description>Located in Shinjuku, this speakeasy is known for its unique cocktails made using herbs and spices sourced from around the world.</description>
        <styleUrl>#icon-1798-F57C00</styleUrl>
        <Point>
          <coordinates>
            139.6966117,35.6894823,0
          </coordinates>
        </Point>
      </Placemark>
      <Placemark>
        <name>Gen Yamamoto</name>
        <description>This elegant speakeasy in Azabu-Juban is all about the art of the cocktail. Each drink is crafted with precision and care using only the freshest ingredients.</description>
        <styleUrl>#icon-1798-F57C00</styleUrl>
        <Point>
          <coordinates>
            139.7342623,35.6564878,0
          </coordinates>
        </Point>
      </Placemark>
      <Placemark>
        <name>Bar TRENCH</name>
        <styleUrl>#icon-1798-F57C00-nodesc</styleUrl>
        <Point>
          <coordinates>
            139.707951,35.648418,0
          </coordinates>
        </Point>
      </Placemark>
      <Placemark>
        <name>Rooftop Bar Andaz Tokyo Toranomon Hills</name>
        <styleUrl>#icon-1798-F57C00-nodesc</styleUrl>
        <Point>
          <coordinates>
            139.7493926,35.6668835,0
          </coordinates>
        </Point>
      </Placemark>
      <Placemark>
        <name>APOLLO BAR GINZA</name>
        <description>Incredible whiskey selection, and a very gracious host. Don’t expect much English (you are in Japan, so you should not expect it), and like all small specialty bars, there is a small cover charge; however the host is gracious and we spent hours speaking about samurai films, whiskey, and music. Did I mention the whiskey selection is amazing?</description>
        <styleUrl>#icon-1798-F57C00</styleUrl>
        <Point>
          <coordinates>
            139.7595177,35.6697749,0
          </coordinates>
        </Point>
      </Placemark>
      <Placemark>
        <name>Sawanoi - Ozawa brewery</name>
        <description>Great spot for a quiet day in Ome. Easy walk from Sawai Station and right on the river, so you actually get scenery while you drink. The tastings are cheap and good, and you keep the little cup. Tours fill up fast and are only in Japanese, but the staff is helpful and the whole place is relaxed. If you’re already doing the valley or the river walk, stopping here is worth it.</description>
        <styleUrl>#icon-1798-9C27B0</styleUrl>
        <Point>
          <coordinates>
            139.1934763,35.8047969,0
          </coordinates>
        </Point>
      </Placemark>
      <Placemark>
        <name>Suntory Yamazaki Distillery</name>
        <styleUrl>#icon-1798-9C27B0-nodesc</styleUrl>
        <Point>
          <coordinates>
            135.6744508,34.8924574,0
          </coordinates>
        </Point>
      </Placemark>
      <Placemark>
        <name>Matsui Sake Brewery</name>
        <styleUrl>#icon-1798-9C27B0-nodesc</styleUrl>
        <Point>
          <coordinates>
            135.7735,35.025425,0
          </coordinates>
        </Point>
      </Placemark>
      <Placemark>
        <name>Bar Alchemist</name>
        <styleUrl>#icon-1798-F57C00-nodesc</styleUrl>
        <Point>
          <coordinates>
            135.7709675,35.0040467,0
          </coordinates>
        </Point>
      </Placemark>
      <Placemark>
        <name>BEE’S KNEES</name>
        <styleUrl>#icon-1798-F57C00-nodesc</styleUrl>
        <Point>
          <coordinates>
            135.7702976,35.005012,0
          </coordinates>
        </Point>
      </Placemark>
      <Placemark>
        <name>Ide Sake Brewery</name>
        <styleUrl>#icon-1798-9C27B0-nodesc</styleUrl>
        <Point>
          <coordinates>
            138.7656011,35.5020647,0
          </coordinates>
        </Point>
      </Placemark>
      <Placemark>
        <name><![CDATA[BAR Willow's]]></name>
        <description>Incredibly attentive bartender with clear, careful English and a real sense of hospitality. This has become a regular stop for me in Tokyo and I end up here multiple times every trip. Quiet, small, and easy to relax in, even though it sits above a row of louder bars. Cocktails are precise, the Moscow mule and martini in particular, and the light food works well if you stay for a few rounds. There is a table charge and you pay for hand–carved ice and mineral water, but the prices make sense for the level of service. If you want a calm bar where you are actually looked after, this is worth paying for.</description>
        <styleUrl>#icon-1798-F57C00</styleUrl>
        <Point>
          <coordinates>
            139.7725963,35.7082581,0
          </coordinates>
        </Point>
      </Placemark>
    </Folder>
    <Folder>
      <name>Food</name>
      <Placemark>
        <name>Benitsuru</name>
        <description>FLUFFY Pancakes—a pancake shop that perfectly balances salt and sweetness in its pancakes, making it a representative sweets store for those sightseeing in Asakusa.</description>
        <styleUrl>#icon-1577-FFEA00-labelson</styleUrl>
        <Point>
          <coordinates>
            139.7918882,35.7119914,0
          </coordinates>
        </Point>
      </Placemark>
      <Placemark>
        <name>Kanda Yabu Soba</name>
        <description>a favorite of mine; a soba restaurant renowned for its traditional Edo-style noodles. The restaurant, rebuilt following a fire, continues to serve various soba dishes, including the Kamo-san ban soba featuring thick slices of duck and the ten-seiro soba paired with crispy shrimp.</description>
        <styleUrl>#icon-1640-FFEA00-labelson</styleUrl>
        <Point>
          <coordinates>
            139.7686863,35.6970004,0
          </coordinates>
        </Point>
      </Placemark>
      <Placemark>
        <name><![CDATA[KEY'S CAFÉ 秋葉原SEEKBASE店]]></name>
        <description>A coffee shop within walking distance in Akihabara with wifi and good group seating. Open early and is a good place to study. </description>
        <styleUrl>#icon-1534-FFEA00-labelson</styleUrl>
        <Point>
          <coordinates>
            139.7734777,35.7013398,0
          </coordinates>
        </Point>
      </Placemark>
      <Placemark>
        <name>Himuka Shokudo</name>
        <description><![CDATA[Shokudo (食堂, shokudō) are casual restaurants or cafeterias that serve a variety of inexpensive Japanese dishes. Many of them are mom-and-pop, hole-in-the-wall type restaurants where the locals eat. They are numerous across Japan in urban centers and on the countryside. <br><br>A meal at a shokudo usually cost around 800 to 1500 yen. ]]></description>
        <styleUrl>#icon-1577-FFEA00-labelson</styleUrl>
        <Point>
          <coordinates>
            139.7713926,35.7023996,0
          </coordinates>
        </Point>
      </Placemark>
      <Placemark>
        <name>Suzukien Asakusa</name>
        <description><![CDATA[the world's richest matcha gelato with seven intensity levels, catering to matcha newcomers and aficionados. Established through a collaboration between Suzukien, a historic tea shop from 1853, and Nanaya, a matcha sweets factory, this venue is a must-visit for its unique range of matcha gelato flavors.]]></description>
        <styleUrl>#icon-1577-FFEA00-labelson</styleUrl>
        <Point>
          <coordinates>
            139.7969391,35.7163436,0
          </coordinates>
        </Point>
      </Placemark>
      <Placemark>
        <name>Tesshin</name>
        <description>teppanyaki, particularly featuring premium Kuroge Wagyu beef. Their signature dish is the Kuroge Wagyu Steak, priced at 1,380 JPY plus tax, seasoned with salt, kombu, and wasabi, offering a quintessential Japanese flavor profile.</description>
        <styleUrl>#icon-1553-FFEA00-labelson</styleUrl>
        <Point>
          <coordinates>
            139.7067632,35.6913441,0
          </coordinates>
        </Point>
      </Placemark>
      <Placemark>
        <name>Yakiniku King</name>
        <description><![CDATA[A top-rated all-you-can-eat Yakiniku restaurant in Tokyo, Yakiniku King specializes in Japanese BBQ and offers a wide selection of meats for grilling. It's known for its quality, variety, and value, making it a must-visit for meat lovers. In 2022, it beat other well-known chains like Gyu-Kaku to rank as the number one Yakiniku spot. The restaurant also caters to tourists with English touchscreen menus.]]></description>
        <styleUrl>#icon-1553-FFEA00-labelson</styleUrl>
        <Point>
          <coordinates>
            139.7929484,35.7123703,0
          </coordinates>
        </Point>
      </Placemark>
      <Placemark>
        <name>Fruits Parlor Gotō</name>
        <description><![CDATA[—café with sweet fruit parfaits near the old Hanayashiki amusement park. The menu, which changes seasonally, features delights such as grape and melon parfaits during summer, alongside other sweets like pancakes, kakigori shaved ice, and ice cream. It's a perfect spot for those seeking seasonal fruit desserts.]]></description>
        <styleUrl>#icon-1607-FFEA00-labelson</styleUrl>
        <Point>
          <coordinates>
            139.7938062,35.7157529,0
          </coordinates>
        </Point>
      </Placemark>
      <Placemark>
        <name>Buta-Daigaku Shimbashi</name>
        <description>—Known for its pork bowls, which cost approximately 600 Yen for a small size, this is a must-visit for savory pork bowl lovers. It is located near Shibuya.</description>
        <styleUrl>#icon-1577-FFEA00-labelson</styleUrl>
        <Point>
          <coordinates>
            139.7569785,35.6663124,0
          </coordinates>
        </Point>
      </Placemark>
      <Placemark>
        <name>Ginza Kagari - Soba</name>
        <description><![CDATA[— (Prepare to wait) famous for its sophisticated take on chicken ramen. The restaurant's signature dish, tori-paitan, features a creamy, rich broth derived from chicken, which provides a velvety texture and deep flavor.]]></description>
        <styleUrl>#icon-1640-FFEA00-labelson</styleUrl>
        <Point>
          <coordinates>
            139.7613736,35.6712211,0
          </coordinates>
        </Point>
      </Placemark>
      <Placemark>
        <name>Hobo Shinjuku Norengai</name>
        <description><![CDATA[located a short 6-minute walk from Odakyu Shinjuku Station or Minami-Shinjuku Station, offers a collection of restaurants housed in traditional Japanese houses. This area provides a more classic and atmospheric dining experience compared to the modern establishments around Shinjuku Station. The term "Noren-gai" translates to "shop curtain town close to Shinjuku," referring to the traditional curtain (noren) that signifies an open shop. These 8 renovated old folk houses host a variety of dining options, not limited to Japanese cuisine.]]></description>
        <styleUrl>#icon-1577-FFEA00-labelson</styleUrl>
        <Point>
          <coordinates>
            139.7033933,35.6830213,0
          </coordinates>
        </Point>
      </Placemark>
      <Placemark>
        <name>Soba House Konjiki-Hototogisu</name>
        <description>—(Prepare to wait) a ramen restaurant in Shinjuku, Tokyo, celebrated for its unique and sophisticated flavors. Awarded a Michelin star in 2018, this ramen establishment is renowned for its shoyu soba.</description>
        <styleUrl>#icon-1640-FFEA00-labelson</styleUrl>
        <Point>
          <coordinates>
            139.7082917,35.6887843,0
          </coordinates>
        </Point>
      </Placemark>
      <Placemark>
        <name>Ramen Sugimoto</name>
        <description>—(Prepare to wait) ramen shop located in Nakano, Tokyo. This shop offers a unique ramen experience that both locals and visitors highly praise. The restaurant is known for its special shio (salt) ramen, which includes a generous topping of chashu pork, a perfectly cooked egg, and homemade wontons.</description>
        <styleUrl>#icon-1640-FFEA00-labelson</styleUrl>
        <Point>
          <coordinates>
            139.5153279,35.5502952,0
          </coordinates>
        </Point>
      </Placemark>
      <Placemark>
        <name>Shiro-Hige’s Cream Puff Factory</name>
        <description>Nestled in Setagaya, this unique spot Offers Totoro-shaped cream puffs starting at 400 Yen. It is also a spot for Studio Ghibli fans and sweet tooth indulgers.</description>
        <styleUrl>#icon-1607-FFEA00-labelson</styleUrl>
        <Point>
          <coordinates>
            139.6627485,35.6589542,0
          </coordinates>
        </Point>
      </Placemark>
      <Placemark>
        <name>Hakushū Teppanyaki</name>
        <description>This establishment shines with its premium Japanese Wagyu Beef prepared teppanyaki-style in Shibuya. It is celebrated for top-notch Kobe beef.</description>
        <styleUrl>#icon-1553-FFD600-labelson</styleUrl>
        <Point>
          <coordinates>
            139.7009933,35.6562855,0
          </coordinates>
        </Point>
      </Placemark>
      <Placemark>
        <name><![CDATA[Kicks Cafe&Bar]]></name>
        <description>A great local place to get a burger.</description>
        <styleUrl>#icon-1577-FFEA00-labelson</styleUrl>
        <Point>
          <coordinates>
            139.7689344,35.7060035,0
          </coordinates>
        </Point>
      </Placemark>
      <Placemark>
        <name>YAKITORI Nonotori Nihonbashi</name>
        <description>Yakitori Nonotori in Nihonbashi offers an exceptional dining experience, particularly through its Premium Omakase Course, which features seasonal, expertly grilled skewers and side dishes. The restaurant is praised for its use of binchotan charcoal, which imparts a unique flavor to the yakitori, and its signature tamago kake gohan (rice with eggs cooked in an earthenware pot). Many diners appreciate the combination of traditional techniques with creative, modern twists, along with the attentive service. For a full experience, the omakase paired with sake or wine is highly recommended.</description>
        <styleUrl>#icon-1553-FFEA00-labelson</styleUrl>
        <Point>
          <coordinates>
            139.7725862,35.6904647,0
          </coordinates>
        </Point>
      </Placemark>
      <Placemark>
        <name>Hinoya Curry Akihabara</name>
        <description>A good introduction to Japanese curry; it is a little spicy.</description>
        <styleUrl>#icon-1577-FFEA00-labelson</styleUrl>
        <Point>
          <coordinates>
            139.7703452,35.6991165,0
          </coordinates>
        </Point>
      </Placemark>
      <Placemark>
        <name>HIGUMA Doughnuts</name>
        <description>HIGUMA Doughnuts in Tokyo Dome City offers fluffy, delicious donuts that are highly praised for their light texture and gentle sweetness. </description>
        <styleUrl>#icon-1607-FFEA00-labelson</styleUrl>
        <Point>
          <coordinates>
            139.7543806,35.7050848,0
          </coordinates>
        </Point>
      </Placemark>
      <Placemark>
        <name>Kantan-na Yume</name>
        <description>Kantan-na Yume feels like a hidden gem tucked away in a quiet part of the city. When I visited, the peaceful atmosphere struck me right away—a nice change from Shibuya just minutes away. The wagashi I tried were exquisite, beautifully made, and paired perfectly with a cup of matcha.</description>
        <styleUrl>#icon-1607-FFEA00-labelson</styleUrl>
        <Point>
          <coordinates>
            139.6922418,35.6654512,0
          </coordinates>
        </Point>
      </Placemark>
      <Placemark>
        <name>Homemade Ramen 麦苗</name>
        <description><![CDATA[f you're looking for an outstanding ramen experience, I highly recommend Homemade Ramen 麦苗. I visited recently, and despite not typically favoring shoyu broths, their version completely won me over with its depth and rich umami flavor. The noodles and toppings were exceptional—the steak in the deluxe toppings was some of the best I've had. Do note that you'll need to arrive early, around 9 or 10 AM, to put your name on the list due to its popularity. But trust me, the wait is worth it.]]></description>
        <styleUrl>#icon-1640-FFEA00-labelson</styleUrl>
        <Point>
          <coordinates>
            139.7328034,35.5907765,0
          </coordinates>
        </Point>
      </Placemark>
      <Placemark>
        <name>KOFFEE MAMEYA</name>
        <styleUrl>#icon-1534-FFEA00-labelson-nodesc</styleUrl>
        <Point>
          <coordinates>
            139.710888,35.668368,0
          </coordinates>
        </Point>
      </Placemark>
      <Placemark>
        <name>Gonpachi</name>
        <description><![CDATA['KILL BILL: VOLUME I' (2003) - The inspiration for the 'House of Blue Leaves']]></description>
        <styleUrl>#icon-1577-FFEA00-labelson</styleUrl>
        <Point>
          <coordinates>
            139.723509,35.66012,0
          </coordinates>
        </Point>
      </Placemark>
      <Placemark>
        <name>Ninja Tokyo</name>
        <styleUrl>#icon-1577-FFD600-labelson-nodesc</styleUrl>
        <Point>
          <coordinates>
            139.7671082,35.6849169,0
          </coordinates>
        </Point>
      </Placemark>
      <Placemark>
        <name>Gyomu Super Asso-ekimae</name>
        <styleUrl>#icon-1577-FFEA00-labelson-nodesc</styleUrl>
        <Point>
          <coordinates>
            135.418271,33.697278,0
          </coordinates>
        </Point>
      </Placemark>
      <Placemark>
        <name>Yumune Chaya</name>
        <description>Boil some eggs and sweet potatoes in the public hot spring – best bought at Yumune Chaya, the teahouse adjacent to the Yumune Kusushi Tōkō-ji Temple (squeezed between the river and the public onsen) – they make great provisions for your hike.</description>
        <styleUrl>#icon-1577-FFEA00-labelson</styleUrl>
        <Point>
          <coordinates>
            135.757742,33.828778,0
          </coordinates>
        </Point>
      </Placemark>
      <Placemark>
        <name>Yamazaki Y Shop Shimoji Hongu</name>
        <styleUrl>#icon-1577-FFEA00-labelson-nodesc</styleUrl>
        <Point>
          <coordinates>
            135.78886,33.821335,0
          </coordinates>
        </Point>
      </Placemark>
      <Placemark>
        <name>Minamikata Shoten</name>
        <styleUrl>#icon-1577-FFEA00-labelson-nodesc</styleUrl>
        <Point>
          <coordinates>
            135.842193,33.757788,0
          </coordinates>
        </Point>
      </Placemark>
      <Placemark>
        <name>A Coop Supermarket</name>
        <styleUrl>#icon-1577-FFEA00-labelson-nodesc</styleUrl>
        <Point>
          <coordinates>
            135.609218,33.810334,0
          </coordinates>
        </Point>
      </Placemark>
      <Placemark>
        <name>Tororoya</name>
        <styleUrl>#icon-1577-FFEA00-labelson-nodesc</styleUrl>
        <Point>
          <coordinates>
            135.609718,33.81022,0
          </coordinates>
        </Point>
      </Placemark>
      <Placemark>
        <name>Sansaro Cafe</name>
        <description><![CDATA[Sansaro Café & Guesthouse is a quiet and friendly stop along the Kumano route. The rooms are simple and clean, and the setting above the river is peaceful. There is no bath in the house, but the free ticket to Satsuki Onsen works well and is an easy walk. Supper and breakfast are cooked with care and fit the homestay feel. The owner is warm, helpful, and creates a comfortable atmosphere without trying too hard.]]></description>
        <styleUrl>#icon-1577-FFEA00-labelson</styleUrl>
        <Point>
          <coordinates>
            135.874144,33.79765,0
          </coordinates>
        </Point>
      </Placemark>
      <Placemark>
        <name>Onigiri Gorichan</name>
        <styleUrl>#icon-1577-FFEA00-labelson-nodesc</styleUrl>
        <Point>
          <coordinates>
            135.5021961,34.6758595,0
          </coordinates>
        </Point>
      </Placemark>
      <Placemark>
        <name>Masahiko Ozumi Paris</name>
        <description>Masahiko Ozumi Paris really lives up to its reputation for cakes that look like works of art. Each one is intricate, creative, and surprisingly delicious — not just pretty for photos. The flavors are refined, balanced, and not overly sweet, which I really appreciated.</description>
        <styleUrl>#icon-1607-FFEA00-labelson</styleUrl>
        <Point>
          <coordinates>
            135.5123643,34.6862905,0
          </coordinates>
        </Point>
      </Placemark>
      <Placemark>
        <name>Sushi Shizuku Nishi-Temma</name>
        <styleUrl>#icon-1835-FFEA00-labelson-nodesc</styleUrl>
        <Point>
          <coordinates>
            135.5030062,34.6960355,0
          </coordinates>
        </Point>
      </Placemark>
      <Placemark>
        <name>Yakiniku Manno honten</name>
        <styleUrl>#icon-1553-FFEA00-labelson-nodesc</styleUrl>
        <Point>
          <coordinates>
            135.5254846,34.6508673,0
          </coordinates>
        </Point>
      </Placemark>
      <Placemark>
        <name>Yoshino Sushi</name>
        <styleUrl>#icon-1835-FFEA00-labelson-nodesc</styleUrl>
        <Point>
          <coordinates>
            135.5018514,34.6871329,0
          </coordinates>
        </Point>
      </Placemark>
      <Placemark>
        <name>Chibo Okonomiyaki</name>
        <styleUrl>#icon-1577-FFEA00-labelson-nodesc</styleUrl>
        <Point>
          <coordinates>
            135.4926937,34.6986819,0
          </coordinates>
        </Point>
      </Placemark>
      <Placemark>
        <name>Takoyaki Wanaka Dotonbori</name>
        <styleUrl>#icon-1577-FFEA00-labelson-nodesc</styleUrl>
        <Point>
          <coordinates>
            135.5027298,34.6687742,0
          </coordinates>
        </Point>
      </Placemark>
      <Placemark>
        <name>Rikuro’s Namba Main Branch</name>
        <description>Rikuro’s cheesecake is absolutely worth trying once — soft, jiggly, and more eggy and airy than the dense Western style. The raisins on the bottom aren’t for everyone, but they add a touch of sweetness that grew on me. The real drawback is the line: it moves slowly, and since they only sell whole cakes, it’s a commitment (especially for solo travelers).</description>
        <styleUrl>#icon-1607-FFEA00-labelson</styleUrl>
        <Point>
          <coordinates>
            135.501566,34.666127,0
          </coordinates>
        </Point>
      </Placemark>
      <Placemark>
        <name>Ramen Yashichi</name>
        <styleUrl>#icon-1640-FFEA00-labelson-nodesc</styleUrl>
        <Point>
          <coordinates>
            135.4997284,34.7112957,0
          </coordinates>
        </Point>
      </Placemark>
      <Placemark>
        <name>Kappa Sushi</name>
        <styleUrl>#icon-1835-FFEA00-labelson-nodesc</styleUrl>
        <Point>
          <coordinates>
            135.7711607,35.005657,0
          </coordinates>
        </Point>
      </Placemark>
      <Placemark>
        <name>Honke Owariya Main Branch</name>
        <description><![CDATA[Visiting Japan’s “oldest soba restaurant” is more about the experience than just the food. The building and atmosphere are beautiful — traditional, calm, and steeped in history — and that’s something you can’t get just anywhere. Service was polite and efficient, even with the crowds.<br><br>As for the soba: it was good, but not mind-blowing.]]></description>
        <styleUrl>#icon-1640-FFEA00-labelson</styleUrl>
        <Point>
          <coordinates>
            135.7601488,35.0127635,0
          </coordinates>
        </Point>
      </Placemark>
      <Placemark>
        <name>TENYU kyoto 天佑（てんゆう）京都</name>
        <styleUrl>#icon-1577-FFEA00-labelson-nodesc</styleUrl>
        <Point>
          <coordinates>
            135.7753816,35.0007316,0
          </coordinates>
        </Point>
      </Placemark>
      <Placemark>
        <name>JOJOPUB</name>
        <description>A hidden gem by Kyoto Station! By day, the spice curry lunch is rich, balanced, and full of variety — the three-curry plate is a must. At night, it turns into a cozy bar with great drinks, friendly staff, and a relaxed vibe. Perfect for either a hearty meal or a few quiet cocktails.</description>
        <styleUrl>#icon-1577-FFEA00-labelson</styleUrl>
        <Point>
          <coordinates>
            135.7491162,34.9843864,0
          </coordinates>
        </Point>
      </Placemark>
      <Placemark>
        <name>Shin Shin</name>
        <styleUrl>#icon-1640-FFEA00-labelson-nodesc</styleUrl>
        <Point>
          <coordinates>
            130.3968446,33.5927497,0
          </coordinates>
        </Point>
      </Placemark>
      <Placemark>
        <name>Tsuta</name>
        <styleUrl>#icon-1640-FFEA00-labelson-nodesc</styleUrl>
        <Point>
          <coordinates>
            139.6824758,35.6703963,0
          </coordinates>
        </Point>
      </Placemark>
      <Placemark>
        <name>168 Gelato Caffe</name>
        <styleUrl>#icon-1607-FFEA00-labelson-nodesc</styleUrl>
        <Point>
          <coordinates>
            134.993946,34.574921,0
          </coordinates>
        </Point>
      </Placemark>
      <Placemark>
        <name>naa yuu Cafe</name>
        <styleUrl>#icon-1577-FFEA00-labelson-nodesc</styleUrl>
        <Point>
          <coordinates>
            130.520022,30.2350224,0
          </coordinates>
        </Point>
      </Placemark>
      <Placemark>
        <name>Milky Way</name>
        <description>Stopped in after walking around the lake and the place really does feel like someone’s grandmother opened her living room to the public. Two older ladies run everything themselves and they are genuinely kind. The food is simple, homemade, and better than it looks. I would get the curry. It is the kind of mild, comforting Japanese curry that tastes like it has been made the same way for decades. Portions are modest but clean and satisfying. Cash only and no toilet inside, but it is a quiet, warm stop if you want a break from the tourist crowds.</description>
        <styleUrl>#icon-1534-FFEA00-labelson</styleUrl>
        <Point>
          <coordinates>
            138.7543862,35.5107593,0
          </coordinates>
        </Point>
      </Placemark>
      <Placemark>
        <name>Fuso Ann</name>
        <description><![CDATA[t’s tiny (just around 10 seats), run by one incredibly kind woman who cooks, serves, and welcomes you all at once. The menu is very limited — basically soba noodles and a handful of traditional desserts — but everything is fresh, simple, and prepared with real care.<br><br>The soba is comforting, light, and perfect after a walk by the lake. The desserts, especially the matcha mochi and anmitsu.]]></description>
        <styleUrl>#icon-1577-FFEA00-labelson</styleUrl>
        <Point>
          <coordinates>
            138.7520947,35.5105071,0
          </coordinates>
        </Point>
      </Placemark>
      <Placemark>
        <name>Gyoza no Umechan</name>
        <description>This little family-run spot in Nikko is the kind of restaurant you hope to stumble across while traveling. The menu is small and straightforward — ramen, curry, rice bowls, and of course their famous gyoza — but everything feels homemade and cooked with care. The gyoza are huge, juicy, and easily the standout dish, while the ramen has that warm, comforting “home kitchen” flavor you don’t get from chain shops.</description>
        <styleUrl>#icon-1640-FFEA00-labelson</styleUrl>
        <Point>
          <coordinates>
            139.6167413,36.7479314,0
          </coordinates>
        </Point>
      </Placemark>
      <Placemark>
        <name>Isshiki SAKANA HIROBA</name>
        <description><![CDATA[Isshiki Sakana Hiroba is the kind of market that shows you exactly what the local coast pulls in without dressing it up. Stalls are lined with fresh fish, dried seafood, and snacks, and the vendors are quick with samples even if communication stays simple. It is busy, loud, and direct in a way that feels honest rather than chaotic.<br><br>The real highlight is eating upstairs or at the small counters. Unagi, kaisendon, grilled seafood, and fried items are all straightforward and fresh.]]></description>
        <styleUrl>#icon-1573-FFEA00-labelson</styleUrl>
        <Point>
          <coordinates>
            137.0141155,34.7944233,0
          </coordinates>
        </Point>
      </Placemark>
      <Placemark>
        <name>Kanetaya</name>
        <description><![CDATA[Kanetaya is a long-running seafood restaurant with two different dining spaces on the same property. One side functions as a more formal Japanese dining room. The other operates like a casual restaurant with donburi, set meals, and hitsumabushi style dishes. Both sides use fish sourced from Choshi, and freshness is the dominant reason people go.<br><br>The menu tilts heavily toward raw fish, sardine dishes, eel, and mixed seafood bowls, plus seasonal items like oysters and bamboo shoots.]]></description>
        <styleUrl>#icon-1573-FFEA00-labelson</styleUrl>
        <Point>
          <coordinates>
            140.2360335,35.842056,0
          </coordinates>
        </Point>
      </Placemark>
      <Placemark>
        <name>Cafe Bocu</name>
        <description><![CDATA[Cafe Bocu sits just off the Kumano Kodo, tucked far enough into the trees that you start wondering if you missed the turn. It feels like someone’s countryside home that happens to serve lunch to the few people who know it exists. The room is quiet, the air smells like baking bread, and the view is nothing but green.<br><br>Food here is simple and careful. Light vegetable-forward plates, fresh bread coming out of the oven, the kind of lunch that feels clean and handmade rather than heavy.]]></description>
        <styleUrl>#icon-1577-FFEA00-labelson</styleUrl>
        <Point>
          <coordinates>
            135.6098169,33.8174208,0
          </coordinates>
        </Point>
      </Placemark>
      <Placemark>
        <name>iro</name>
        <description>Really nice café along the river near Waseda with a quiet, relaxed vibe. The tea menu is excellent and the toast is solid, especially for a simple breakfast or afternoon break. It can fill up, and seating is compact, but the atmosphere makes it worth the effort. Service is consistently kind.</description>
        <styleUrl>#icon-1577-FFEA00-labelson</styleUrl>
        <Point>
          <coordinates>
            139.7182778,35.7125957,0
          </coordinates>
        </Point>
      </Placemark>
    </Folder>
    <Folder>
      <name>Special Restaurants (reservations or wait)</name>
      <Placemark>
        <name>Karashibi Miso Ramen Kikanbō Kanda Honten</name>
        <description><![CDATA[—(Prepare to wait) popular for its intensely spicy Karashibi Miso Ramen. The interior, characterized by its black paint, taiko music, and festival-style devil masks, adds to the immersive dining experience. You can customize their spice level on a scale of five for both "kara" (chili heat) and "Shibi" (numbing spice from sansho pepper mix), catering to varying spice tolerances.<br>1.	Feel free to challenge my “Oni” title; we can sit side by side if you live that spicy life. 😉]]></description>
        <styleUrl>#icon-1640-FF5252</styleUrl>
        <Point>
          <coordinates>
            139.7724063,35.6936985,0
          </coordinates>
        </Point>
      </Placemark>
      <Placemark>
        <name>Udatsu Sushi</name>
        <description><![CDATA[Udatsu delivers the full package without a single wasted gesture. The service is precise, quiet, and attentive in the way the best Tokyo counters are, and the presentation is meticulous without ever feeling staged. Every piece was balanced, clean, and confidently prepared. The pairings, both sake and the small seasonal touches, were thoughtful rather than showy, and the pacing of the course made the meal feel effortless.<br><br>I have eaten a lot of sushi across Japan, and this is easily among the best I have had. Nothing here feels gimmicked or inflated. It is the craft itself, executed at an exceptionally high level. It is hard to imagine anyone walking away disappointed with this standard of work.<br><br>Reservation required.]]></description>
        <styleUrl>#icon-1835-FF5252</styleUrl>
        <Point>
          <coordinates>
            139.6952875,35.641992,0
          </coordinates>
        </Point>
      </Placemark>
      <Placemark>
        <name>Tenryuji Temple Shigetsu</name>
        <description><![CDATA[The vegan set lunch at Tenryū-ji was beautifully balanced, seasonal, and surprisingly filling without ever feeling heavy. Every dish had subtle, layered flavors that showed real care in preparation.<br><br>The setting makes it unforgettable: sitting in view of the temple gardens and koi pond, the atmosphere is serene and quiet, adding to the sense that you’re eating something more meaningful than just food. Service was kind and efficient, though very little English is spoken, so patience and openness go a long way.]]></description>
        <styleUrl>#icon-1804-FF5252</styleUrl>
        <Point>
          <coordinates>
            135.6735833,35.0152053,0
          </coordinates>
        </Point>
      </Placemark>
      <Placemark>
        <name>LATTE ART MANIA TOKYO</name>
        <description><![CDATA[If you're looking for a cool, creative coffee spot, Latte Art Mania is definitely worth a visit. I appreciated the attention to detail in their intricate latte designs. The space is small, but the energy is inviting, and the charcoal latte offers something unique—both in flavor and presentation.]]></description>
        <styleUrl>#icon-1534-FF5252</styleUrl>
        <Point>
          <coordinates>
            139.7164832,35.6711984,0
          </coordinates>
        </Point>
      </Placemark>
      <Placemark>
        <name>Yakumo Saryō</name>
        <description><![CDATA[This serene and minimalist setting for a traditional Japanese breakfast was designed by the renowned architect Shinichiro Ogata. It provides a genuine cultural experience through its dining, highlighting Japanese cuisine as an art form involving various cultural elements, from the dishware to the chef’s etiquette. Yakumo Saryo offers a traditional Japanese breakfast called "Asacha," focusing on tea, priced at ¥4,000 (around $37). ]]></description>
        <styleUrl>#icon-1577-FF5252</styleUrl>
        <Point>
          <coordinates>
            139.6675385,35.6189739,0
          </coordinates>
        </Point>
      </Placemark>
      <Placemark>
        <name>tonkatsu.jp Omotesando</name>
        <description><![CDATA[This place is doing something very deliberate with breed, fat, and fry, and the results make sense on the plate. The cut I chose was cooked to a precise medium, juicy without feeling heavy, and the crust was clean, crisp, and even.<br><br>Get a reservation.]]></description>
        <styleUrl>#icon-1577-FF5252</styleUrl>
        <Point>
          <coordinates>
            139.709991,35.6644248,0
          </coordinates>
        </Point>
      </Placemark>
      <Placemark>
        <name>Sanrokuen</name>
        <styleUrl>#icon-1764-FF5252-nodesc</styleUrl>
        <Point>
          <coordinates>
            138.7677082,35.4934587,0
          </coordinates>
        </Point>
      </Placemark>
      <Placemark>
        <name>Saijoen</name>
        <description>Saijoen feels like a quiet thesis statement on what Nishio matcha can be. The walk in through the garden sets the tone, and once you sit down the room is calm, unhurried, and focused on the tea and sweets rather than décor tricks. The matcha itself is rich and clear, with a bitterness that reads as depth rather than harshness. Soft serve, parfaits, and anmitsu all carry that same through line, so nothing tastes like a generic “green tea” dessert.</description>
        <styleUrl>#icon-1607-FF5252</styleUrl>
        <Point>
          <coordinates>
            137.0400259,34.8776634,0
          </coordinates>
        </Point>
      </Placemark>
      <Placemark>
        <name>Yakiman</name>
        <description>Local specialty: The eels come straight from Isshiki farms — thick, fresh, and fatty. Most diners recommend shirayaki (plain grilled) with condiments like lemon or umeboshi over the usual kabayaki sauce.</description>
        <styleUrl>#icon-1573-FF5252</styleUrl>
        <Point>
          <coordinates>
            137.0295308,34.8045543,0
          </coordinates>
        </Point>
      </Placemark>
      <Placemark>
        <name>Omen Ginkaku-ji</name>
        <description><![CDATA[Omen near Ginkaku-ji is a Kyoto classic — the kind of place where the atmosphere, service, and tradition make the visit as memorable as the food. The udon noodles are fresh, silky, and pair beautifully with the light, flavorful broth and seasonal vegetables. Tempura here is crisp and not oily, and the mackerel sushi is a standout side dish.<br><br>That said, it’s very popular, so be prepared to wait, especially around lunchtime.]]></description>
        <styleUrl>#icon-1640-FF5252</styleUrl>
        <Point>
          <coordinates>
            135.7950089,35.0262562,0
          </coordinates>
        </Point>
      </Placemark>
      <Placemark>
        <name>Soma Cafe</name>
        <description>A legitimately good stop if you want dessert or a proper coffee break while moving through Kiso-Fukushima. The place is a renovated old house, shoes off at the door, with a small gallery on the second floor selling local woodwork and ceramics. The staff actually speaks enough English to make ordering simple.</description>
        <styleUrl>#icon-1577-FF5252</styleUrl>
        <Point>
          <coordinates>
            137.6988318,35.8501592,0
          </coordinates>
        </Point>
      </Placemark>
    </Folder>
    <Folder>
      <name>Exceptional Experiences</name>
      <Placemark>
        <name>Senbonto Shrine</name>
        <description>Nezu Shrine is where Tokyo finally shuts up for a minute. Turtles in the pond, koi cruising under that red bridge, a little tunnel of torii, and then the hillside that just erupts in azaleas late April–early May if you pay to go into the garden. Most of the year it’s just a calm neighborhood shrine between Ueno and Todai, with locals actually praying, a few food stalls on busy days, and almost none of the circus you get at Sensō-ji or Meiji.</description>
        <styleUrl>#icon-1882-1A237E</styleUrl>
        <Point>
          <coordinates>
            139.7605557,35.7196347,0
          </coordinates>
        </Point>
      </Placemark>
      <Placemark>
        <name>DAWN | Avatar Robot Cafe ver.β</name>
        <description><![CDATA[DAWN isn’t a robot show. It’s a workaround for a society that still shuts people out. The pilots aren’t mascots. They’re people who want to work, earn money, and talk to customers but can’t physically show up in a building. The robots are the access ramp.<br><br>So when you sit there and a small white OriHime rolls up to your table, the point isn’t “look at the cute robot.” It’s the fact that someone at home, maybe in bed, maybe dealing with a condition that makes normal employment impossible, is still in the room with you. You’re not watching tech replace a worker. You’re watching tech give someone their job back.]]></description>
        <styleUrl>#icon-1882-1A237E</styleUrl>
        <Point>
          <coordinates>
            139.7760205,35.6893781,0
          </coordinates>
        </Point>
      </Placemark>
      <Placemark>
        <name>teamLab Borderless: MORI Building DIGITAL ART MUSEUM</name>
        <styleUrl>#icon-1882-1A237E-nodesc</styleUrl>
        <Point>
          <coordinates>
            139.7429362,35.6622689,0
          </coordinates>
        </Point>
      </Placemark>
      <Placemark>
        <name>Hotel Gajoen Tokyo</name>
        <styleUrl>#icon-1882-1A237E-nodesc</styleUrl>
        <Point>
          <coordinates>
            139.7137936,35.6317881,0
          </coordinates>
        </Point>
      </Placemark>
      <Placemark>
        <name>Ghibli Museum</name>
        <styleUrl>#icon-1882-1A237E-nodesc</styleUrl>
        <Point>
          <coordinates>
            139.5704317,35.696238,0
          </coordinates>
        </Point>
      </Placemark>
      <Placemark>
        <name>Shibuya Sky</name>
        <styleUrl>#icon-1882-1A237E-nodesc</styleUrl>
        <Point>
          <coordinates>
            139.7021636,35.6584466,0
          </coordinates>
        </Point>
      </Placemark>
      <Placemark>
        <name>Miyashita Park</name>
        <styleUrl>#icon-1882-1A237E-nodesc</styleUrl>
        <Point>
          <coordinates>
            139.7017467,35.6618024,0
          </coordinates>
        </Point>
      </Placemark>
      <Placemark>
        <name>Hotel Gajoen Tokyo</name>
        <styleUrl>#icon-1882-1A237E-nodesc</styleUrl>
        <Point>
          <coordinates>
            139.7137936,35.6317881,0
          </coordinates>
        </Point>
      </Placemark>
      <Placemark>
        <name>Shiro-Hige’s Cream Puff Factory (Totoro Themed)</name>
        <styleUrl>#icon-1882-1A237E-nodesc</styleUrl>
        <Point>
          <coordinates>
            139.6627485,35.6589542,0
          </coordinates>
        </Point>
      </Placemark>
      <Placemark>
        <name>ART AQUARIUM MUSEUM</name>
        <styleUrl>#icon-1882-1A237E-nodesc</styleUrl>
        <Point>
          <coordinates>
            139.7657375,35.6713698,0
          </coordinates>
        </Point>
      </Placemark>
      <Placemark>
        <name>Toranomon Kotohiragu</name>
        <styleUrl>#icon-1882-1A237E-nodesc</styleUrl>
        <Point>
          <coordinates>
            139.7480255,35.6696344,0
          </coordinates>
        </Point>
      </Placemark>
      <Placemark>
        <name>RED° TOKYO TOWER</name>
        <styleUrl>#icon-1882-1A237E-nodesc</styleUrl>
        <Point>
          <coordinates>
            139.745484,35.6585696,0
          </coordinates>
        </Point>
      </Placemark>
      <Placemark>
        <name>Sunshine City</name>
        <styleUrl>#icon-1882-1A237E-nodesc</styleUrl>
        <Point>
          <coordinates>
            139.7195415,35.7289709,0
          </coordinates>
        </Point>
      </Placemark>
      <Placemark>
        <name>Suga Shrine Onnazaka</name>
        <styleUrl>#icon-1882-1A237E-nodesc</styleUrl>
        <Point>
          <coordinates>
            139.7229453,35.6853043,0
          </coordinates>
        </Point>
      </Placemark>
      <Placemark>
        <name>Shinjuku Golden-Gai</name>
        <styleUrl>#icon-1882-1A237E-nodesc</styleUrl>
        <Point>
          <coordinates>
            139.7047611,35.6941118,0
          </coordinates>
        </Point>
      </Placemark>
      <Placemark>
        <name>Godzilla Head</name>
        <styleUrl>#icon-1882-1A237E-nodesc</styleUrl>
        <Point>
          <coordinates>
            139.7019117,35.6950521,0
          </coordinates>
        </Point>
      </Placemark>
      <Placemark>
        <name>Edo-Tokyo Open Air Architectural Museum</name>
        <styleUrl>#icon-1882-1A237E-nodesc</styleUrl>
        <Point>
          <coordinates>
            139.5125434,35.7155722,0
          </coordinates>
        </Point>
      </Placemark>
      <Placemark>
        <name>The National Museum of Emerging Science and Innovation (Miraikan)</name>
        <description>If you care even a little about where science and society are heading, Miraikan is worth the train out to Odaiba. It’s less a “wow, robots everywhere” theme park and more a layered conversation about climate, aging, AI, and what kind of future we’re actually building. The giant Earth sphere floating in the atrium is as striking in person as the photos suggest, but the real value is in the interactive exhibits that make you think about data, bodies, and technology rather than just pressing buttons.</description>
        <styleUrl>#icon-1882-1A237E</styleUrl>
        <Point>
          <coordinates>
            139.7763995,35.6193359,0
          </coordinates>
        </Point>
      </Placemark>
      <Placemark>
        <name>Mori Art Museum</name>
        <styleUrl>#icon-1882-1A237E-nodesc</styleUrl>
        <Point>
          <coordinates>
            139.7292785,35.6604621,0
          </coordinates>
        </Point>
      </Placemark>
      <Placemark>
        <name>Toshima City Tokiwaso Manga Museum</name>
        <description>A small but pretty special stop if you care about manga history. The building is a full-scale reconstruction of the shabby postwar apartment where Tezuka Osamu, Fujiko Fujio, Ishinomori Shotaro and other Showa-era mangaka lived and worked in 4.5-tatami rooms, rushing pages to editors. Inside you walk through recreated rooms, shared kitchen and corridors, with exhibits on the neighborhood and the grind of weekly deadlines.</description>
        <styleUrl>#icon-1882-1A237E</styleUrl>
        <Point>
          <coordinates>
            139.6859984,35.7242899,0
          </coordinates>
        </Point>
      </Placemark>
      <Placemark>
        <name>TOKYO BUNBUN(東京文聞)</name>
        <description><![CDATA[I brought my film students to Tokyo BunBun as part of our Tokyo in Film program, and it turned into one of the best experiences we have had in Tokyo. Abe-san, Tomomi-san, and the whole BunBun team are generous, skilled, and completely invested in what they do. Their samurai choreography is precise and full of life, and they take the time to teach the real mechanics of movement, timing, and intent.<br><br>We filmed a full Musashi homage with them, inspired by Vagabond, and they welcomed us into their home so we could shoot the sequence properly. I was the primary videographer, editor, sound mixer, and narrator for the project, and the actors worked with us the way professionals work with professionals. The link shows the final result:<br>https://www.instagram.com/p/DQfI8VQj_ic/<br><br>If you care about samurai cinema, stage combat, Japanese performance traditions, or you simply want something real and memorable in Tokyo, this is the place. Tokyo BunBun is the team I trust.]]></description>
        <styleUrl>#icon-1882-1A237E</styleUrl>
        <Point>
          <coordinates>
            139.781992,35.7257206,0
          </coordinates>
        </Point>
      </Placemark>
      <Placemark>
        <name>Fuji-Q Highland</name>
        <styleUrl>#icon-1882-1A237E-nodesc</styleUrl>
        <Point>
          <coordinates>
            138.7805511,35.4869467,0
          </coordinates>
        </Point>
      </Placemark>
      <Placemark>
        <name>LEGOLAND Discovery Center Osaka</name>
        <styleUrl>#icon-1882-1A237E-nodesc</styleUrl>
        <Point>
          <coordinates>
            135.4302448,34.656179,0
          </coordinates>
        </Point>
      </Placemark>
      <Placemark>
        <name>Universal Studios Japan</name>
        <styleUrl>#icon-1882-1A237E-nodesc</styleUrl>
        <Point>
          <coordinates>
            135.4323185,34.6656768,0
          </coordinates>
        </Point>
      </Placemark>
      <Placemark>
        <name>teamLab Botanical Garden Osaka</name>
        <styleUrl>#icon-1882-1A237E-nodesc</styleUrl>
        <Point>
          <coordinates>
            135.5211348,34.6104441,0
          </coordinates>
        </Point>
      </Placemark>
      <Placemark>
        <name>Naruto x Boruto park Nijigen no mori</name>
        <description>As a long-time Naruto fan, this felt like walking straight into the Leaf Village. The core of the park is the mission system: stamp rallies, hand-seal challenges, and the big wooden maze that has you ducking, squatting, and hunting for clues like a genin on a real assignment. It’s more physical than it looks, so be ready for stairs, heat, and very little shade in summer. The theming is loving rather than flashy, with plenty of statues, photo spots, and small details that reward you for slowing down instead of rushing through. Ichiraku-style ramen at the top of the hill is surprisingly solid theme-park food and hits especially well after the missions. Access can be confusing the first time—using the official shuttle bus from the ferry or highway bus stop is much easier than trying to improvise with taxis—so it works best as part of a full day on Awaji Island (often paired with the Godzilla attraction).</description>
        <styleUrl>#icon-1882-1A237E</styleUrl>
        <Point>
          <coordinates>
            135.0046027,34.575579,0
          </coordinates>
        </Point>
      </Placemark>
      <Placemark>
        <name>Godzilla Museum</name>
        <styleUrl>#icon-1882-1A237E-nodesc</styleUrl>
        <Point>
          <coordinates>
            135.0002411,34.5736731,0
          </coordinates>
        </Point>
      </Placemark>
      <Placemark>
        <name>Godzilla Interception Operation Awaji</name>
        <description>A very specific kind of heaven for Godzilla fans. The setup is lean but focused: short intro film, the zipline run at the full-size Shin Godzilla, a shooting mission, and then a museum that walks you through the history and designs. The zipline into the mouth is ridiculous in the best way and the models in the museum feel like a love letter to the series rather than a cheap tie-in. It does take some effort to reach the park and the ticket price is not small, so it makes the most sense as part of a full day on Awaji Island with the other themed areas.</description>
        <styleUrl>#icon-1882-1A237E</styleUrl>
        <Point>
          <coordinates>
            135.0002155,34.5736268,0
          </coordinates>
        </Point>
      </Placemark>
      <Placemark>
        <name>Awajishima Anime Park</name>
        <description><![CDATA[Nijigen no Mori is legitimately fun and the setting is gorgeous, but you need to understand the structure before you arrive. The park is spacious and pleasant to walk through, and then each major attraction is ticketed separately. That can get expensive fast, especially if you are trying to sample everything.<br><br>The right approach is to treat it like a menu. Choose one “big” experience you are excited about (Godzilla zipline is a common highlight), then add one smaller one and leave the rest for another visit. If you do it that way, the value makes sense and you are not stressed about rushing across the park all day.]]></description>
        <styleUrl>#icon-1882-1A237E</styleUrl>
        <Point>
          <coordinates>
            135.000751,34.575173,0
          </coordinates>
        </Point>
      </Placemark>
      <Placemark>
        <name>Katsuoji</name>
        <description>One of the best day-trips from Osaka. Quiet mountain setting, tons of daruma everywhere, and the stamp route actually makes the visit fun instead of gimmicky. Go early to avoid lines. If you’re already doing Minoh Falls, adding this temple makes the whole day much better.</description>
        <styleUrl>#icon-1882-1A237E</styleUrl>
        <Point>
          <coordinates>
            135.491087,34.8657752,0
          </coordinates>
        </Point>
      </Placemark>
      <Placemark>
        <name>Hello Kitty Smile</name>
        <description><![CDATA[Very cute Sanrio themed stop on Awaji, with lots of photo spots and a few light interactive elements. The staff are friendly and the view is excellent, and the cafe is a solid bonus.<br><br>The main caveat is value. It is not a huge facility, so if you are expecting a full theme park scale experience, you will be done quickly. Treat it as a themed photo and cafe stop, not a half day attraction, and it makes a lot more sense.]]></description>
        <styleUrl>#icon-1882-1A237E</styleUrl>
        <Point>
          <coordinates>
            134.9525045,34.5671571,0
          </coordinates>
        </Point>
      </Placemark>
      <Placemark>
        <name>Shogun Stables</name>
        <styleUrl>#icon-1882-1A237E-nodesc</styleUrl>
        <Point>
          <coordinates>
            139.6137308,36.7580611,0
          </coordinates>
        </Point>
      </Placemark>
      <Placemark>
        <name>Kubota Itchiku Art Museum</name>
        <styleUrl>#icon-1882-1A237E-nodesc</styleUrl>
        <Point>
          <coordinates>
            138.7598324,35.527324,0
          </coordinates>
        </Point>
      </Placemark>
      <Placemark>
        <name>NARUTO×BORUTO FUJI HIDDEN VILLAGE OF KONOHA</name>
        <styleUrl>#icon-1882-1A237E-nodesc</styleUrl>
        <Point>
          <coordinates>
            138.7819971,35.4877001,0
          </coordinates>
        </Point>
      </Placemark>
      <Placemark>
        <name>Shinobi No Sato Ninja Village</name>
        <styleUrl>#icon-1882-1A237E-nodesc</styleUrl>
        <Point>
          <coordinates>
            138.8180809,35.4567699,0
          </coordinates>
        </Point>
      </Placemark>
      <Placemark>
        <name>Nishio</name>
        <description><![CDATA["Little Kyoto"]]></description>
        <styleUrl>#icon-1882-1A237E</styleUrl>
        <Point>
          <coordinates>
            137.0618775,34.8619053,0
          </coordinates>
        </Point>
      </Placemark>
      <Placemark>
        <name>Matcha Museum Saijoen WAKUWAKU</name>
        <description>If you are already in Nishio for Saijoen, the Matcha Museum next door is the part that makes the visit feel complete. The guided course is about 75 minutes and reservation only, so it is not a casual walk in, but once you are inside it is quiet, focused, and surprisingly hands on.</description>
        <styleUrl>#icon-1882-1A237E</styleUrl>
        <Point>
          <coordinates>
            137.0397789,34.877466,0
          </coordinates>
        </Point>
      </Placemark>
      <Placemark>
        <name>Saku Island</name>
        <description>22 permanent modern art installations scattered across a quiet, rustic island. Super good for wandering with a camera.</description>
        <styleUrl>#icon-1882-1A237E</styleUrl>
        <Point>
          <coordinates>
            137.0400589,34.7289853,0
          </coordinates>
        </Point>
      </Placemark>
      <Placemark>
        <name>Edo Wonderland Nikko Edomura</name>
        <description><![CDATA[Edo Wonderland Nikko Edomura is one of the strongest locations in the region if your goal is recreating Edo period scenes. The streetscapes read convincingly on camera, and there are multiple zones that give you usable depth, texture, and period detail without constant modern contamination if you frame carefully.<br><br>This is also a working theme park, so the experience depends on crowd level. Go early, and weekdays are easier for clean shots. The staff commitment to character helps the atmosphere, and the live performances add real energy even if you do not speak Japanese.]]></description>
        <styleUrl>#icon-1882-1A237E</styleUrl>
        <Point>
          <coordinates>
            139.6973346,36.7908146,0
          </coordinates>
        </Point>
      </Placemark>
      <Placemark>
        <name>Boso Village</name>
        <description><![CDATA[Excellent set like open air museum for Edo period style scene recreation. The buildings and streets give you a lot to work with, especially if you shoot tight and pay attention to angles. Some areas are more active than others depending on the day, so check what is open if you are coming for specific workshops or demonstrations.<br><br>Worth the trip from Narita if you want period locations and good photo opportunities. Bring comfortable shoes, and avoid peak sun if you plan to shoot.]]></description>
        <styleUrl>#icon-1882-1A237E</styleUrl>
        <Point>
          <coordinates>
            140.2730663,35.8228912,0
          </coordinates>
        </Point>
      </Placemark>
      <Placemark>
        <name>Kuchu Teien Observatory</name>
        <description><![CDATA[Kuchu Teien is worth it for one reason: Osaka looks best from above, and this building gives you the cleanest 360 view without turning it into a theme park. The escalators suspended between the two towers are the thing people remember, but the real payoff is the roof. It’s open air, windy, and you actually feel how high you are.<br><br>Go at sunset, stay until the city switches on, and ignore the heart-locks and tourist fluff. It’s one of the few places where Osaka’s scale, rivers, highways, and neon all make sense in a single frame.]]></description>
        <styleUrl>#icon-1882-1A237E</styleUrl>
        <Point>
          <coordinates>
            135.490172,34.7052993,0
          </coordinates>
        </Point>
      </Placemark>
      <Placemark>
        <name>Kashihara</name>
        <description>The birth place of Street Fighter. See life sized statues, paintings, grate covers, etc., all in homage to the game that was born here.</description>
        <styleUrl>#icon-1882-1A237E</styleUrl>
        <Point>
          <coordinates>
            135.7925947,34.50945,0
          </coordinates>
        </Point>
      </Placemark>
      <Placemark>
        <name>The Waseda International House of Literature (The Haruki Murakami Library)</name>
        <description><![CDATA[The Haruki Murakami Library is one of my favorite places in Tokyo. I have visited many times and it never feels like a novelty or a tourist stop. It is a quiet, carefully designed space that understands mood, pacing, and restraint.<br><br>Murakami is one of my favorite authors, and the library reflects his work without turning it into branding. The music room playing jazz from the novels is especially well done and actually shapes how you experience the space rather than feeling decorative.<br><br>The café is good and makes it easy to stay for a long time reading or thinking. This is a place built for reflection, not crowds. Highly recommended for readers and anyone interested in literature.]]></description>
        <styleUrl>#icon-1882-1A237E</styleUrl>
        <Point>
          <coordinates>
            139.7199006,35.7097263,0
          </coordinates>
        </Point>
      </Placemark>
    </Folder>
    <Folder>
      <name>Accommodation</name>
      <Placemark>
        <name>BnA_WALL - Art Hotel in Tokyo</name>
        <description>Staying here feels less like a standard hotel and more like sleeping inside a piece of installation art. Each room is a completely different concept, but underneath the design the basics are solid: comfortable bed, very clean space, strong in-room Wi-Fi, and a surprisingly good shower and bathroom for a compact Tokyo room. The neighborhood is quiet but central enough that you can reach most parts of the city easily by subway, and coming back here at night feels like stepping off the grid a bit.</description>
        <styleUrl>#icon-1602-0288D1</styleUrl>
        <Point>
          <coordinates>
            139.7778077,35.688766,0
          </coordinates>
        </Point>
      </Placemark>
      <Placemark>
        <name>Minshuku Nakano</name>
        <description><![CDATA[Book via<br>https://www.minimalistjourneys.com/go/minshuku-nakano/]]></description>
        <styleUrl>#icon-1602-0288D1</styleUrl>
        <Point>
          <coordinates>
            135.608403,33.807212,0
          </coordinates>
        </Point>
      </Placemark>
      <Placemark>
        <name>Minshuku Momiji-no-Sato</name>
        <description><![CDATA[Book via<br>https://www.minimalistjourneys.com/go/minshuku-momiji-no-sato/]]></description>
        <styleUrl>#icon-1602-0288D1</styleUrl>
        <Point>
          <coordinates>
            135.609129,33.815302,0
          </coordinates>
        </Point>
      </Placemark>
      <Placemark>
        <name>Guesthouse Okagesan</name>
        <description><![CDATA[Book via<br>https://www.minimalistjourneys.com/go/guesthouse-okagesan/]]></description>
        <styleUrl>#icon-1602-0288D1</styleUrl>
        <Point>
          <coordinates>
            135.762221,33.821346,0
          </coordinates>
        </Point>
      </Placemark>
      <Placemark>
        <name>Guesthouse Yui</name>
        <description><![CDATA[Book via<br>https://www.minimalistjourneys.com/go/guesthouse-yui/]]></description>
        <styleUrl>#icon-1602-0288D1</styleUrl>
        <Point>
          <coordinates>
            135.771798,33.836588,0
          </coordinates>
        </Point>
      </Placemark>
      <Placemark>
        <name>Minpaku Kodo</name>
        <styleUrl>#icon-1602-0288D1-nodesc</styleUrl>
        <Point>
          <coordinates>
            135.905887,33.667609,0
          </coordinates>
        </Point>
      </Placemark>
      <Placemark>
        <name>Guest Cafe Kuchikumano</name>
        <description><![CDATA[Book via <br>https://www.minimalistjourneys.com/go/guest-cafe-kuchikumano/]]></description>
        <styleUrl>#icon-1602-0288D1</styleUrl>
        <Point>
          <coordinates>
            135.418625,33.695851,0
          </coordinates>
        </Point>
      </Placemark>
      <Placemark>
        <name>Guesthouse Ogawaya</name>
        <styleUrl>#icon-1602-0288D1-nodesc</styleUrl>
        <Point>
          <coordinates>
            135.384062,33.731001,0
          </coordinates>
        </Point>
      </Placemark>
      <Placemark>
        <name>Guesthouse Takao</name>
        <description><![CDATA[Book via<br>https://www.minimalistjourneys.com/go/guesthouse-takao/]]></description>
        <styleUrl>#icon-1602-0288D1</styleUrl>
        <Point>
          <coordinates>
            135.383392,33.736348,0
          </coordinates>
        </Point>
      </Placemark>
      <Placemark>
        <name>Koguchi shizen-no-ie</name>
        <description><![CDATA[Book via<br>https://www.minimalistjourneys.com/go/koguchi-shizen-no-ie/]]></description>
        <styleUrl>#icon-1602-0288D1</styleUrl>
        <Point>
          <coordinates>
            135.840193,33.759252,0
          </coordinates>
        </Point>
      </Placemark>
      <Placemark>
        <name>@koguchi</name>
        <description><![CDATA[Book via<br>https://www.minimalistjourneys.com/go/at-koguchi/]]></description>
        <styleUrl>#icon-1602-0288D1</styleUrl>
        <Point>
          <coordinates>
            135.852538,33.746342,0
          </coordinates>
        </Point>
      </Placemark>
      <Placemark>
        <name>Minshuku Momofuku</name>
        <description><![CDATA[Book via<br>https://www.minimalistjourneys.com/go/minshuku-momofuku/]]></description>
        <styleUrl>#icon-1602-0288D1</styleUrl>
        <Point>
          <coordinates>
            135.8407,33.757742,0
          </coordinates>
        </Point>
      </Placemark>
      <Placemark>
        <name>Oyado Hana</name>
        <description><![CDATA[Book via<br>https://www.minimalistjourneys.com/go/oyado-hana/]]></description>
        <styleUrl>#icon-1602-0288D1</styleUrl>
        <Point>
          <coordinates>
            135.941005,33.628463,0
          </coordinates>
        </Point>
      </Placemark>
      <Placemark>
        <name>Chochu Stay So House</name>
        <description><![CDATA[Book via<br>https://www.minimalistjourneys.com/go/chochu-stay-so-house/]]></description>
        <styleUrl>#icon-1602-0288D1</styleUrl>
        <Point>
          <coordinates>
            135.944044,33.629271,0
          </coordinates>
        </Point>
      </Placemark>
      <Placemark>
        <name>Hanare</name>
        <description><![CDATA[Book via<br>https://www.minimalistjourneys.com/go/hanare/]]></description>
        <styleUrl>#icon-1602-0288D1</styleUrl>
        <Point>
          <coordinates>
            135.987696,33.726361,0
          </coordinates>
        </Point>
      </Placemark>
      <Placemark>
        <name>Kokoyui Guest House</name>
        <description><![CDATA[Book via<br>https://www.minimalistjourneys.com/go/kokoyui-guesthouse-shingu/]]></description>
        <styleUrl>#icon-1602-0288D1</styleUrl>
        <Point>
          <coordinates>
            135.931128,33.57819,0
          </coordinates>
        </Point>
      </Placemark>
      <Placemark>
        <name>Shingu Guest House</name>
        <description><![CDATA[Book via<br>https://www.minimalistjourneys.com/go/shingu-guest-house/]]></description>
        <styleUrl>#icon-1602-0288D1</styleUrl>
        <Point>
          <coordinates>
            135.995305,33.728189,0
          </coordinates>
        </Point>
      </Placemark>
      <Placemark>
        <name>J-Hoppers Kumano Yunomine</name>
        <description><![CDATA[Book via<br>https://www.minimalistjourneys.com/go/j-hoppers-kumano-yunomine-guesthouse/]]></description>
        <styleUrl>#icon-1602-0288D1</styleUrl>
        <Point>
          <coordinates>
            135.758215,33.829714,0
          </coordinates>
        </Point>
      </Placemark>
      <Placemark>
        <name>Yunomine onsen Yuzutsu</name>
        <styleUrl>#icon-1602-0288D1-nodesc</styleUrl>
        <Point>
          <coordinates>
            135.757611,33.828954,0
          </coordinates>
        </Point>
      </Placemark>
      <Placemark>
        <name>Minshuku Chikatsuyu</name>
        <styleUrl>#icon-1602-0288D1-nodesc</styleUrl>
        <Point>
          <coordinates>
            135.605812,33.816822,0
          </coordinates>
        </Point>
      </Placemark>
      <Placemark>
        <name>Minshuku Tsugizakura</name>
        <styleUrl>#icon-1602-0288D1-nodesc</styleUrl>
        <Point>
          <coordinates>
            135.635037,33.827975,0
          </coordinates>
        </Point>
      </Placemark>
      <Placemark>
        <name><![CDATA[Kiri-no-Sato Takahara Lodge "Organic Hotel"]]></name>
        <styleUrl>#icon-1602-0288D1-nodesc</styleUrl>
        <Point>
          <coordinates>
            135.53213,33.795921,0
          </coordinates>
        </Point>
      </Placemark>
      <Placemark>
        <name>Minshuku Murou</name>
        <description>The house is a beautifully renovated old kominka on a hill, with big windows looking out over tiled roofs, rice fields, and Mt. Muro—on a misty morning it really does feel like the “dragon” landscape locals talk about. Meals are vegetable-forward, seasonal, and clearly cooked with care; it’s the kind of food that makes sense because you’re in the countryside, not in spite of it. The baths are simple but relaxing, the rooms are spotless and calm, and the owners are kind in a very grounded, non-hotel way—happy to pick you up, talk about the area, and help you plan a visit to Muro-ji or the dragon god spots.</description>
        <styleUrl>#icon-1602-0288D1</styleUrl>
        <Point>
          <coordinates>
            136.035002,34.536639,0
          </coordinates>
        </Point>
      </Placemark>
      <Placemark>
        <name><![CDATA[Kaido-Roman On'yado Tsutaya]]></name>
        <styleUrl>#icon-1602-0288D1-nodesc</styleUrl>
        <Point>
          <coordinates>
            137.697966,35.8503514,0
          </coordinates>
        </Point>
      </Placemark>
      <Placemark>
        <name>Daikichi</name>
        <description><![CDATA[Daikichi is exactly what you want at the end of a Nakasendo walking day. It sits just off the main street in Tsumago, quiet once the day trippers leave, and feels like staying in a family home that has been refined over decades. The rooms are simple and clean, with thick futons and views that remind you you are in the mountains, not on a tourist circuit. The shared hinoki bath is small but genuinely relaxing after the trail.<br><br>The real reason to stay here is the hospitality and the food. The hosts are attentive without fuss, and the meals are careful, local, and just adventurous enough to remind you you are in the countryside rather than in a hotel dining room.]]></description>
        <styleUrl>#icon-1602-0288D1</styleUrl>
        <Point>
          <coordinates>
            137.5961745,35.5799213,0
          </coordinates>
        </Point>
      </Placemark>
      <Placemark>
        <name>Ibusuki Hakusuikan</name>
        <styleUrl>#icon-1602-0288D1-nodesc</styleUrl>
        <Point>
          <coordinates>
            130.655518,31.253832,0
          </coordinates>
        </Point>
      </Placemark>
      <Placemark>
        <name>Pension Blue Drop</name>
        <styleUrl>#icon-1602-0288D1-nodesc</styleUrl>
        <Point>
          <coordinates>
            130.5141431,30.2375852,0
          </coordinates>
        </Point>
      </Placemark>
      <Placemark>
        <name>Sequence Miyashita Park</name>
        <styleUrl>#icon-1602-0288D1-nodesc</styleUrl>
        <Point>
          <coordinates>
            139.7019016,35.6622585,0
          </coordinates>
        </Point>
      </Placemark>
      <Placemark>
        <name><![CDATA[Highland Resort Hotel & Spa]]></name>
        <styleUrl>#icon-1602-0288D1-nodesc</styleUrl>
        <Point>
          <coordinates>
            138.7781016,35.4845965,0
          </coordinates>
        </Point>
      </Placemark>
      <Placemark>
        <name>Peace One</name>
        <styleUrl>#icon-1602-0288D1-nodesc</styleUrl>
        <Point>
          <coordinates>
            138.8390928,35.4790037,0
          </coordinates>
        </Point>
      </Placemark>
    </Folder>
    <Folder>
      <name>Tattoo friendly Onsen</name>
      <Placemark>
        <name>Tsubo-yu</name>
        <styleUrl>#icon-1687-757575-nodesc</styleUrl>
        <Point>
          <coordinates>
            135.757819,33.8293659,0
          </coordinates>
        </Point>
      </Placemark>
      <Placemark>
        <name>Attakayu Public Onsen</name>
        <styleUrl>#icon-1687-757575-nodesc</styleUrl>
        <Point>
          <coordinates>
            140.304892,37.7523566,0
          </coordinates>
        </Point>
      </Placemark>
      <Placemark>
        <name>Tsubame Onsen Kogane no Yu</name>
        <styleUrl>#icon-1687-757575-nodesc</styleUrl>
        <Point>
          <coordinates>
            138.1437857,36.9026466,0
          </coordinates>
        </Point>
      </Placemark>
      <Placemark>
        <name>Ebisuya Onsen</name>
        <styleUrl>#icon-1687-757575-nodesc</styleUrl>
        <Point>
          <coordinates>
            131.4532641,33.3172847,0
          </coordinates>
        </Point>
      </Placemark>
      <Placemark>
        <name>Kotan Onsen Hot Spring</name>
        <description><![CDATA["Public" lake Onsen]]></description>
        <styleUrl>#icon-1687-757575</styleUrl>
        <Point>
          <coordinates>
            144.3413323,43.5647321,0
          </coordinates>
        </Point>
      </Placemark>
      <Placemark>
        <name>Zao Onsen Dairotenburo</name>
        <description>Tattoo friendly.</description>
        <styleUrl>#icon-1687-757575</styleUrl>
        <Point>
          <coordinates>
            140.4018563,38.1661112,0
          </coordinates>
        </Point>
      </Placemark>
      <Placemark>
        <name>Musashi-Koyama Onsen Shimizu-yu</name>
        <description>Tattoos accepted.</description>
        <styleUrl>#icon-1687-757575</styleUrl>
        <Point>
          <coordinates>
            139.7076755,35.6201922,0
          </coordinates>
        </Point>
      </Placemark>
      <Placemark>
        <name>Ōtaki no Yu.</name>
        <description>All tattoos accepted.</description>
        <styleUrl>#icon-1687-757575</styleUrl>
        <Point>
          <coordinates>
            138.6015251,36.6229109,0
          </coordinates>
        </Point>
      </Placemark>
      <Placemark>
        <name>West Riverside open-air bath</name>
        <description>All tattoos accepted.</description>
        <styleUrl>#icon-1687-757575</styleUrl>
        <Point>
          <coordinates>
            138.5883882,36.6243123,0
          </coordinates>
        </Point>
      </Placemark>
      <Placemark>
        <name>Sakaeyu</name>
        <description>All tattoos accepted.</description>
        <styleUrl>#icon-1687-757575</styleUrl>
        <Point>
          <coordinates>
            139.7987512,35.7254614,0
          </coordinates>
        </Point>
      </Placemark>
      <Placemark>
        <name>Goshonoyu Onsen</name>
        <styleUrl>#icon-1687-757575-nodesc</styleUrl>
        <Point>
          <coordinates>
            134.8073683,35.6259467,0
          </coordinates>
        </Point>
      </Placemark>
      <Placemark>
        <name>Saki-no-Yu Onsen Spa</name>
        <styleUrl>#icon-1687-757575-nodesc</styleUrl>
        <Point>
          <coordinates>
            135.3369842,33.676824,0
          </coordinates>
        </Point>
      </Placemark>
      <Placemark>
        <name>Ichinoyu Onsen</name>
        <styleUrl>#icon-1687-757575-nodesc</styleUrl>
        <Point>
          <coordinates>
            134.8094851,35.6261765,0
          </coordinates>
        </Point>
      </Placemark>
      <Placemark>
        <name>Yamato-no-Yu Public bath</name>
        <description>All tattoos accepted.</description>
        <styleUrl>#icon-1687-757575</styleUrl>
        <Point>
          <coordinates>
            140.2716288,35.8170321,0
          </coordinates>
        </Point>
      </Placemark>
      <Placemark>
        <name>Daikoku-yu</name>
        <description>All tattoos accepted.</description>
        <styleUrl>#icon-1687-757575</styleUrl>
        <Point>
          <coordinates>
            139.6829314,35.6709094,0
          </coordinates>
        </Point>
      </Placemark>
      <Placemark>
        <name>Dōgo Onsen Annex Asuka-no-Yu</name>
        <styleUrl>#icon-1687-757575-nodesc</styleUrl>
        <Point>
          <coordinates>
            132.7846513,33.8524014,0
          </coordinates>
        </Point>
      </Placemark>
      <Placemark>
        <name>Kosugiyu</name>
        <styleUrl>#icon-1687-757575-nodesc</styleUrl>
        <Point>
          <coordinates>
            139.6487665,35.7080667,0
          </coordinates>
        </Point>
      </Placemark>
      <Placemark>
        <name>Irifune Onsen</name>
        <styleUrl>#icon-1687-757575-nodesc</styleUrl>
        <Point>
          <coordinates>
            135.5022912,34.6487549,0
          </coordinates>
        </Point>
      </Placemark>
      <Placemark>
        <name>Kaneyoshi Ryokan</name>
        <styleUrl>#icon-1687-757575-nodesc</styleUrl>
        <Point>
          <coordinates>
            135.505474,34.66926,0
          </coordinates>
        </Point>
      </Placemark>
      <Placemark>
        <name>Luck You Kyoto</name>
        <styleUrl>#icon-1687-757575-nodesc</styleUrl>
        <Point>
          <coordinates>
            135.7501085,34.9968076,0
          </coordinates>
        </Point>
      </Placemark>
      <Placemark>
        <name>Ume-yu</name>
        <styleUrl>#icon-1687-757575-nodesc</styleUrl>
        <Point>
          <coordinates>
            135.7656794,34.9929578,0
          </coordinates>
        </Point>
      </Placemark>
      <Placemark>
        <name>Hirauchi Kaichu Onsen (Underwater Hot Spring)</name>
        <styleUrl>#icon-1687-757575-nodesc</styleUrl>
        <Point>
          <coordinates>
            130.4839206,30.2309522,0
          </coordinates>
        </Point>
      </Placemark>
      <Placemark>
        <name>Funaoka Onsen</name>
        <styleUrl>#icon-1687-757575-nodesc</styleUrl>
        <Point>
          <coordinates>
            135.744651,35.0370342,0
          </coordinates>
        </Point>
      </Placemark>
      <Placemark>
        <name>Koganeyu</name>
        <styleUrl>#icon-1687-757575-nodesc</styleUrl>
        <Point>
          <coordinates>
            139.8153012,35.7022277,0
          </coordinates>
        </Point>
      </Placemark>
      <Placemark>
        <name>Matsumoto-yu</name>
        <styleUrl>#icon-1687-757575-nodesc</styleUrl>
        <Point>
          <coordinates>
            139.6896393,35.7109281,0
          </coordinates>
        </Point>
      </Placemark>
      <Placemark>
        <name>Togoshi Ginza Onsen</name>
        <styleUrl>#icon-1687-757575-nodesc</styleUrl>
        <Point>
          <coordinates>
            139.718603,35.614772,0
          </coordinates>
        </Point>
      </Placemark>
      <Placemark>
        <name>Manyo Club (Toyosu)</name>
        <description>Tattoo policy: allowed only if covered, typically with up to two designated cover seals</description>
        <styleUrl>#icon-1687-757575</styleUrl>
        <Point>
          <coordinates>
            139.7831588,35.6461872,0
          </coordinates>
        </Point>
      </Placemark>
    </Folder>
    <Folder>
      <name>Nature, Temples, Nakahechi Route; and Nakasendo Route</name>
      <Placemark>
        <name>Imado Shrine</name>
        <description><![CDATA[description: Quiet, a little out of the way, and worth the walk if you love cats or small neighborhood shrines. Imado is packed with maneki-neko imagery and ema for love and marriage, but it still feels like a local place rather than a tourist stop. The staff are kind, the atmosphere is relaxed, and on a good day you might even spot the resident white cat wandering through the grounds. I<br>説明: <br>nom: ]]></description>
        <styleUrl>#icon-1804-A52714</styleUrl>
        <ExtendedData>
          <Data name="description">
            <value>Quiet, a little out of the way, and worth the walk if you love cats or small neighborhood shrines. Imado is packed with maneki-neko imagery and ema for love and marriage, but it still feels like a local place rather than a tourist stop. The staff are kind, the atmosphere is relaxed, and on a good day you might even spot the resident white cat wandering through the grounds. I</value>
          </Data>
          <Data name="説明">
            <value/>
          </Data>
          <Data name="nom">
            <value/>
          </Data>
        </ExtendedData>
        <Point>
          <coordinates>
            139.8035323,35.7193219,0
          </coordinates>
        </Point>
      </Placemark>
      <Placemark>
        <name>Ueno Park</name>
        <description><![CDATA[description: <br>説明: <br>nom: ]]></description>
        <styleUrl>#icon-1720-0F9D58</styleUrl>
        <ExtendedData>
          <Data name="description">
            <value/>
          </Data>
          <Data name="説明">
            <value/>
          </Data>
          <Data name="nom">
            <value/>
          </Data>
        </ExtendedData>
        <Point>
          <coordinates>
            139.7734312,35.7147557,0
          </coordinates>
        </Point>
      </Placemark>
      <Placemark>
        <name>Higo-Hosokawa Garden</name>
        <description><![CDATA[description: <br>説明: <br>nom: ]]></description>
        <styleUrl>#icon-1720-0F9D58</styleUrl>
        <ExtendedData>
          <Data name="description">
            <value/>
          </Data>
          <Data name="説明">
            <value/>
          </Data>
          <Data name="nom">
            <value/>
          </Data>
        </ExtendedData>
        <Point>
          <coordinates>
            139.7226236,35.7130452,0
          </coordinates>
        </Point>
      </Placemark>
      <Placemark>
        <name>Main Garden</name>
        <description><![CDATA[description: <br>説明: <br>nom: ]]></description>
        <styleUrl>#icon-1720-0F9D58</styleUrl>
        <ExtendedData>
          <Data name="description">
            <value/>
          </Data>
          <Data name="説明">
            <value/>
          </Data>
          <Data name="nom">
            <value/>
          </Data>
        </ExtendedData>
        <Point>
          <coordinates>
            139.7286238,35.679427,0
          </coordinates>
        </Point>
      </Placemark>
      <Placemark>
        <name>Hie Shrine</name>
        <description><![CDATA[description: <br>説明: <br>nom: ]]></description>
        <styleUrl>#icon-1804-A52714</styleUrl>
        <ExtendedData>
          <Data name="description">
            <value/>
          </Data>
          <Data name="説明">
            <value/>
          </Data>
          <Data name="nom">
            <value/>
          </Data>
        </ExtendedData>
        <Point>
          <coordinates>
            139.7399379,35.6746656,0
          </coordinates>
        </Point>
      </Placemark>
      <Placemark>
        <name>Meiji Jingu</name>
        <description><![CDATA[description: Huge Shinto shrine complex in the middle of the city, wrapped in a forest that actually feels separate from Tokyo once you pass the giant torii. The long gravel approach is the point: quiet, tree-lined, and a reset after Shibuya and Harajuku, even though it can still be crowded. The main shrine is simple and spacious rather than ornate, with wedding processions and children in formal dress common on weekends. Entrance to the grounds is free; the Inner Garden and treasure museum charge small separate fees and are worth it if you want more time in nature, a lily pond, and a bit of sword and Meiji history.<br>説明: <br>nom: ]]></description>
        <styleUrl>#icon-1804-A52714</styleUrl>
        <ExtendedData>
          <Data name="description">
            <value>Huge Shinto shrine complex in the middle of the city, wrapped in a forest that actually feels separate from Tokyo once you pass the giant torii. The long gravel approach is the point: quiet, tree-lined, and a reset after Shibuya and Harajuku, even though it can still be crowded. The main shrine is simple and spacious rather than ornate, with wedding processions and children in formal dress common on weekends. Entrance to the grounds is free; the Inner Garden and treasure museum charge small separate fees and are worth it if you want more time in nature, a lily pond, and a bit of sword and Meiji history.</value>
          </Data>
          <Data name="説明">
            <value/>
          </Data>
          <Data name="nom">
            <value/>
          </Data>
        </ExtendedData>
        <Point>
          <coordinates>
            139.6993259,35.6763976,0
          </coordinates>
        </Point>
      </Placemark>
      <Placemark>
        <name>Fukagawa Fudou-dō (Naritasan Tokyo branch temple)</name>
        <description><![CDATA[description: If you only have time for one temple experience in Tokyo, make it this one. The main hall is a modern concrete space, but the goma fire ceremony is intense and unforgettable: monks chanting, taiko drums shaking the floor, conch shells, and columns of flame rising in front of Fudō Myōō. Services run several times a day, and it is worth sitting through the full ritual. Take off your shoes, keep your phone put away, and just let the sound and smoke wash over you.<br>説明: <br>nom: ]]></description>
        <styleUrl>#icon-1804-A52714</styleUrl>
        <ExtendedData>
          <Data name="description">
            <value>If you only have time for one temple experience in Tokyo, make it this one. The main hall is a modern concrete space, but the goma fire ceremony is intense and unforgettable: monks chanting, taiko drums shaking the floor, conch shells, and columns of flame rising in front of Fudō Myōō. Services run several times a day, and it is worth sitting through the full ritual. Take off your shoes, keep your phone put away, and just let the sound and smoke wash over you.</value>
          </Data>
          <Data name="説明">
            <value/>
          </Data>
          <Data name="nom">
            <value/>
          </Data>
        </ExtendedData>
        <Point>
          <coordinates>
            139.7983222,35.6728891,0
          </coordinates>
        </Point>
      </Placemark>
      <Placemark>
        <name>Tomioka Hachiman Shrine</name>
        <description><![CDATA[description: A big, atmospheric neighborhood shrine with a lot more history than you expect when you step through the main torii. The grounds are spacious and calm most days, but you can feel how important this place is to the area in the sumo monuments, the massive mikoshi displays, and the festival notices posted around the precincts.<br>説明: <br>nom: ]]></description>
        <styleUrl>#icon-1804-A52714</styleUrl>
        <ExtendedData>
          <Data name="description">
            <value>A big, atmospheric neighborhood shrine with a lot more history than you expect when you step through the main torii. The grounds are spacious and calm most days, but you can feel how important this place is to the area in the sumo monuments, the massive mikoshi displays, and the festival notices posted around the precincts.</value>
          </Data>
          <Data name="説明">
            <value/>
          </Data>
          <Data name="nom">
            <value/>
          </Data>
        </ExtendedData>
        <Point>
          <coordinates>
            139.799519,35.6717809,0
          </coordinates>
        </Point>
      </Placemark>
      <Placemark>
        <name>Yoyogi Park</name>
        <description><![CDATA[description: <br>説明: <br>nom: ]]></description>
        <styleUrl>#icon-1720-0F9D58</styleUrl>
        <ExtendedData>
          <Data name="description">
            <value/>
          </Data>
          <Data name="説明">
            <value/>
          </Data>
          <Data name="nom">
            <value/>
          </Data>
        </ExtendedData>
        <Point>
          <coordinates>
            139.6949656,35.6700649,0
          </coordinates>
        </Point>
      </Placemark>
      <Placemark>
        <name>Gōtokuji Temple</name>
        <description><![CDATA[description: <br>説明: <br>nom: ]]></description>
        <styleUrl>#icon-1804-A52714</styleUrl>
        <ExtendedData>
          <Data name="description">
            <value/>
          </Data>
          <Data name="説明">
            <value/>
          </Data>
          <Data name="nom">
            <value/>
          </Data>
        </ExtendedData>
        <Point>
          <coordinates>
            139.647481,35.6488124,0
          </coordinates>
        </Point>
      </Placemark>
      <Placemark>
        <name>Kasai Rinkai Park</name>
        <description><![CDATA[description: A great break from the dense parts of Tokyo. The park is huge and easy to reach, and the paths along the water are quiet and open. I came here with students after filming in the city, and it was one of the few places where we could actually stop, breathe, and reset before moving on. The ferris wheel gives a clear view of the bay, and the bird sanctuary is worth the walk if you want something calmer than the aquarium. Bring what you need before you enter because food options inside the park are limited.<br>説明: <br>nom: ]]></description>
        <styleUrl>#icon-1720-0F9D58</styleUrl>
        <ExtendedData>
          <Data name="description">
            <value>A great break from the dense parts of Tokyo. The park is huge and easy to reach, and the paths along the water are quiet and open. I came here with students after filming in the city, and it was one of the few places where we could actually stop, breathe, and reset before moving on. The ferris wheel gives a clear view of the bay, and the bird sanctuary is worth the walk if you want something calmer than the aquarium. Bring what you need before you enter because food options inside the park are limited.</value>
          </Data>
          <Data name="説明">
            <value/>
          </Data>
          <Data name="nom">
            <value/>
          </Data>
        </ExtendedData>
        <Point>
          <coordinates>
            139.8603206,35.6419847,0
          </coordinates>
        </Point>
      </Placemark>
      <Placemark>
        <name>Kinuta Park</name>
        <description><![CDATA[description: <br>説明: <br>nom: ]]></description>
        <styleUrl>#icon-1720-0F9D58</styleUrl>
        <ExtendedData>
          <Data name="description">
            <value/>
          </Data>
          <Data name="説明">
            <value/>
          </Data>
          <Data name="nom">
            <value/>
          </Data>
        </ExtendedData>
        <Point>
          <coordinates>
            139.6202039,35.6305007,0
          </coordinates>
        </Point>
      </Placemark>
      <Placemark>
        <name>Anamori Inari Shrine</name>
        <description><![CDATA[description: <br>説明: <br>nom: ]]></description>
        <styleUrl>#icon-1804-A52714</styleUrl>
        <ExtendedData>
          <Data name="description">
            <value/>
          </Data>
          <Data name="説明">
            <value/>
          </Data>
          <Data name="nom">
            <value/>
          </Data>
        </ExtendedData>
        <Point>
          <coordinates>
            139.7496877,35.5505165,0
          </coordinates>
        </Point>
      </Placemark>
      <Placemark>
        <name>Inokashira Park</name>
        <description><![CDATA[description: <br>説明: <br>nom: ]]></description>
        <styleUrl>#icon-1720-0F9D58</styleUrl>
        <ExtendedData>
          <Data name="description">
            <value/>
          </Data>
          <Data name="説明">
            <value/>
          </Data>
          <Data name="nom">
            <value/>
          </Data>
        </ExtendedData>
        <Point>
          <coordinates>
            139.5737018,35.6997476,0
          </coordinates>
        </Point>
      </Placemark>
      <Placemark>
        <name>Mount Mitake</name>
        <description><![CDATA[description: The best view of Fuji, and an amazing Hike; brewery nearby.<br>説明: <br>nom: ]]></description>
        <styleUrl>#icon-1720-0F9D58</styleUrl>
        <ExtendedData>
          <Data name="description">
            <value>The best view of Fuji, and an amazing Hike; brewery nearby.</value>
          </Data>
          <Data name="説明">
            <value/>
          </Data>
          <Data name="nom">
            <value/>
          </Data>
        </ExtendedData>
        <Point>
          <coordinates>
            139.1495027,35.7829416,0
          </coordinates>
        </Point>
      </Placemark>
      <Placemark>
        <name>Nagai Botanical Garden</name>
        <description><![CDATA[description: <br>説明: <br>nom: ]]></description>
        <styleUrl>#icon-1720-0F9D58</styleUrl>
        <ExtendedData>
          <Data name="description">
            <value/>
          </Data>
          <Data name="説明">
            <value/>
          </Data>
          <Data name="nom">
            <value/>
          </Data>
        </ExtendedData>
        <Point>
          <coordinates>
            135.5226211,34.6113141,0
          </coordinates>
        </Point>
      </Placemark>
      <Placemark>
        <name>Akame 48 Waterfalls</name>
        <description><![CDATA[description: <br>説明: <br>nom: ]]></description>
        <styleUrl>#icon-1720-0F9D58</styleUrl>
        <ExtendedData>
          <Data name="description">
            <value/>
          </Data>
          <Data name="説明">
            <value/>
          </Data>
          <Data name="nom">
            <value/>
          </Data>
        </ExtendedData>
        <Point>
          <coordinates>
            136.0857439,34.5636079,0
          </coordinates>
        </Point>
      </Placemark>
      <Placemark>
        <name>Murou Art Forest</name>
        <description><![CDATA[description: The installations are simple but they feel intentional, and the open space around them makes the whole park calm in a way most places in Kansai are not. The walk is easy, the air is clean, and the scenery around the hills is what stays with you more than the sculptures. There is no food inside and the facilities are older, so plan ahead, but if you like slow, quiet places where you can walk, read, or take photos without fighting for space, this is a good stop.<br>説明: <br>nom: ]]></description>
        <styleUrl>#icon-1720-0F9D58</styleUrl>
        <ExtendedData>
          <Data name="description">
            <value>The installations are simple but they feel intentional, and the open space around them makes the whole park calm in a way most places in Kansai are not. The walk is easy, the air is clean, and the scenery around the hills is what stays with you more than the sculptures. There is no food inside and the facilities are older, so plan ahead, but if you like slow, quiet places where you can walk, read, or take photos without fighting for space, this is a good stop.</value>
          </Data>
          <Data name="説明">
            <value/>
          </Data>
          <Data name="nom">
            <value/>
          </Data>
        </ExtendedData>
        <Point>
          <coordinates>
            136.0316225,34.5370822,0
          </coordinates>
        </Point>
      </Placemark>
      <Placemark>
        <name>Minoh Falls</name>
        <description><![CDATA[description: <br>説明: <br>nom: ]]></description>
        <styleUrl>#icon-1720-0F9D58</styleUrl>
        <ExtendedData>
          <Data name="description">
            <value/>
          </Data>
          <Data name="説明">
            <value/>
          </Data>
          <Data name="nom">
            <value/>
          </Data>
        </ExtendedData>
        <Point>
          <coordinates>
            135.4719911,34.8538281,0
          </coordinates>
        </Point>
      </Placemark>
      <Placemark>
        <name>Janokuchi Falls</name>
        <description><![CDATA[description: <br>説明: <br>nom: ]]></description>
        <styleUrl>#icon-1720-0F9D58</styleUrl>
        <ExtendedData>
          <Data name="description">
            <value/>
          </Data>
          <Data name="説明">
            <value/>
          </Data>
          <Data name="nom">
            <value/>
          </Data>
        </ExtendedData>
        <Point>
          <coordinates>
            130.5335971,30.2620177,0
          </coordinates>
        </Point>
      </Placemark>
      <Placemark>
        <name>Jōmon Sugi</name>
        <description><![CDATA[description: <br>説明: <br>nom: ]]></description>
        <styleUrl>#icon-1720-0F9D58</styleUrl>
        <ExtendedData>
          <Data name="description">
            <value/>
          </Data>
          <Data name="説明">
            <value/>
          </Data>
          <Data name="nom">
            <value/>
          </Data>
        </ExtendedData>
        <Point>
          <coordinates>
            130.5317994,30.3607272,0
          </coordinates>
        </Point>
      </Placemark>
      <Placemark>
        <name>Senpiro Falls</name>
        <description><![CDATA[description: <br>説明: <br>nom: ]]></description>
        <styleUrl>#icon-1720-0F9D58</styleUrl>
        <ExtendedData>
          <Data name="description">
            <value/>
          </Data>
          <Data name="説明">
            <value/>
          </Data>
          <Data name="nom">
            <value/>
          </Data>
        </ExtendedData>
        <Point>
          <coordinates>
            130.5822033,30.2623292,0
          </coordinates>
        </Point>
      </Placemark>
      <Placemark>
        <name>Kaimondake volcano</name>
        <description><![CDATA[description: <br>説明: <br>nom: ]]></description>
        <styleUrl>#icon-1634-E65100</styleUrl>
        <ExtendedData>
          <Data name="description">
            <value/>
          </Data>
          <Data name="説明">
            <value/>
          </Data>
          <Data name="nom">
            <value/>
          </Data>
        </ExtendedData>
        <Point>
          <coordinates>
            130.5283045,31.1801363,0
          </coordinates>
        </Point>
      </Placemark>
      <Placemark>
        <name>Kiiji Route</name>
        <description><![CDATA[description: Statistics computed from imported data<br><br>Distance: 107.5 miles<br>Minimum Elevation: 1 feet<br>Maximum Elevation: 1575 feet<br>Total climb: 6429 feet<br>Total descent: 6490 feet<br>説明: <br>nom: ]]></description>
        <styleUrl>#line-000000-1200</styleUrl>
        <ExtendedData>
          <Data name="description">
            <value>Statistics computed from imported data

Distance: 107.5 miles
Minimum Elevation: 1 feet
Maximum Elevation: 1575 feet
Total climb: 6429 feet
Total descent: 6490 feet</value>
          </Data>
          <Data name="説明">
            <value/>
          </Data>
          <Data name="nom">
            <value/>
          </Data>
        </ExtendedData>
        <LineString>
          <tessellate>1</tessellate>
          <coordinates>
            135.51713,34.6905,24.87
            135.51715,34.6905,25.12
            135.51715,34.69048,26.16
            135.51715,34.69045,27.72
            135.51715,34.69042,29.29
            135.51715,34.6904,30.33
            135.51713,34.68991,44.84
            135.5171,34.68989,43.97
            135.51705,34.68985,42.68
            135.51705,34.68977,41.63
            135.51704,34.68971,40.69
            135.51704,34.68969,40.18
            135.51711,34.68968,39.82
            135.51716,34.68966,39.13
            135.51719,34.68962,37.82
            135.51716,34.68916,31.59
            135.51715,34.6891,31.01
            135.51592,34.68915,26.94
            135.51589,34.68875,22.63
            135.51588,34.6887,22.76
            135.51582,34.688,23.83
            135.51577,34.68749,23.48
            135.51573,34.687,26.95
            135.51573,34.68656,28.51
            135.51456,34.68658,29.26
            135.51449,34.68659,28.18
            135.51449,34.68655,28.54
            135.51449,34.68649,29.08
            135.51449,34.68635,29.42
            135.51448,34.68612,25.9
            135.51445,34.68609,24.74
            135.51443,34.68608,24.3
            135.51323,34.68618,19.52
            135.51323,34.68617,19.35
            135.51323,34.68613,18.69
            135.51323,34.68609,18.4
            135.51323,34.68607,18.43
            135.51322,34.68607,18.47
            135.51319,34.68605,18.63
            135.51318,34.68568,20.02
            135.51316,34.68568,20.28
            135.51313,34.68568,20.68
            135.51309,34.68568,21.2
            135.51308,34.68568,21.33
            135.51306,34.68565,21.92
            135.51306,34.68562,22.24
            135.51306,34.6856,22.45
            135.51307,34.68557,22.59
            135.51304,34.68476,22.46
            135.51302,34.68475,22.6
            135.51302,34.68474,22.74
            135.51302,34.6847,23.31
            135.51302,34.68466,23.87
            135.51302,34.68465,24.01
            135.51303,34.68463,24.3
            135.51302,34.6842,27.75
            135.51301,34.68415,27.96
            135.51301,34.68411,28.24
            135.51299,34.68357,33.36
            135.51299,34.68354,32.68
            135.51298,34.68353,32.38
            135.51294,34.68353,32.07
            135.51294,34.68352,31.87
            135.51294,34.68344,30.21
            135.51294,34.68337,28.76
            135.51294,34.68336,28.55
            135.51196,34.68337,24.73
            135.51196,34.68335,24.42
            135.51184,34.68326,21.35
            135.51182,34.68326,20.99
            135.51185,34.68288,20.53
            135.51185,34.68285,20.57
            135.51186,34.6828,20.67
            135.51188,34.68245,14.97
            135.51189,34.68241,13.93
            135.51189,34.68237,12.92
            135.51191,34.6821,8.68
            135.51193,34.68209,8.58
            135.51193,34.68201,8.29
            135.5119,34.68202,8.43
            135.51181,34.68204,8.83
            135.51181,34.68191,9.04
            135.51182,34.68177,11.31
            135.51183,34.68162,13.71
            135.51185,34.68149,15.56
            135.51186,34.68143,16.33
            135.51192,34.68069,14.05
            135.51192,34.68063,13.58
            135.51193,34.68055,12.98
            135.51198,34.67984,12.9
            135.51204,34.67921,13.92
            135.51204,34.67919,14.12
            135.51195,34.67919,13.85
            135.51193,34.67919,13.93
            135.51191,34.67919,14.07
            135.51186,34.67915,14.67
            135.51185,34.67915,14.74
            135.51139,34.67918,17
            135.51134,34.67918,17.14
            135.51129,34.67919,17.24
            135.51111,34.67919,17.66
            135.51064,34.67919,13.25
            135.51063,34.67919,13.11
            135.51057,34.67919,12.28
            135.51057,34.67918,12.25
            135.51057,34.67914,12.48
            135.51057,34.67911,12.78
            135.51057,34.67909,12.98
            135.51054,34.67909,12.88
            135.51053,34.67909,12.92
            135.51049,34.67909,13.06
            135.51049,34.67908,13.17
            135.5105,34.67832,12.69
            135.51051,34.67795,15.15
            135.51053,34.67756,17.84
            135.51054,34.67676,21.58
            135.51067,34.67676,18.04
            135.51121,34.67675,14.7
            135.51138,34.67674,12.89
            135.51138,34.67596,16.55
            135.51138,34.67538,17.22
            135.51138,34.67532,17.64
            135.51129,34.67532,17.09
            135.51129,34.67521,16.82
            135.51137,34.67521,17.18
            135.51137,34.67515,16.58
            135.51137,34.6751,16.07
            135.51134,34.6743,14.86
            135.51131,34.67377,15.17
            135.5113,34.67359,12.63
            135.5113,34.67354,12.5
            135.51129,34.67349,12.39
            135.51127,34.67297,17.35
            135.51123,34.67233,19.46
            135.5112,34.67186,13.87
            135.51117,34.67139,16.63
            135.51115,34.67099,13.52
            135.51108,34.6698,12.45
            135.51104,34.66922,15.39
            135.51144,34.66919,13.83
            135.51144,34.66914,13.83
            135.51144,34.66912,13.69
            135.5114,34.66852,11.42
            135.5114,34.66849,11.53
            135.5114,34.66845,11.68
            135.51139,34.66841,11.73
            135.51139,34.66839,11.81
            135.51138,34.66822,12.98
            135.51137,34.6681,14.02
            135.51132,34.66762,15.68
            135.5113,34.66761,15.73
            135.5113,34.66757,15.83
            135.51128,34.66714,11.35
            135.51137,34.66713,12.15
            135.51136,34.66694,10.81
            135.51134,34.66673,11.69
            135.51133,34.66659,13.36
            135.51132,34.66648,15.2
            135.51144,34.66647,16.91
            135.51143,34.66645,17.19
            135.51128,34.66489,14.13
            135.51116,34.66369,10.54
            135.51115,34.66359,10.99
            135.51107,34.66264,12.53
            135.51106,34.66253,11.15
            135.51104,34.66229,11.78
            135.511,34.66169,17.27
            135.51097,34.66143,19.2
            135.51093,34.66094,15.95
            135.51091,34.66053,10.37
            135.5109,34.66036,9.07
            135.5109,34.66033,8.86
            135.51092,34.6603,8.78
            135.51092,34.66025,8.59
            135.51092,34.6602,8.54
            135.5109,34.66018,8.4
            135.51089,34.66015,8.31
            135.51088,34.66002,8.18
            135.51082,34.65916,14.98
            135.51077,34.65856,11
            135.51074,34.65829,10.1
            135.51069,34.65798,11.3
            135.51065,34.65778,11.99
            135.51063,34.65764,11.87
            135.51056,34.65727,12.81
            135.51097,34.65721,13.09
            135.5111,34.65717,14.3
            135.51122,34.65713,15.45
            135.51126,34.65695,18.07
            135.51126,34.65681,17.11
            135.51119,34.6564,13.39
            135.5112,34.65621,14.2
            135.51134,34.65606,14.57
            135.51142,34.656,15.24
            135.51148,34.65593,16.17
            135.51151,34.6559,16.61
            135.51153,34.65588,16.92
            135.51193,34.65584,19.78
            135.51233,34.65583,19.78
            135.51301,34.65581,17.87
            135.51295,34.65467,22.75
            135.51293,34.65404,27.68
            135.51298,34.65398,27.29
            135.51299,34.65379,24.29
            135.51299,34.65371,22.48
            135.51305,34.65371,22.49
            135.51304,34.65363,20.52
            135.51331,34.65364,27.01
            135.51341,34.65359,27.15
            135.51347,34.65352,26.36
            135.51356,34.65352,25.28
            135.51356,34.65314,22.21
            135.51356,34.65284,23
            135.51356,34.65269,24.5
            135.51373,34.65261,24.89
            135.51374,34.65228,25.11
            135.51376,34.6521,23.92
            135.51384,34.65152,25.91
            135.51387,34.65121,26.17
            135.51387,34.65111,25.85
            135.51386,34.65103,25.04
            135.51375,34.65053,24.22
            135.51366,34.65018,22.6
            135.51361,34.64995,25.72
            135.51359,34.64986,26.9
            135.51358,34.64979,27.77
            135.51354,34.64952,31.52
            135.5135,34.64922,32.28
            135.51343,34.6488,23.09
            135.5134,34.64859,18.48
            135.51339,34.64852,18.4
            135.5133,34.64787,24.27
            135.51329,34.64778,25.35
            135.51327,34.64762,26.79
            135.51321,34.64725,34.32
            135.51312,34.64673,39.73
            135.5131,34.64661,39.79
            135.51288,34.64568,29.51
            135.51285,34.64559,28.71
            135.51268,34.64488,18.3
            135.51267,34.64481,18.22
            135.51265,34.64474,18.08
            135.51252,34.64476,17.14
            135.51248,34.64477,16.92
            135.51241,34.64478,16.61
            135.5123,34.6448,16.08
            135.51224,34.64454,16.11
            135.51217,34.64423,18.7
            135.51214,34.6441,19.76
            135.51195,34.64334,22.94
            135.51192,34.6433,23.61
            135.51187,34.64328,23.78
            135.51186,34.64321,25.09
            135.51184,34.64314,26.28
            135.51187,34.64307,27.91
            135.5118,34.64276,31.8
            135.51177,34.64271,32.63
            135.51173,34.64253,35.06
            135.51172,34.64245,36.66
            135.51164,34.64209,43.68
            135.51171,34.64208,42.08
            135.51159,34.64152,29.22
            135.51156,34.64138,25.95
            135.51155,34.64129,25.44
            135.51152,34.64112,24.58
            135.51131,34.64045,24.24
            135.5113,34.64041,23.83
            135.51125,34.64027,21.6
            135.51112,34.63984,25.79
            135.51105,34.63959,29.06
            135.51103,34.63952,30.14
            135.51101,34.63945,31.18
            135.51099,34.63938,31
            135.5109,34.63909,28.03
            135.51088,34.639,25.37
            135.51087,34.63896,24.18
            135.5108,34.63873,21.28
            135.51074,34.6385,20.81
            135.51067,34.63827,22.04
            135.51061,34.63808,26.71
            135.51049,34.63765,33.27
            135.51046,34.63758,33.17
            135.51044,34.63752,32.96
            135.51037,34.63728,27.79
            135.51031,34.63706,21.65
            135.51024,34.63671,16.29
            135.51022,34.63659,16.99
            135.51022,34.63649,18.28
            135.51023,34.63644,18.98
            135.51023,34.63637,19.48
            135.51023,34.63632,19
            135.51016,34.63588,20.1
            135.51016,34.63584,20.64
            135.51013,34.6357,22.16
            135.51002,34.63504,27.25
            135.51001,34.63497,28.16
            135.51,34.63493,28.76
            135.50996,34.63465,31.77
            135.5099,34.63423,29.21
            135.50983,34.63423,27.49
            135.50983,34.63421,27.05
            135.50981,34.63408,25.04
            135.50979,34.634,24.22
            135.50973,34.63395,23.11
            135.50974,34.63389,23.19
            135.50974,34.6338,21.85
            135.50975,34.63375,21.15
            135.50968,34.63376,20.76
            135.50965,34.63377,20.62
            135.50932,34.63288,25.2
            135.50922,34.63258,24.86
            135.50897,34.63182,21.19
            135.50894,34.63175,20.98
            135.50878,34.6313,21.94
            135.50867,34.63103,24.27
            135.50866,34.63102,24.23
            135.50857,34.63084,22.6
            135.50843,34.63068,22.12
            135.50793,34.6302,22.62
            135.50781,34.63008,20.53
            135.50762,34.6299,18.12
            135.50746,34.62971,17.6
            135.50726,34.6295,19.18
            135.50704,34.62926,15.02
            135.50668,34.62886,15.9
            135.50652,34.62869,14
            135.50644,34.6286,12.75
            135.50639,34.62861,12.03
            135.50636,34.62862,12.41
            135.50634,34.62862,12.62
            135.5061,34.62829,15.09
            135.50584,34.62793,17.43
            135.50552,34.62747,15.22
            135.50537,34.62728,13.07
            135.50516,34.62697,15.32
            135.50505,34.62681,15.82
            135.50495,34.62665,16.66
            135.50477,34.62637,22.92
            135.50432,34.62576,21.43
            135.50424,34.62563,19.87
            135.5041,34.62544,18.94
            135.50347,34.6255,14.69
            135.50287,34.62558,13.19
            135.50285,34.62558,13.11
            135.50229,34.62564,16.66
            135.50159,34.62572,13.26
            135.50135,34.62575,11.57
            135.50132,34.62575,11.55
            135.50072,34.62578,12.89
            135.50019,34.62585,13.14
            135.50008,34.62552,14.04
            135.49989,34.62509,17.61
            135.49978,34.62484,17.76
            135.4991,34.62507,22.19
            135.49839,34.62539,17.02
            135.49828,34.62543,17.24
            135.49811,34.62542,17.4
            135.49807,34.62542,17.47
            135.49796,34.6255,16.37
            135.49787,34.62553,15.63
            135.49783,34.62554,15.34
            135.49752,34.62556,13.17
            135.49715,34.62556,18.99
            135.49705,34.62556,20.41
            135.49703,34.62558,20.35
            135.497,34.62559,20.56
            135.49684,34.62568,18.02
            135.49673,34.62574,15.19
            135.49664,34.62578,12.98
            135.49653,34.6258,11.13
            135.49642,34.62579,9.87
            135.49633,34.62576,9.62
            135.49612,34.62568,9.05
            135.49583,34.62559,14.61
            135.49573,34.62556,14.22
            135.49564,34.62557,13.52
            135.49549,34.62559,13.08
            135.49546,34.62551,13.34
            135.49524,34.62493,14.28
            135.49502,34.62436,15.66
            135.4948,34.62378,11.67
            135.49462,34.62335,13.93
            135.49458,34.62324,15.3
            135.49451,34.62324,14.29
            135.49448,34.62324,13.86
            135.49447,34.62324,13.72
            135.49445,34.62318,14.93
            135.49441,34.6231,16.46
            135.49435,34.62295,17.15
            135.49421,34.62263,14.87
            135.49408,34.6223,13.55
            135.49387,34.62176,12.69
            135.49367,34.62126,7.75
            135.49349,34.62079,8.03
            135.49343,34.62062,9.07
            135.49338,34.62051,9.66
            135.49336,34.62046,9.81
            135.49327,34.62023,10
            135.49316,34.61998,9.52
            135.49306,34.61974,8.97
            135.49299,34.61954,9.42
            135.49287,34.61917,13.28
            135.49284,34.61907,13.17
            135.49283,34.61903,13.15
            135.49262,34.61839,10.02
            135.49256,34.61816,9.73
            135.49252,34.61802,9.13
            135.49246,34.61773,9.05
            135.4924,34.61749,9.51
            135.49222,34.61663,8.75
            135.49216,34.61631,8.18
            135.49208,34.61592,11.74
            135.49197,34.61538,18.32
            135.49181,34.61453,22.21
            135.49176,34.61427,18.15
            135.49173,34.61416,15.32
            135.49172,34.61412,14.45
            135.49167,34.61397,11.46
            135.49149,34.61347,10.12
            135.4912,34.61271,10.17
            135.49117,34.61263,10.42
            135.49116,34.61259,10.56
            135.49095,34.61166,20.53
            135.49095,34.61159,21.1
            135.49095,34.61147,22.08
            135.49098,34.61133,22.43
            135.49078,34.61055,16.04
            135.49075,34.61044,15.38
            135.49068,34.61023,13.21
            135.49066,34.61017,12.28
            135.49066,34.61015,12.1
            135.49059,34.6099,10.92
            135.49041,34.60932,17.97
            135.49039,34.60927,18.22
            135.49046,34.60927,17.97
            135.49043,34.60918,18.4
            135.49037,34.60918,18.62
            135.49036,34.60914,18.54
            135.49028,34.60886,17
            135.49008,34.60822,7.95
            135.49004,34.60807,8.71
            135.48994,34.60774,10.54
            135.48993,34.6077,10.26
            135.48961,34.60662,8.5
            135.48929,34.60551,12.08
            135.48919,34.60511,8.42
            135.48914,34.60496,8.21
            135.48899,34.60437,10.47
            135.48879,34.60371,8.13
            135.48866,34.60331,8.14
            135.48861,34.60314,9.4
            135.48855,34.60298,10.75
            135.48845,34.60268,9.94
            135.48841,34.60257,8.76
            135.48823,34.60204,8.18
            135.48822,34.602,8.52
            135.48814,34.6018,8.32
            135.48809,34.60167,7.89
            135.488,34.60145,7.6
            135.4878,34.60096,14.27
            135.48778,34.60091,15.13
            135.48774,34.60084,15.52
            135.48754,34.60042,11.29
            135.4869,34.59912,8.35
            135.48658,34.59846,7.52
            135.48645,34.59817,6.76
            135.48632,34.5979,6.14
            135.48631,34.59789,6.17
            135.48629,34.59784,6.28
            135.48602,34.59728,6.42
            135.486,34.59723,6.06
            135.48599,34.5972,5.95
            135.48599,34.59719,5.93
            135.4853,34.59552,8.45
            135.48528,34.59548,9.08
            135.48524,34.59549,8.78
            135.48493,34.59555,7.05
            135.48492,34.5955,7.54
            135.48493,34.59546,7.95
            135.48503,34.59535,9.41
            135.48519,34.5952,11.18
            135.48514,34.59503,10.56
            135.48506,34.59478,9.25
            135.48503,34.59468,8.73
            135.48494,34.59439,6.8
            135.48485,34.5941,6.48
            135.48483,34.59403,6.98
            135.4848,34.59393,7.7
            135.48469,34.59358,11.22
            135.48464,34.59341,11.38
            135.48453,34.593,8.34
            135.48433,34.59222,9.6
            135.4842,34.59158,9.12
            135.48404,34.59109,9.2
            135.48362,34.59,11.97
            135.48321,34.5889,9.43
            135.48301,34.58835,12.01
            135.48285,34.58793,15
            135.48282,34.5879,15.42
            135.48284,34.58789,15.39
            135.48286,34.58788,15.33
            135.4829,34.58786,15.18
            135.48291,34.58785,15.16
            135.48293,34.58782,15.15
            135.48322,34.58764,14.79
            135.48325,34.58763,14.9
            135.48326,34.58762,14.99
            135.48357,34.58743,15.2
            135.48359,34.58742,14.97
            135.48361,34.5874,14.48
            135.48365,34.58738,13.9
            135.48367,34.58737,13.67
            135.48403,34.58714,9.48
            135.48406,34.58712,8.63
            135.48408,34.58711,8.16
            135.48441,34.5869,5.08
            135.48449,34.58685,5.17
            135.48445,34.58681,5.03
            135.48441,34.58677,5.31
            135.48448,34.58672,5.31
            135.48447,34.58669,5.25
            135.48411,34.58568,6.27
            135.48407,34.5856,7.56
            135.48407,34.58558,7.66
            135.48413,34.58555,6.15
            135.48371,34.58438,7.92
            135.4838,34.58436,7.79
            135.48354,34.58366,11.13
            135.48342,34.58333,10.28
            135.48318,34.58269,9.09
            135.48291,34.58193,9.27
            135.48255,34.58091,5.95
            135.4825,34.58079,5.84
            135.48247,34.5807,5.52
            135.48212,34.57953,6.7
            135.48203,34.57925,7.15
            135.48195,34.579,5.46
            135.48187,34.57877,5.89
            135.48183,34.57856,6.74
            135.48179,34.57841,7.25
            135.48178,34.57837,7.44
            135.48164,34.57798,7.75
            135.4815,34.57759,7.46
            135.48148,34.57753,7.37
            135.48144,34.57742,7.18
            135.4814,34.57733,7.04
            135.48121,34.57682,5.61
            135.48093,34.57611,6.99
            135.48084,34.57588,5.38
            135.48071,34.57554,6.17
            135.48066,34.57542,7.34
            135.48061,34.57526,8.64
            135.48054,34.57506,11.15
            135.48046,34.57486,11.67
            135.48039,34.57472,11.59
            135.48034,34.57445,11.56
            135.48016,34.57405,16.24
            135.47994,34.57368,18.66
            135.47998,34.57366,19.27
            135.47993,34.57357,18.8
            135.47986,34.57347,16.96
            135.47992,34.57344,17.29
            135.47991,34.57339,16.64
            135.47996,34.57328,16.76
            135.48004,34.57317,17.95
            135.48015,34.57307,20.75
            135.48042,34.57283,22.7
            135.48064,34.57269,23.56
            135.48076,34.57262,23.7
            135.4813,34.57255,21.74
            135.48131,34.57212,13.36
            135.48131,34.57208,12.5
            135.48128,34.5716,14.41
            135.48128,34.57157,14.69
            135.48124,34.57119,17.92
            135.4812,34.57072,22.91
            135.48126,34.57069,23.02
            135.48136,34.57065,23.24
            135.4813,34.57058,22.77
            135.48114,34.57037,20.42
            135.48109,34.5703,20.31
            135.48115,34.57025,19.34
            135.48109,34.57017,19.73
            135.48108,34.57015,19.71
            135.48051,34.56948,14.24
            135.4805,34.56947,14.33
            135.48048,34.56944,14.54
            135.48046,34.56942,14.66
            135.48045,34.5694,14.7
            135.47972,34.56853,15
            135.4797,34.56852,15.03
            135.47968,34.56849,15.02
            135.47965,34.56846,14.98
            135.47964,34.56844,14.93
            135.47892,34.56758,9.74
            135.47891,34.56756,9.29
            135.47889,34.56754,8.73
            135.47886,34.56751,8.89
            135.47885,34.5675,8.98
            135.47854,34.56713,15.75
            135.4785,34.56707,14.7
            135.47852,34.56702,14.1
            135.47813,34.56655,13.92
            135.47811,34.56652,14.27
            135.47807,34.56648,14.91
            135.47757,34.56587,20.09
            135.47754,34.56584,20.11
            135.47751,34.5658,19.67
            135.47701,34.56521,11.42
            135.47697,34.56516,11.94
            135.47692,34.56511,12.44
            135.47633,34.56441,18.37
            135.47626,34.56431,19.68
            135.47621,34.56425,19.86
            135.47615,34.56418,19.38
            135.47584,34.56381,13.2
            135.47574,34.5637,12.08
            135.47566,34.56361,11.62
            135.4749,34.56269,19.74
            135.47478,34.56255,19.43
            135.47471,34.56246,19.16
            135.47466,34.56241,19.26
            135.47461,34.56234,19.05
            135.4745,34.56221,17.57
            135.47441,34.56209,16.81
            135.4741,34.56179,13.91
            135.47407,34.56169,12.65
            135.47403,34.56165,12.52
            135.47346,34.56098,11.77
            135.47343,34.56094,11.52
            135.47339,34.56089,11.25
            135.47285,34.56024,10.69
            135.47279,34.56017,10.49
            135.47274,34.56011,10.55
            135.47249,34.55982,15.49
            135.4722,34.55946,15.73
            135.47214,34.55938,14.7
            135.47207,34.5593,14.19
            135.47068,34.55766,19.75
            135.4704,34.55731,14.21
            135.47034,34.55724,13.37
            135.47029,34.55717,12.85
            135.46978,34.55658,15.61
            135.46973,34.55652,15.47
            135.46968,34.55646,15.07
            135.469,34.55565,12.16
            135.4686,34.55516,12.54
            135.46858,34.55512,12.32
            135.46854,34.55503,11.85
            135.46846,34.55496,11.38
            135.46836,34.5549,10.77
            135.46818,34.55477,10.17
            135.46793,34.55461,12.03
            135.46729,34.55418,16.38
            135.46696,34.55396,15.72
            135.46623,34.55348,17.04
            135.46617,34.55345,17.37
            135.46612,34.55341,17.69
            135.46576,34.55317,15.75
            135.46569,34.5531,14.8
            135.46562,34.55302,14.2
            135.46552,34.55285,13.93
            135.46535,34.55247,15.35
            135.46515,34.55201,10.09
            135.46505,34.55177,7.09
            135.46499,34.55166,6.02
            135.4649,34.55146,7.01
            135.46487,34.55138,7.46
            135.46485,34.55132,7.39
            135.46469,34.55097,4.99
            135.46468,34.55093,4.74
            135.46454,34.55062,4.68
            135.46423,34.54988,10.87
            135.4642,34.54981,10.96
            135.46408,34.54953,12.41
            135.46404,34.54944,12.89
            135.46395,34.54923,13.22
            135.46377,34.54879,10.62
            135.46375,34.54875,10
            135.46354,34.54826,7.51
            135.46346,34.54801,8.57
            135.46342,34.54785,10.32
            135.46333,34.54771,12.26
            135.46327,34.5476,14.82
            135.46316,34.5472,15.3
            135.46298,34.54688,11.75
            135.46295,34.54683,11.98
            135.46271,34.54637,12.11
            135.4626,34.54609,10.67
            135.46215,34.54496,9.8
            135.46207,34.54484,9.69
            135.46186,34.54436,13.82
            135.46178,34.54416,16.32
            135.46167,34.54391,21.43
            135.46163,34.5438,20.28
            135.4615,34.54343,13.51
            135.46128,34.54285,10.29
            135.46103,34.54221,14.31
            135.461,34.54211,14.48
            135.46091,34.5419,14.28
            135.4608,34.54164,13.77
            135.46074,34.54149,12.81
            135.4607,34.54138,12.01
            135.46065,34.54127,11.25
            135.46063,34.54124,11
            135.46053,34.54101,10.67
            135.46049,34.54091,11.38
            135.46048,34.54088,11.62
            135.46042,34.54076,12.79
            135.46024,34.54038,16.63
            135.46016,34.54025,17.04
            135.46002,34.53995,17.93
            135.45993,34.53974,17.73
            135.45965,34.53907,12.86
            135.45944,34.53861,17.95
            135.45934,34.53837,14.1
            135.45914,34.53794,16.42
            135.45908,34.53768,20.26
            135.45908,34.5374,22.94
            135.45909,34.53732,23.19
            135.4591,34.53726,23.42
            135.45912,34.53722,23.66
            135.45904,34.53722,23.08
            135.45882,34.53722,21
            135.45856,34.5372,18.25
            135.45851,34.53718,18.46
            135.45843,34.53706,18.86
            135.45832,34.53703,19.15
            135.45808,34.53701,22.27
            135.45808,34.53697,23.06
            135.45807,34.53692,23.06
            135.45805,34.53687,21.82
            135.45805,34.53684,20.96
            135.45792,34.5363,20.41
            135.45776,34.53558,19.34
            135.45773,34.53542,19.4
            135.45773,34.53531,19.73
            135.45773,34.53506,20.34
            135.45774,34.5348,21.7
            135.45774,34.53474,22.04
            135.45774,34.53452,23
            135.45772,34.53421,20.78
            135.45771,34.53372,18.73
            135.4577,34.53337,20.03
            135.4577,34.53332,20.21
            135.45706,34.53341,19.53
            135.45711,34.53359,18.36
            135.45706,34.53341,19.53
            135.45693,34.53291,21.39
            135.45681,34.5324,17.88
            135.4567,34.53195,20.08
            135.45668,34.53188,20.04
            135.45666,34.53177,20.02
            135.45652,34.53138,23.45
            135.45637,34.53102,21.07
            135.45626,34.53102,21.47
            135.4561,34.53101,21.92
            135.45595,34.53101,22.07
            135.45593,34.53085,19.61
            135.45553,34.53087,22.13
            135.45516,34.53093,21.5
            135.45481,34.53101,19.77
            135.45433,34.53115,16.01
            135.45427,34.53065,15.11
            135.45419,34.53007,23.43
            135.45416,34.52982,21.41
            135.45403,34.52952,18.9
            135.45394,34.52929,20.59
            135.45392,34.52918,21.85
            135.4539,34.52898,24.12
            135.4534,34.52901,16.95
            135.4529,34.52903,15.65
            135.45225,34.52905,16.9
            135.45219,34.52872,16.14
            135.45208,34.52823,20.3
            135.45201,34.52803,19.68
            135.45189,34.52773,20.05
            135.45178,34.52752,15.6
            135.4515,34.52703,14.18
            135.45094,34.52613,10.15
            135.45082,34.52595,9.02
            135.45024,34.52508,15.43
            135.45008,34.52483,17.24
            135.44977,34.52434,16.69
            135.44945,34.52384,14.07
            135.4491,34.5233,11.45
            135.4486,34.52252,14
            135.44752,34.52084,14.74
            135.44691,34.5199,14.75
            135.44676,34.51965,13.15
            135.44636,34.51904,13.35
            135.44614,34.51874,16.89
            135.44597,34.51854,17.5
            135.44571,34.51827,14.84
            135.44549,34.51808,12.53
            135.44518,34.51786,12.2
            135.44483,34.51763,13.29
            135.44316,34.51659,11.72
            135.44158,34.51561,10.43
            135.44019,34.51473,11.3
            135.43904,34.51396,13.48
            135.43873,34.51373,13.67
            135.43849,34.51355,12.88
            135.4376,34.51276,10.89
            135.43703,34.51218,13.58
            135.43662,34.51173,12.61
            135.43572,34.51077,8.81
            135.43519,34.51014,10.14
            135.43486,34.50979,11.5
            135.4345,34.50939,11.41
            135.43445,34.50934,10.87
            135.43444,34.50933,10.79
            135.43307,34.50779,10.15
            135.43244,34.5071,9.48
            135.43153,34.50607,14.76
            135.43142,34.50596,14.75
            135.43123,34.50575,12.73
            135.43075,34.50522,9.89
            135.43049,34.50492,14.44
            135.43019,34.50457,13.94
            135.42962,34.5039,12.97
            135.42933,34.50345,11.94
            135.42912,34.50309,13.16
            135.42894,34.50274,13.6
            135.42883,34.50255,13.88
            135.42856,34.50187,12
            135.42841,34.50136,14.52
            135.42823,34.50068,15.08
            135.42817,34.50038,13.78
            135.428,34.49943,14.11
            135.42798,34.49932,13.14
            135.42782,34.49843,11.45
            135.42779,34.49831,11.21
            135.42777,34.49826,11.52
            135.42771,34.49804,12.87
            135.42762,34.49771,13.98
            135.42749,34.49735,12.53
            135.42729,34.49687,14.09
            135.42693,34.49623,18.47
            135.42669,34.49584,20.74
            135.42631,34.49527,15.56
            135.42606,34.49499,16.73
            135.42579,34.49466,18.05
            135.42566,34.49452,16.02
            135.42492,34.49379,22.61
            135.42378,34.49267,30.05
            135.4224,34.4913,17.4
            135.42205,34.49099,16.16
            135.42179,34.49075,17.87
            135.42111,34.49009,20.03
            135.41957,34.48859,25.48
            135.41885,34.48788,22.32
            135.41744,34.48648,23.44
            135.41695,34.486,17.26
            135.41693,34.48598,17.31
            135.41648,34.48554,20.78
            135.41636,34.4854,21.95
            135.41629,34.48534,21.72
            135.4161,34.48514,18.95
            135.41597,34.48501,18.49
            135.41502,34.48405,19.6
            135.41367,34.48277,15.02
            135.41363,34.48274,15.13
            135.41275,34.48188,18.86
            135.41217,34.48134,18.98
            135.41207,34.48124,18.72
            135.41162,34.4808,16.08
            135.41118,34.48034,15.36
            135.41055,34.4797,20.14
            135.4098,34.47898,15.33
            135.40952,34.47874,16.46
            135.40939,34.47863,17.03
            135.40918,34.47845,16.94
            135.4084,34.4779,14.89
            135.40783,34.47749,16.09
            135.40502,34.47554,19.79
            135.40398,34.47474,16.7
            135.40344,34.47427,18.65
            135.40314,34.47401,17.25
            135.40291,34.47378,16.92
            135.40262,34.47347,19.59
            135.40228,34.47311,19.72
            135.40188,34.47264,16.16
            135.40195,34.4726,16.07
            135.40192,34.47257,15.6
            135.40192,34.47254,15.27
            135.40189,34.47251,14.72
            135.40186,34.47247,14.78
            135.40183,34.47246,14.73
            135.40182,34.47245,14.81
            135.40164,34.47222,18.09
            135.40122,34.47166,21.72
            135.40072,34.47095,22.87
            135.40069,34.4709,22.46
            135.40069,34.47084,22.02
            135.40066,34.4708,21.63
            135.40064,34.47076,21.34
            135.40058,34.47074,20.84
            135.40056,34.47072,20.62
            135.39983,34.46964,21.47
            135.39983,34.46951,20.64
            135.3998,34.46946,20.53
            135.39974,34.46938,20.39
            135.39963,34.46934,19.79
            135.39886,34.46829,25.35
            135.39883,34.46825,25.66
            135.39882,34.46821,25.83
            135.3988,34.46818,26.02
            135.39878,34.46814,26.21
            135.39875,34.46813,26.37
            135.39873,34.4681,26.5
            135.39842,34.46763,19.8
            135.39827,34.46739,17.48
            135.39796,34.46695,20.21
            135.39755,34.46637,20.11
            135.3972,34.4659,19.68
            135.39698,34.46563,15.5
            135.39695,34.46559,15.15
            135.39666,34.46523,15.67
            135.39665,34.46519,15.44
            135.39665,34.46516,15.25
            135.39658,34.46508,15.46
            135.39652,34.465,16.11
            135.39643,34.46497,17.48
            135.39584,34.46433,25.85
            135.39526,34.46374,17.67
            135.39525,34.4637,18.29
            135.39525,34.46366,18.93
            135.39526,34.46364,19.33
            135.3952,34.46357,18.72
            135.39515,34.46352,17.64
            135.39508,34.46352,16.88
            135.39501,34.46349,15.8
            135.39495,34.46342,14.64
            135.39445,34.46293,16.5
            135.39442,34.46289,16.39
            135.39422,34.46269,16.77
            135.3942,34.46267,17.06
            135.39421,34.46265,17.46
            135.39432,34.46227,21.1
            135.39443,34.46191,19.67
            135.39462,34.46128,18.65
            135.39463,34.46125,18.67
            135.39464,34.46122,18.68
            135.39461,34.4612,18.38
            135.39463,34.46116,18.45
            135.39464,34.46114,18.48
            135.39469,34.461,19.43
            135.3948,34.46073,21.88
            135.39477,34.46071,21.48
            135.39486,34.46059,21.31
            135.39483,34.46056,21.03
            135.39507,34.4603,15.52
            135.39529,34.46,13.13
            135.39554,34.45966,16.17
            135.39558,34.45962,16.42
            135.39553,34.45957,16.46
            135.39572,34.45929,16.67
            135.39582,34.45916,16.07
            135.39607,34.45883,16.96
            135.39612,34.45877,17.67
            135.39616,34.45871,18.29
            135.39622,34.45864,18.84
            135.3965,34.45828,20.33
            135.39664,34.45813,18.7
            135.39695,34.45783,19.78
            135.39724,34.45755,18.92
            135.39769,34.45714,22.11
            135.39785,34.45701,23.09
            135.39787,34.45699,23.23
            135.39795,34.45693,23.26
            135.39804,34.45684,21.97
            135.39796,34.45677,21.89
            135.39792,34.45677,22.22
            135.3979,34.45677,22.38
            135.39787,34.45676,22.56
            135.39795,34.45659,20.55
            135.39808,34.45638,19.08
            135.39832,34.45615,18.31
            135.39834,34.45613,18.02
            135.39832,34.45615,18.31
            135.39808,34.45638,19.08
            135.39795,34.45659,20.55
            135.39787,34.45676,22.56
            135.3979,34.45677,22.38
            135.39792,34.45677,22.22
            135.39796,34.45677,21.89
            135.39804,34.45684,21.97
            135.39795,34.45693,23.26
            135.39788,34.45685,23.04
            135.39747,34.45647,22.98
            135.39706,34.45607,23.77
            135.39672,34.45579,23.4
            135.39621,34.45535,24.86
            135.39559,34.45484,23.99
            135.39556,34.45481,23.65
            135.39524,34.45453,23.13
            135.39452,34.45389,30.71
            135.39449,34.45386,30.25
            135.39422,34.45365,27.46
            135.39408,34.45353,27.46
            135.39402,34.45348,27.95
            135.39328,34.45284,21.96
            135.39305,34.45266,22.04
            135.39269,34.45235,22.46
            135.39255,34.45221,21.22
            135.39248,34.45216,21.18
            135.39233,34.45202,20.39
            135.39178,34.45154,19.64
            135.39146,34.45125,20.64
            135.39127,34.45108,19.94
            135.391,34.45084,20.01
            135.39078,34.45065,20.47
            135.39038,34.45029,21.28
            135.39028,34.4502,21.85
            135.39021,34.45015,22.89
            135.39004,34.45003,24.72
            135.38997,34.44998,25.14
            135.3899,34.44994,25.43
            135.38982,34.44989,25.64
            135.38974,34.44984,25.76
            135.38967,34.44981,25.89
            135.38954,34.44973,26.33
            135.38943,34.44968,27.35
            135.38932,34.44963,28.98
            135.38916,34.44956,31.04
            135.38897,34.44949,31.46
            135.38871,34.44939,30.02
            135.38849,34.4493,28
            135.38823,34.4492,26.38
            135.3881,34.44915,25.2
            135.38794,34.44908,24.22
            135.38778,34.449,24
            135.38766,34.44894,24.16
            135.38756,34.44888,24.03
            135.38746,34.44883,24.84
            135.3874,34.44879,25.77
            135.38738,34.44878,26.04
            135.38733,34.44874,26.61
            135.38726,34.44869,27.18
            135.38715,34.44861,28.57
            135.38703,34.44851,31.21
            135.38691,34.44841,31.27
            135.38681,34.44832,30.06
            135.38677,34.44829,29.8
            135.38671,34.44823,29.37
            135.38659,34.44812,27.88
            135.38606,34.44759,21.54
            135.38575,34.44731,20.24
            135.38556,34.44712,21.21
            135.38543,34.447,24.25
            135.38532,34.44689,26.04
            135.38487,34.44643,24.26
            135.38387,34.44544,28.08
            135.38385,34.44542,27.88
            135.38344,34.44503,25.95
            135.38328,34.44488,27.52
            135.383,34.44461,30.3
            135.3829,34.44452,28.68
            135.38166,34.4433,24.29
            135.3813,34.44295,18.2
            135.38122,34.44286,15.99
            135.38115,34.44279,14.37
            135.38099,34.44264,13.01
            135.38091,34.44255,11.9
            135.3808,34.44244,11.48
            135.38058,34.44223,14.68
            135.38045,34.44211,17.04
            135.38034,34.442,18.49
            135.38023,34.44189,20.37
            135.38005,34.44172,23.52
            135.37987,34.44155,20.05
            135.37975,34.44143,18.86
            135.37969,34.44137,18.64
            135.37962,34.44129,17.68
            135.37947,34.44115,16.24
            135.37872,34.44043,21.98
            135.3782,34.43992,21.65
            135.37746,34.43921,20.95
            135.37663,34.43841,29.41
            135.37582,34.43764,28.37
            135.37484,34.43669,25.35
            135.3741,34.436,35.07
            135.37408,34.43597,35.69
            135.37345,34.43536,33.18
            135.37341,34.43532,32.53
            135.37336,34.43528,31.94
            135.37264,34.43458,27.24
            135.37202,34.434,26
            135.37189,34.43387,26.01
            135.37064,34.43267,24.47
            135.37045,34.43249,27.26
            135.37033,34.43238,30.08
            135.37025,34.43231,31.74
            135.3702,34.43226,32.62
            135.37012,34.43218,33.85
            135.37004,34.43211,34.38
            135.36994,34.43203,34.13
            135.36974,34.43187,32.88
            135.36965,34.43181,31.34
            135.3696,34.43178,30.47
            135.36956,34.43175,29.79
            135.36943,34.43168,27.95
            135.3693,34.43161,27.49
            135.36917,34.43155,27.42
            135.36907,34.43151,27.56
            135.369,34.43148,27.67
            135.36892,34.43145,27.78
            135.36888,34.43144,27.98
            135.36877,34.4314,30.1
            135.36813,34.43119,28.64
            135.36788,34.4311,28.6
            135.3678,34.43107,28.66
            135.36693,34.43079,27.65
            135.36681,34.43075,27.21
            135.36655,34.43066,26.84
            135.36618,34.43055,26.98
            135.36601,34.43051,26.59
            135.36455,34.43024,24.95
            135.36439,34.43021,24.8
            135.3642,34.43018,24.12
            135.36405,34.43015,23.39
            135.36389,34.43011,22.4
            135.36386,34.43011,22.31
            135.36367,34.43007,21.85
            135.36351,34.43005,21.39
            135.36313,34.42998,20.2
            135.36305,34.42997,19.87
            135.3628,34.42992,18.26
            135.36205,34.42978,18.37
            135.36172,34.42972,20.79
            135.36068,34.42953,19.58
            135.35982,34.42937,22.63
            135.35975,34.42935,22.35
            135.35967,34.42932,22
            135.35959,34.42929,21.68
            135.35953,34.42926,21.44
            135.35947,34.42922,21.21
            135.35888,34.42883,25.67
            135.35875,34.42873,23.71
            135.35846,34.42854,21.45
            135.35842,34.42852,21.4
            135.35737,34.4278,22.55
            135.35728,34.42774,22.68
            135.35688,34.42746,24.89
            135.35603,34.42689,26.13
            135.3559,34.42682,25.44
            135.35575,34.42674,25
            135.35381,34.42601,23.09
            135.35363,34.42595,22.25
            135.35356,34.42592,22.01
            135.3531,34.42574,22.23
            135.35305,34.42573,22.37
            135.35274,34.42562,22.79
            135.3518,34.42527,17.03
            135.35118,34.42505,18.29
            135.351,34.42498,17.1
            135.35002,34.42461,11.7
            135.34909,34.42427,13.36
            135.3487,34.42412,12.93
            135.34844,34.42402,11.33
            135.3481,34.4239,11.73
            135.3479,34.42383,13.71
            135.34652,34.42332,13.44
            135.34596,34.42311,11.13
            135.34586,34.42307,10.29
            135.34519,34.42283,14
            135.34463,34.42262,15.67
            135.34427,34.42249,15.57
            135.34352,34.42221,11.3
            135.34344,34.42219,11.47
            135.34327,34.42213,11.41
            135.34104,34.42153,14.49
            135.34097,34.42151,13.34
            135.33886,34.42095,13.73
            135.33877,34.42092,12.85
            135.33867,34.4209,11.83
            135.33854,34.42086,10.33
            135.33849,34.42073,10.97
            135.33814,34.42001,15.04
            135.33808,34.4199,14.64
            135.33803,34.4198,14.04
            135.33783,34.4194,12.48
            135.33771,34.41914,12.47
            135.33752,34.41874,8.67
            135.33739,34.41846,8.58
            135.33695,34.41756,11.22
            135.33669,34.41702,10.25
            135.33641,34.41648,10.52
            135.33632,34.4163,11.73
            135.33611,34.41593,16.29
            135.33594,34.41566,17.93
            135.3357,34.41532,21.96
            135.33549,34.41505,20.84
            135.33521,34.41474,18.48
            135.33488,34.4144,15.5
            135.33446,34.41404,17.03
            135.33409,34.41375,15.95
            135.3336,34.41344,13.78
            135.33303,34.41311,9.99
            135.3327,34.41293,9.03
            135.33237,34.41275,10.53
            135.33195,34.41253,10
            135.33109,34.41209,12.36
            135.33042,34.41174,14.21
            135.33031,34.41167,14.96
            135.32942,34.4112,12.64
            135.32885,34.4109,9.34
            135.32808,34.41049,11.9
            135.32612,34.40948,14.13
            135.32433,34.4085,22.94
            135.32413,34.40838,25.94
            135.3238,34.4082,23.23
            135.32292,34.40769,16.79
            135.32235,34.40737,19.9
            135.3223,34.40734,20.26
            135.32222,34.40728,21.17
            135.32154,34.40686,18.82
            135.32129,34.4067,19.12
            135.32093,34.40648,18.99
            135.32069,34.40633,18.5
            135.31957,34.40564,16.3
            135.31944,34.40556,16.05
            135.31902,34.40529,13.72
            135.31857,34.40501,16.79
            135.31828,34.40483,15.7
            135.3177,34.40448,17.4
            135.31725,34.4042,15.81
            135.31607,34.40346,17.33
            135.31445,34.40246,15.29
            135.31286,34.40147,14.08
            135.31253,34.40124,14.89
            135.31207,34.4009,16.33
            135.31191,34.40079,13.49
            135.31162,34.40056,9.24
            135.31137,34.40035,9.43
            135.31113,34.40014,13.78
            135.311,34.40002,16.91
            135.3109,34.39993,18.9
            135.31081,34.39983,20
            135.31075,34.39986,19.26
            135.31073,34.39982,19.31
            135.31043,34.39952,19.75
            135.31022,34.39929,16.5
            135.30987,34.39889,16
            135.3098,34.39879,16.81
            135.30951,34.39841,13.75
            135.30914,34.39793,13.32
            135.30893,34.39765,17.18
            135.30891,34.39763,17.57
            135.3089,34.3976,18.14
            135.30831,34.39681,15.96
            135.30829,34.39679,15.93
            135.30833,34.39677,16
            135.30807,34.39642,16.89
            135.30768,34.39589,16.12
            135.30701,34.395,12.53
            135.30695,34.39493,12.96
            135.30688,34.39483,13.46
            135.30671,34.3946,15.71
            135.30656,34.39441,16.78
            135.30573,34.39329,16.35
            135.3051,34.39245,17.95
            135.30453,34.39171,13.25
            135.30444,34.3916,13.22
            135.30357,34.39061,20.97
            135.30304,34.39011,14.47
            135.30255,34.38969,10.7
            135.30179,34.38912,8.83
            135.30119,34.3887,10.23
            135.29984,34.38777,9.43
            135.29895,34.38716,8.95
            135.29842,34.3868,10.21
            135.29715,34.38592,9.92
            135.29635,34.38536,8.8
            135.29553,34.38481,9.43
            135.29428,34.38395,8.63
            135.29353,34.38341,9.69
            135.29243,34.38269,13.22
            135.29157,34.38209,12.09
            135.29085,34.38158,12.65
            135.29017,34.38114,13.06
            135.28913,34.38041,8.22
            135.28866,34.38005,10.82
            135.28748,34.37926,7.05
            135.28711,34.37901,8.97
            135.28673,34.37875,10.39
            135.2857,34.37803,12.6
            135.28508,34.37758,12.58
            135.28381,34.37675,15.81
            135.28365,34.37664,16.93
            135.28328,34.37634,18.71
            135.28323,34.37629,17.77
            135.28295,34.37603,16.75
            135.28274,34.37579,17.19
            135.2825,34.37548,16.27
            135.28222,34.37509,14.01
            135.28202,34.37471,16.21
            135.28188,34.37438,16.82
            135.28179,34.37404,15.85
            135.28165,34.37338,13.79
            135.28152,34.37261,14.87
            135.2815,34.37246,14.77
            135.28146,34.37209,14.99
            135.28138,34.37171,14.57
            135.28129,34.37138,15.82
            135.28115,34.37096,23.25
            135.28104,34.37075,25.77
            135.28091,34.37049,26.46
            135.2808,34.37032,25.56
            135.28048,34.36986,22.41
            135.28021,34.36955,23.97
            135.27997,34.36932,25.44
            135.27957,34.36898,25.84
            135.27928,34.36875,23.7
            135.27805,34.36782,26.39
            135.27791,34.36772,26.49
            135.27763,34.3675,26.53
            135.27725,34.3672,27.38
            135.27651,34.36664,25.2
            135.27616,34.36634,25.56
            135.27577,34.36593,23.57
            135.27548,34.36557,24.92
            135.27517,34.36514,25.66
            135.2749,34.36479,28.87
            135.27477,34.3646,30.56
            135.27456,34.36425,30.54
            135.27443,34.36421,30.91
            135.27438,34.36416,30.47
            135.27397,34.36359,29.6
            135.27362,34.36317,28.59
            135.27324,34.36282,27.54
            135.27283,34.3625,26.56
            135.27237,34.36218,26.21
            135.27228,34.36202,28.7
            135.27213,34.36193,28.36
            135.2722,34.36186,29.39
            135.27138,34.3614,25.99
            135.27095,34.36114,30
            135.27059,34.36093,31.73
            135.26843,34.35954,28.11
            135.26836,34.35949,26.43
            135.26819,34.35936,22.91
            135.26755,34.35889,15.83
            135.267,34.35848,19.97
            135.26655,34.35813,22.01
            135.26602,34.35775,20.16
            135.26542,34.3573,20.25
            135.2653,34.35721,21.55
            135.26509,34.35704,20.92
            135.26488,34.3569,20.14
            135.26447,34.35659,19.96
            135.26365,34.356,22.35
            135.26327,34.3557,21.47
            135.26281,34.35537,20.12
            135.26264,34.35524,19.44
            135.26185,34.35462,19.12
            135.26164,34.35443,19.18
            135.26127,34.35406,20.42
            135.26098,34.35377,21.93
            135.2608,34.35361,22.63
            135.26062,34.35345,20.87
            135.26035,34.3532,20.63
            135.26001,34.35289,22.15
            135.25962,34.35257,20.38
            135.25891,34.35195,18.14
            135.25883,34.35188,17.26
            135.25871,34.35179,16.51
            135.25839,34.3515,15.48
            135.25795,34.35105,18.22
            135.25775,34.35089,19.02
            135.25743,34.35056,16.57
            135.25721,34.35023,16.78
            135.25705,34.34996,17.72
            135.25695,34.34978,19.88
            135.25676,34.34931,19.33
            135.25628,34.348,27.01
            135.2559,34.34732,26.22
            135.25561,34.34689,28.63
            135.25542,34.34663,28.87
            135.25535,34.34653,29.84
            135.25494,34.34607,36.39
            135.25424,34.34541,33.19
            135.25305,34.34456,31.28
            135.25264,34.3443,30.34
            135.2523,34.34407,28.61
            135.25149,34.34354,34.18
            135.25163,34.34322,28.58
            135.25165,34.34311,26.86
            135.25161,34.34296,26.55
            135.25162,34.34293,26.62
            135.25163,34.34284,26.91
            135.25166,34.34272,27.65
            135.25177,34.34259,29.04
            135.25176,34.34251,30.19
            135.25201,34.34238,30.7
            135.25201,34.34218,29.24
            135.25203,34.3421,27.8
            135.25214,34.34187,24.54
            135.25264,34.34075,26.94
            135.25274,34.34053,27.55
            135.25288,34.34031,30.76
            135.25288,34.34016,32.06
            135.25272,34.33994,34.73
            135.25253,34.33942,42.26
            135.25242,34.33921,46.37
            135.25227,34.33901,51.61
            135.25219,34.33891,54.11
            135.25206,34.33879,53.9
            135.25198,34.33869,52.19
            135.2518,34.33848,47.84
            135.25169,34.33833,42.91
            135.25154,34.33805,43.83
            135.25139,34.33777,45.08
            135.25131,34.33761,47.6
            135.25123,34.3374,49.5
            135.25108,34.33704,49.88
            135.25099,34.33658,53.44
            135.25067,34.3358,67.83
            135.25064,34.33529,58.22
            135.25063,34.33388,60.76
            135.25068,34.33336,64.12
            135.25069,34.33327,65.09
            135.25078,34.33317,68.28
            135.25098,34.33301,72.71
            135.25125,34.33284,69.9
            135.25145,34.33274,68.82
            135.25197,34.33256,74.52
            135.25215,34.33248,75.34
            135.25222,34.33244,75.88
            135.25244,34.3323,76.76
            135.25257,34.33218,76.23
            135.25278,34.33192,74.69
            135.25287,34.33176,73.01
            135.25311,34.33138,71.24
            135.25322,34.33116,82.04
            135.25329,34.33089,86.25
            135.25334,34.33076,87.33
            135.25347,34.33048,86.75
            135.2536,34.33025,83.46
            135.25375,34.32982,82.85
            135.25378,34.3295,85.13
            135.25394,34.32895,83.52
            135.25394,34.32887,82.41
            135.25386,34.32864,77.95
            135.25386,34.32843,80.13
            135.25391,34.32826,81.78
            135.25394,34.32811,83.72
            135.25396,34.32731,92.06
            135.25396,34.32725,92.21
            135.25396,34.32668,92.65
            135.25394,34.32661,93.06
            135.25376,34.32626,95.89
            135.2537,34.32622,96.22
            135.25347,34.32609,96.78
            135.25332,34.32598,97.41
            135.25326,34.32592,98.6
            135.25318,34.32571,100.6
            135.25313,34.32552,101.08
            135.25304,34.32515,102.72
            135.25277,34.32438,119.13
            135.25273,34.3243,120.81
            135.2526,34.32416,120.59
            135.25251,34.32409,117.35
            135.2523,34.32396,114.49
            135.25195,34.32375,115.93
            135.25153,34.32355,125.09
            135.25095,34.32326,128.81
            135.25082,34.32321,127.81
            135.25072,34.32319,126.99
            135.25044,34.32317,125.36
            135.24956,34.32316,136.35
            135.24937,34.32311,138.37
            135.24956,34.32316,136.35
            135.25044,34.32317,125.36
            135.25072,34.32319,126.99
            135.25082,34.32321,127.81
            135.25095,34.32326,128.81
            135.25153,34.32355,125.09
            135.25195,34.32375,115.93
            135.2523,34.32396,114.49
            135.25251,34.32409,117.35
            135.2526,34.32416,120.59
            135.25273,34.3243,120.81
            135.25277,34.32438,119.13
            135.25304,34.32515,102.72
            135.25313,34.32552,101.08
            135.25318,34.32571,100.6
            135.25326,34.32592,98.6
            135.25332,34.32598,97.41
            135.25347,34.32609,96.78
            135.2537,34.32622,96.22
            135.25376,34.32626,95.89
            135.25394,34.32661,93.06
            135.25396,34.32668,92.65
            135.25396,34.32725,92.21
            135.25396,34.32731,92.06
            135.25394,34.32811,83.72
            135.25391,34.32826,81.78
            135.25386,34.32843,80.13
            135.25386,34.32864,77.95
            135.25394,34.32887,82.41
            135.25394,34.32895,83.52
            135.25378,34.3295,85.13
            135.25375,34.32982,82.85
            135.2536,34.33025,83.46
            135.25347,34.33048,86.75
            135.25334,34.33076,87.33
            135.25329,34.33089,86.25
            135.25322,34.33116,82.04
            135.25311,34.33138,71.24
            135.25287,34.33176,73.01
            135.25278,34.33192,74.69
            135.25257,34.33218,76.23
            135.25244,34.3323,76.76
            135.25222,34.33244,75.88
            135.25215,34.33248,75.34
            135.25197,34.33256,74.52
            135.25145,34.33274,68.82
            135.25125,34.33284,69.9
            135.25098,34.33301,72.71
            135.25078,34.33317,68.28
            135.25069,34.33327,65.09
            135.25068,34.33336,64.12
            135.25063,34.33388,60.76
            135.25064,34.33529,58.22
            135.25067,34.3358,67.83
            135.25099,34.33658,53.44
            135.25108,34.33704,49.88
            135.25123,34.3374,49.5
            135.25131,34.33761,47.6
            135.25139,34.33777,45.08
            135.25154,34.33805,43.83
            135.25169,34.33833,42.91
            135.2518,34.33848,47.84
            135.25198,34.33869,52.19
            135.25206,34.33879,53.9
            135.25219,34.33891,54.11
            135.25227,34.33901,51.61
            135.25242,34.33921,46.37
            135.25253,34.33942,42.26
            135.25272,34.33994,34.73
            135.25288,34.34016,32.06
            135.25288,34.34031,30.76
            135.25274,34.34053,27.55
            135.25264,34.34075,26.94
            135.25214,34.34187,24.54
            135.25203,34.3421,27.8
            135.25201,34.34218,29.24
            135.25201,34.34238,30.7
            135.25176,34.34251,30.19
            135.25135,34.3427,29
            135.25076,34.34298,35.98
            135.2505,34.3431,39.51
            135.25006,34.34328,33.66
            135.24974,34.34345,30.85
            135.24936,34.34364,30.76
            135.24878,34.34394,32.07
            135.24868,34.34401,32.33
            135.24834,34.34428,31.78
            135.24808,34.34446,29.15
            135.24799,34.34451,29.47
            135.24794,34.34454,29.76
            135.24778,34.34461,30.59
            135.2476,34.34465,28.99
            135.24755,34.34465,28.49
            135.24747,34.34466,27.89
            135.24712,34.34469,27.78
            135.24686,34.3447,29.79
            135.2467,34.34472,30.8
            135.2466,34.34476,31.79
            135.2463,34.34487,34.6
            135.24612,34.34495,35.92
            135.24594,34.34506,32.69
            135.2458,34.34515,30.93
            135.24556,34.34532,31.13
            135.24543,34.34543,31.75
            135.24501,34.34578,29.63
            135.24455,34.34616,26.6
            135.24354,34.34693,28.37
            135.24281,34.34746,27.83
            135.24257,34.34765,26.3
            135.24212,34.34801,24.41
            135.24159,34.34844,23.34
            135.24129,34.34866,20.82
            135.24088,34.34894,18.17
            135.24059,34.34912,17.27
            135.24025,34.3494,16.67
            135.23941,34.35007,16.5
            135.23895,34.35045,12.01
            135.23819,34.35102,12.5
            135.23756,34.35157,11.67
            135.23726,34.3518,12.03
            135.2354,34.35104,14.54
            135.23489,34.35082,13.33
            135.2347,34.35075,13.42
            135.2336,34.3503,14.88
            135.23218,34.34971,18.39
            135.23062,34.34905,21.1
            135.22891,34.34835,14.35
            135.22827,34.34808,12.98
            135.22812,34.34802,12.9
            135.22777,34.34787,11.62
            135.22689,34.34753,19.11
            135.22673,34.34746,21.03
            135.22578,34.34707,13.09
            135.22346,34.3461,11.79
            135.2217,34.34538,14.07
            135.22033,34.34481,15.02
            135.21903,34.34427,14.44
            135.21674,34.34332,17.14
            135.21644,34.34317,18.91
            135.21596,34.3429,23.05
            135.21542,34.34253,28.59
            135.21465,34.34203,14.12
            135.21362,34.34135,11.96
            135.21332,34.34113,12.02
            135.21243,34.34059,12.21
            135.2118,34.34017,11.72
            135.21126,34.33982,9.61
            135.2111,34.33971,7.92
            135.21077,34.3395,8.12
            135.2104,34.33927,9.21
            135.21013,34.33915,9.56
            135.20987,34.33903,10.7
            135.20946,34.3389,13.85
            135.20901,34.33877,15.57
            135.20739,34.33839,17.38
            135.20699,34.33826,20.01
            135.20658,34.3381,23.15
            135.20615,34.33787,27.43
            135.20576,34.33762,29.91
            135.20553,34.33743,29.16
            135.205,34.33694,29.98
            135.20371,34.33583,35.64
            135.20322,34.33542,29.07
            135.20191,34.33426,31.87
            135.20157,34.33399,30.53
            135.20137,34.33385,32.61
            135.20114,34.3337,36.12
            135.20068,34.33347,34.05
            135.20019,34.3333,28.68
            135.19942,34.33302,38.32
            135.19875,34.33279,45.43
            135.19837,34.33265,44.64
            135.19793,34.33245,39.46
            135.19755,34.33225,37.74
            135.1967,34.33175,34.81
            135.19624,34.33149,32.51
            135.19599,34.33137,32.53
            135.19579,34.33129,31.44
            135.19548,34.3312,31.14
            135.19503,34.33111,34.78
            135.19419,34.33098,36.5
            135.19376,34.33092,34.32
            135.19275,34.33074,37.34
            135.19117,34.33049,32.63
            135.19098,34.33046,32.69
            135.19061,34.33042,31.37
            135.19024,34.33041,30.25
            135.18892,34.33046,24.69
            135.18817,34.33051,25.41
            135.18621,34.33062,21.87
            135.18564,34.33064,23.18
            135.18526,34.33067,26.43
            135.1847,34.33068,27.67
            135.18439,34.33066,29.2
            135.18405,34.3306,30.77
            135.18359,34.33047,30.57
            135.18339,34.3304,28.75
            135.18304,34.33027,26.97
            135.18292,34.33023,26.66
            135.18281,34.33019,26.13
            135.18253,34.33007,24.31
            135.18191,34.32983,22.44
            135.1813,34.3296,26.74
            135.17875,34.32863,24.97
            135.17762,34.3282,20.38
            135.17748,34.32816,18.28
            135.17726,34.32807,15.35
            135.17702,34.32797,15.48
            135.17699,34.32796,15.46
            135.17678,34.32789,15.95
            135.17518,34.32728,24.24
            135.175,34.32721,24.91
            135.17321,34.32654,26.17
            135.1731,34.32647,25.12
            135.17304,34.32641,24.92
            135.17296,34.32622,26.22
            135.1727,34.32625,26.14
            135.17249,34.32624,26.54
            135.17224,34.32617,26.79
            135.1722,34.32616,26.81
            135.17198,34.32608,26.87
            135.17096,34.32569,31.55
            135.1706,34.3256,30.87
            135.1701,34.32551,30.2
            135.1697,34.32546,27.24
            135.16925,34.32546,25.79
            135.16843,34.32547,24.97
            135.16766,34.32549,24.19
            135.16695,34.32551,27.97
            135.16662,34.3255,29.77
            135.16628,34.32547,30.8
            135.16592,34.32542,29.94
            135.16564,34.32535,29.7
            135.16541,34.32527,29.55
            135.1653,34.32523,29.58
            135.16487,34.32504,28.31
            135.16419,34.32474,27.99
            135.16374,34.32455,27.52
            135.16327,34.32439,25.33
            135.16261,34.32415,27.69
            135.16242,34.3241,28.02
            135.16233,34.32408,27.89
            135.16222,34.32406,27.75
            135.16206,34.32404,26.48
            135.1618,34.32403,23.94
            135.16119,34.32399,22.47
            135.16064,34.32397,20.72
            135.15953,34.32393,29.46
            135.15926,34.32392,29.6
            135.15856,34.3239,19.7
            135.15793,34.32383,23.19
            135.15608,34.32361,25.22
            135.15534,34.32352,20.8
            135.15436,34.32342,15.51
            135.15393,34.32335,15.89
            135.15355,34.32325,13.41
            135.1532,34.32311,10.91
            135.15286,34.32294,9.3
            135.15267,34.32282,8.94
            135.15262,34.32279,8.98
            135.15239,34.32261,8.69
            135.15199,34.32228,8.83
            135.15152,34.32188,9.76
            135.15109,34.3215,9.34
            135.15108,34.32149,9.28
            135.15063,34.3211,6.54
            135.15044,34.32092,6.56
            135.15027,34.32072,8.22
            135.15013,34.3205,10.28
            135.15002,34.32029,10.21
            135.14993,34.32008,9.82
            135.15013,34.31999,10.43
            135.15031,34.31983,10.65
            135.15061,34.31952,11.6
            135.1508,34.31938,11.18
            135.15093,34.3193,12.88
            135.15097,34.31928,13.38
            135.15113,34.31913,14.39
            135.15123,34.31906,16.55
            135.15127,34.31904,17.34
            135.15141,34.31892,18.61
            135.15168,34.3187,16.55
            135.15172,34.31851,12.69
            135.15178,34.31846,11.55
            135.15191,34.31845,11.15
            135.15208,34.31847,11.23
            135.15231,34.31849,11.13
            135.15234,34.31835,10.12
            135.15243,34.31813,9.27
            135.15247,34.31773,9.06
            135.15302,34.31769,10.87
            135.15368,34.31764,13.99
            135.15406,34.31759,14.9
            135.15432,34.31752,16.26
            135.15455,34.31744,17.1
            135.15477,34.31732,17.31
            135.15492,34.31723,17.48
            135.15511,34.31709,18.21
            135.15525,34.31696,18.22
            135.15546,34.31669,15.8
            135.1556,34.31651,13.93
            135.15585,34.31618,12.71
            135.15595,34.31604,15.59
            135.15614,34.31579,20.19
            135.15629,34.3156,21.42
            135.15648,34.31534,20.5
            135.15689,34.3148,14.81
            135.15734,34.31421,12.58
            135.15772,34.31372,16.62
            135.15808,34.3132,20.96
            135.15823,34.31293,22.8
            135.15837,34.31262,23.18
            135.15847,34.31233,22.86
            135.15855,34.31199,27.07
            135.1586,34.31173,29.57
            135.15866,34.31134,33.15
            135.15873,34.3109,32.79
            135.1588,34.31039,33.54
            135.15884,34.31015,34.08
            135.1589,34.30986,28.74
            135.15898,34.30957,23.2
            135.15906,34.30941,21.28
            135.15914,34.30927,20.92
            135.15927,34.30905,21.08
            135.15947,34.30882,22.06
            135.15982,34.30841,25.73
            135.16005,34.30814,32.94
            135.16025,34.3079,34.42
            135.1604,34.30767,33.54
            135.16049,34.30746,29.66
            135.16058,34.30722,27.75
            135.16066,34.30693,29.42
            135.16071,34.3066,34.2
            135.16072,34.30631,40.73
            135.16067,34.30592,47.37
            135.16057,34.30565,49.66
            135.16045,34.30543,47.71
            135.16019,34.30516,43.06
            135.1599,34.30497,40.57
            135.15924,34.30455,47.1
            135.15866,34.30412,49.54
            135.15808,34.30367,44.22
            135.15776,34.30341,46.76
            135.15677,34.30269,47.7
            135.15594,34.30218,47.78
            135.15565,34.30194,44.92
            135.15544,34.30177,45.09
            135.15519,34.30152,44.51
            135.15502,34.30126,43.43
            135.15475,34.30047,40.1
            135.15461,34.30005,40.98
            135.15449,34.2998,42.85
            135.15399,34.29919,48.53
            135.15365,34.29874,49.33
            135.15332,34.29825,50
            135.15315,34.29838,49.61
            135.1531,34.29852,48.2
            135.15308,34.29866,47.16
            135.1531,34.29852,48.2
            135.15315,34.29838,49.61
            135.15332,34.29825,50
            135.1534,34.2982,49.16
            135.15344,34.29818,48.64
            135.15353,34.29813,47.36
            135.15357,34.29808,46.67
            135.15359,34.298,46.47
            135.15355,34.2979,47.19
            135.15351,34.29782,47.69
            135.15333,34.29761,49.59
            135.15323,34.29747,48.69
            135.15314,34.29729,48.05
            135.15306,34.2971,48.97
            135.15299,34.29683,48.55
            135.15297,34.29678,48.46
            135.15259,34.2963,54.57
            135.1524,34.29608,56.29
            135.15231,34.29594,54.03
            135.15229,34.29588,52.7
            135.15232,34.29551,51.05
            135.15237,34.29537,51.2
            135.15236,34.29515,51.45
            135.15229,34.29498,50.72
            135.15194,34.29438,50.22
            135.15162,34.29386,50.49
            135.15131,34.29332,53.56
            135.15117,34.29302,54.82
            135.15103,34.29272,55.12
            135.15091,34.29235,57.65
            135.15086,34.29192,62.36
            135.15084,34.29165,71.36
            135.15086,34.29142,74.86
            135.15089,34.29115,77.51
            135.151,34.29086,75.6
            135.1513,34.29034,67.93
            135.15145,34.29011,64.75
            135.15167,34.29002,64.23
            135.15176,34.28999,67.04
            135.15188,34.28989,67.35
            135.15207,34.28958,62.09
            135.1523,34.28921,62.78
            135.1525,34.28893,61.74
            135.15204,34.28893,60.66
            135.15184,34.28901,62.75
            135.1518,34.28903,63.33
            135.15177,34.28903,63.92
            135.15169,34.28903,65.49
            135.15174,34.28884,67.11
            135.15175,34.28855,68.76
            135.15171,34.28824,75.5
            135.15147,34.2875,106.42
            135.15131,34.28716,111.97
            135.15094,34.28659,124.51
            135.15085,34.28637,123.62
            135.15079,34.28608,119.8
            135.15069,34.28587,113.4
            135.15057,34.28573,109.75
            135.15041,34.28562,108.48
            135.15018,34.28554,109.44
            135.14976,34.28546,109.48
            135.14937,34.28539,108.94
            135.14918,34.28531,107.8
            135.14897,34.28513,111.38
            135.14885,34.28498,114.28
            135.14847,34.28424,131.48
            135.14821,34.28375,129.56
            135.14813,34.28361,130
            135.14795,34.28323,126.19
            135.14788,34.28305,120.76
            135.14788,34.28287,114.83
            135.14796,34.28259,108.56
            135.14817,34.28214,93.5
            135.14834,34.28182,92.51
            135.14841,34.28167,96.17
            135.14843,34.28148,101.25
            135.14844,34.28128,107.76
            135.14843,34.2811,114.09
            135.14839,34.28092,117.46
            135.1483,34.28057,115.45
            135.14817,34.28005,93.88
            135.14796,34.27934,100.39
            135.14787,34.27914,103.16
            135.14776,34.27894,98.37
            135.14761,34.27873,85
            135.14743,34.27854,75.47
            135.14711,34.27823,67.37
            135.14693,34.27803,61.56
            135.14673,34.27781,58.92
            135.14663,34.27766,59.68
            135.14654,34.27751,60.86
            135.14644,34.27728,61.76
            135.14636,34.27701,64.49
            135.14635,34.27675,62.75
            135.1463,34.27624,60.56
            135.14625,34.27598,63.92
            135.14613,34.27564,64.61
            135.14596,34.27521,56.51
            135.14584,34.27498,55
            135.14578,34.27487,55.27
            135.14553,34.27437,57.89
            135.14519,34.27383,45.89
            135.14483,34.27338,49.03
            135.14465,34.27306,48.78
            135.14452,34.27281,42.08
            135.14445,34.27251,35.27
            135.14443,34.2722,30.37
            135.14443,34.27193,32.21
            135.14447,34.27146,32.7
            135.14447,34.27113,34.52
            135.14445,34.27067,37.75
            135.14449,34.27045,38.08
            135.14483,34.26927,30.59
            135.14499,34.26903,28.65
            135.14528,34.26871,23.27
            135.14553,34.26841,23.43
            135.14572,34.26813,25.36
            135.14582,34.26787,24.17
            135.14585,34.26766,22.73
            135.14589,34.26709,21.17
            135.14588,34.26691,21.98
            135.14582,34.26662,21.57
            135.14534,34.26528,28.77
            135.14522,34.26503,35.62
            135.14478,34.26435,23.94
            135.14444,34.26377,13.96
            135.14439,34.26369,13.55
            135.14427,34.26342,11.37
            135.14419,34.26305,10.9
            135.14416,34.26292,10.51
            135.14411,34.26272,10.54
            135.14407,34.2626,11.18
            135.14405,34.26235,10.73
            135.14406,34.26214,10
            135.14416,34.26187,9.73
            135.14424,34.26174,8.81
            135.14437,34.26163,7.5
            135.14464,34.26145,7.86
            135.14503,34.26122,8.43
            135.14552,34.26093,7.17
            135.14577,34.26078,7.11
            135.14587,34.26072,7.89
            135.14592,34.26069,8.18
            135.14613,34.26057,8.88
            135.14679,34.26018,9.11
            135.14704,34.26006,7.58
            135.14721,34.26,7.04
            135.14743,34.25993,10.32
            135.14761,34.25988,12.69
            135.14807,34.25975,13.94
            135.14898,34.2595,11.6
            135.14948,34.25934,11.03
            135.15012,34.25915,8.43
            135.15031,34.25908,9.2
            135.1505,34.25897,10.03
            135.1506,34.25889,10.16
            135.15074,34.25874,10.13
            135.15099,34.25844,9.04
            135.1511,34.2583,8.16
            135.15143,34.25789,11.24
            135.15145,34.25787,11.38
            135.15153,34.25777,11.38
            135.15181,34.25737,8.52
            135.1522,34.25682,7.98
            135.15223,34.25677,7.79
            135.15245,34.25647,8.19
            135.15263,34.25621,8.68
            135.1527,34.25611,8.28
            135.15275,34.25603,8.36
            135.1528,34.25595,8.5
            135.15314,34.25548,9.75
            135.15325,34.25533,9.96
            135.15377,34.25457,8.17
            135.15385,34.25446,8.09
            135.15391,34.25437,8
            135.15399,34.25425,8
            135.1541,34.25408,8.24
            135.15441,34.25355,8.95
            135.15446,34.25347,8.97
            135.15448,34.25344,8.95
            135.15459,34.25326,8.87
            135.1546,34.25324,8.85
            135.15485,34.25285,9
            135.15491,34.25275,9.07
            135.15532,34.25206,9.95
            135.15533,34.25205,9.92
            135.15538,34.25196,9.79
            135.1554,34.25193,9.76
            135.15563,34.25158,7.29
            135.15616,34.2507,9.03
            135.15627,34.25053,8.6
            135.15651,34.25014,8.72
            135.15676,34.24974,9.94
            135.15679,34.24969,9.88
            135.15724,34.249,7.43
            135.15727,34.24896,7.3
            135.15727,34.24894,7.22
            135.15731,34.24889,7.01
            135.15756,34.24849,7.41
            135.15772,34.24822,9.37
            135.15777,34.24815,9.67
            135.15798,34.24783,11.99
            135.15805,34.24771,13.45
            135.15908,34.24694,9.31
            135.15966,34.24652,11.52
            135.16038,34.246,9.12
            135.1613,34.24535,10.26
            135.16155,34.24515,9.88
            135.16171,34.24505,9.82
            135.16225,34.24467,10.98
            135.16264,34.24438,9.27
            135.16283,34.24423,8.85
            135.16319,34.24401,8.78
            135.16649,34.2416,9.88
            135.16836,34.24027,7.38
            135.16843,34.24022,8.32
            135.16851,34.24015,9.25
            135.16901,34.23979,11.9
            135.16924,34.23956,12.46
            135.16936,34.2394,12.89
            135.16943,34.23913,13.14
            135.16944,34.23877,12.16
            135.16948,34.23799,9.27
            135.1695,34.23766,10.54
            135.16946,34.23743,10.98
            135.16946,34.23737,11.58
            135.16948,34.23727,12.7
            135.16949,34.23716,12.87
            135.16949,34.23701,12.15
            135.16949,34.23673,11.19
            135.16949,34.23628,10.13
            135.16949,34.23582,12.46
            135.16949,34.23567,13.9
            135.1695,34.23553,15.09
            135.1695,34.23515,15.91
            135.16951,34.23469,14.03
            135.16952,34.23448,14.16
            135.16952,34.23422,14.62
            135.16952,34.23402,13.82
            135.16953,34.23387,13.02
            135.16953,34.2338,13.1
            135.16953,34.23373,13.18
            135.16955,34.23311,13.57
            135.16956,34.23289,11.62
            135.16957,34.23269,9.26
            135.16957,34.2326,8.4
            135.16957,34.23258,8.21
            135.16958,34.23232,7.16
            135.16958,34.23226,7.05
            135.16958,34.23209,8.64
            135.16957,34.23204,9.17
            135.16956,34.23197,9.93
            135.16951,34.23159,11.96
            135.1695,34.23151,12.42
            135.1695,34.23143,12.93
            135.16947,34.23121,14.32
            135.16944,34.23109,14.8
            135.16942,34.23098,13.96
            135.16939,34.23089,13.44
            135.16924,34.2305,12.28
            135.16909,34.2301,12.09
            135.16902,34.22994,12.73
            135.16897,34.22981,12.25
            135.1689,34.2297,12.21
            135.16883,34.22953,15.01
            135.16881,34.2293,15.75
            135.16879,34.22884,14.35
            135.16879,34.22846,15.84
            135.16879,34.22834,15.72
            135.1689,34.22794,13.83
            135.16902,34.22759,14.68
            135.16926,34.22713,17.67
            135.16941,34.22683,21.14
            135.16946,34.22672,21.82
            135.1695,34.22666,22.02
            135.16977,34.22613,25.95
            135.16988,34.2259,19.15
            135.16992,34.22581,17.29
            135.16997,34.22567,14.95
            135.16999,34.22557,13.22
            135.17,34.22545,13
            135.17,34.22531,13
            135.16998,34.22519,12.97
            135.16997,34.22505,13.07
            135.16993,34.22486,14.76
            135.16988,34.2247,15.73
            135.16979,34.22448,15.84
            135.16962,34.22409,19.45
            135.16938,34.22356,19.15
            135.16932,34.22343,18.86
            135.16926,34.22331,18.22
            135.16919,34.22313,16.74
            135.16916,34.22306,16.03
            135.16915,34.22297,17.54
            135.16913,34.22226,16.08
            135.16913,34.22175,12.48
            135.16914,34.22112,15.27
            135.16923,34.22017,16.07
            135.16927,34.21966,20.65
            135.16931,34.21909,17.24
            135.16938,34.21825,18.1
            135.16941,34.21797,16.43
            135.16943,34.21752,18.67
            135.16946,34.21716,15.1
            135.16948,34.21701,15.16
            135.16958,34.2159,11.74
            135.16959,34.21572,11.57
            135.16961,34.21555,12.44
            135.1697,34.21521,13.81
            135.16991,34.21432,15.29
            135.17001,34.21392,15.51
            135.17013,34.2131,13.31
            135.17021,34.2126,14.46
            135.17053,34.21073,15.57
            135.17063,34.21009,13.06
            135.17076,34.20928,11.42
            135.17087,34.20864,9.62
            135.17114,34.20701,10.89
            135.17117,34.20675,10.51
            135.17119,34.20672,10.48
            135.17119,34.20665,10.31
            135.17117,34.20651,10.54
            135.17116,34.20647,10.63
            135.17097,34.2056,12.11
            135.17093,34.20543,11.77
            135.17087,34.20518,9.56
            135.17079,34.20467,7.75
            135.17075,34.2045,10.2
            135.17071,34.20428,9.75
            135.17034,34.20237,10.85
            135.17022,34.2018,9.36
            135.1702,34.20171,8.73
            135.16985,34.2,12.46
            135.16982,34.19987,11.28
            135.16974,34.19947,9.31
            135.16971,34.19925,10.33
            135.1697,34.19916,10.86
            135.16969,34.19908,11.04
            135.1697,34.19892,11.66
            135.16973,34.19863,14.88
            135.16982,34.19815,15.94
            135.1699,34.19779,14.37
            135.16992,34.19758,12.29
            135.16989,34.1973,10.34
            135.16986,34.19706,10.58
            135.16973,34.19626,10.97
            135.1697,34.19597,11.08
            135.16977,34.19595,10.9
            135.16975,34.19569,10.44
            135.16976,34.19552,9.89
            135.16976,34.19546,9.7
            135.16977,34.1954,9.54
            135.16978,34.19535,9.41
            135.1698,34.19531,9.36
            135.16982,34.19527,9.34
            135.16983,34.19526,9.36
            135.16988,34.19519,9.39
            135.17003,34.195,8.78
            135.17022,34.19476,7.42
            135.17043,34.19452,7.15
            135.17058,34.19436,7.58
            135.17112,34.19378,8.58
            135.17118,34.19371,8.11
            135.17123,34.19365,7.71
            135.17126,34.1936,7.45
            135.17132,34.19351,7.16
            135.17136,34.19345,7.04
            135.17138,34.1934,7.01
            135.17141,34.19335,7.08
            135.1715,34.19312,6.17
            135.17157,34.19293,5.93
            135.17174,34.19245,6
            135.17177,34.19236,6
            135.17181,34.19224,6
            135.17183,34.19211,6.4
            135.17186,34.19199,6.84
            135.17187,34.19186,7.08
            135.17198,34.19134,6.26
            135.17209,34.19071,6.98
            135.17215,34.19034,7.47
            135.17216,34.19024,7.64
            135.17217,34.19018,7.46
            135.1722,34.19009,7.24
            135.17222,34.19004,7.14
            135.17225,34.19001,7.04
            135.1723,34.18996,7
            135.17236,34.18992,7
            135.17243,34.18989,7
            135.1725,34.18987,7
            135.17259,34.18984,6.81
            135.1733,34.1896,6.39
            135.17459,34.18918,6.98
            135.17465,34.18916,7
            135.1761,34.18867,5.88
            135.17752,34.18819,8.93
            135.17863,34.1878,7.06
            135.17868,34.18778,7.25
            135.18017,34.18729,8.1
            135.18025,34.18726,8.17
            135.18022,34.1872,7.63
            135.18201,34.18665,7.94
            135.18226,34.18656,7.53
            135.18248,34.18648,7.02
            135.18388,34.18602,13.65
            135.18439,34.18585,12.12
            135.18456,34.18579,11.47
            135.18464,34.18576,11.02
            135.18473,34.18572,10.31
            135.18481,34.18567,9.07
            135.18489,34.18562,8.04
            135.18495,34.18558,7.39
            135.185,34.18553,7.09
            135.18522,34.18534,6.98
            135.18526,34.1853,6.98
            135.18527,34.18529,6.98
            135.18542,34.18516,7.12
            135.18549,34.18509,7.07
            135.18555,34.18502,6.97
            135.18561,34.18494,7.39
            135.18566,34.18486,8.26
            135.1857,34.18478,9.44
            135.18574,34.18471,10.64
            135.18578,34.1846,10.96
            135.18581,34.18445,10.85
            135.18584,34.18409,9.71
            135.18592,34.18331,7.89
            135.18593,34.18317,7.21
            135.18599,34.18239,7.83
            135.18617,34.18011,9
            135.18618,34.17997,9.67
            135.18619,34.17977,9.12
            135.1862,34.17972,8.99
            135.18628,34.17872,8.39
            135.18632,34.17821,8.17
            135.18636,34.17775,6.72
            135.18642,34.17705,6.89
            135.18649,34.17618,7.11
            135.18659,34.17489,6.28
            135.18674,34.1728,6.08
            135.18682,34.17188,7.13
            135.18689,34.17114,11.22
            135.18689,34.17108,11.19
            135.18696,34.17019,6.43
            135.18699,34.16976,8.05
            135.18705,34.16906,7
            135.18705,34.16904,7
            135.18707,34.1688,6.36
            135.18707,34.16877,6.14
            135.18717,34.16757,6.61
            135.1872,34.16717,8.12
            135.18727,34.16642,12.04
            135.18735,34.16642,12.3
            135.18736,34.16626,11.33
            135.18751,34.16446,9.82
            135.18753,34.16419,10.7
            135.18755,34.16406,10.64
            135.18758,34.16394,10.42
            135.18761,34.16383,10.04
            135.18763,34.16377,9.66
            135.18768,34.16363,8.5
            135.18774,34.16349,9.74
            135.18779,34.16338,11.93
            135.18785,34.16328,12.25
            135.18793,34.16317,11.69
            135.18798,34.16308,11.71
            135.18805,34.16299,11.28
            135.18821,34.16279,9.64
            135.18836,34.16264,10.8
            135.18851,34.16249,10.21
            135.18868,34.16236,10.77
            135.18885,34.16223,12.03
            135.19073,34.16096,16.98
            135.19088,34.16085,13.04
            135.19098,34.16078,12.38
            135.19108,34.16073,12.33
            135.19117,34.16068,11.67
            135.19126,34.16064,10.84
            135.19141,34.16058,9.53
            135.19158,34.16054,9.59
            135.19204,34.16044,11.56
            135.19219,34.16041,11.87
            135.19229,34.16038,12.09
            135.19239,34.16036,12.18
            135.19249,34.16032,12.15
            135.19256,34.1603,12.3
            135.19261,34.16028,12.4
            135.19264,34.16027,12.41
            135.19274,34.16022,12.21
            135.19292,34.16013,12.43
            135.19312,34.16003,12.12
            135.19378,34.15969,7.55
            135.19416,34.15951,7.94
            135.19433,34.15942,8.07
            135.1944,34.15938,8.35
            135.19447,34.15936,8.74
            135.19456,34.15932,9.36
            135.19464,34.15929,9.74
            135.19471,34.15926,9.97
            135.1948,34.15924,10.63
            135.19493,34.1592,11.59
            135.19511,34.15915,11.35
            135.19529,34.15911,10.41
            135.19544,34.15908,10.28
            135.1956,34.15905,9.94
            135.1957,34.15903,9.79
            135.19579,34.15901,9.76
            135.19587,34.15901,9.64
            135.19594,34.15899,9.17
            135.19605,34.15898,8.63
            135.19616,34.15897,8.24
            135.19631,34.15895,7.84
            135.19642,34.15894,7.63
            135.1965,34.15894,7.63
            135.19654,34.15893,7.7
            135.19668,34.15893,7.63
            135.19698,34.15892,6.24
            135.19736,34.15891,7.04
            135.19848,34.1589,10
            135.19938,34.15889,6.01
            135.19976,34.15888,8.31
            135.20109,34.15887,6.23
            135.20128,34.15887,6.04
            135.20227,34.15885,8.18
            135.20304,34.15884,9.18
            135.20337,34.15883,6.76
            135.20397,34.15882,5.4
            135.20434,34.15882,5.28
            135.20486,34.1588,5.84
            135.20509,34.1588,6.54
            135.20521,34.15879,7.24
            135.20532,34.15878,7.97
            135.20537,34.15878,8.4
            135.20545,34.15877,9.08
            135.20552,34.15877,9.69
            135.20559,34.15875,10.12
            135.20565,34.15874,10.36
            135.20571,34.15872,10.68
            135.20575,34.1587,10.95
            135.20583,34.15869,11.41
            135.20609,34.15868,12.43
            135.20688,34.15858,7.55
            135.20725,34.15857,7
            135.20754,34.15857,7
            135.20818,34.15857,6.9
            135.20839,34.15855,8.16
            135.20864,34.1585,8.7
            135.20874,34.15847,8.96
            135.20908,34.15839,9.06
            135.20958,34.15827,8.12
            135.20986,34.15824,7.84
            135.21011,34.15826,8.03
            135.21043,34.15831,8.71
            135.21048,34.15812,9.91
            135.21053,34.158,9.73
            135.21061,34.15775,7.53
            135.21067,34.15755,6.69
            135.21068,34.15751,6.57
            135.21092,34.15755,5.69
            135.21107,34.15756,5.15
            135.21118,34.15718,6.68
            135.21127,34.15694,6.55
            135.21135,34.15686,6.34
            135.21139,34.15679,5.9
            135.21166,34.15648,7.61
            135.21182,34.15627,7
            135.21194,34.15604,7.51
            135.21206,34.15584,8.57
            135.21223,34.15589,8.22
            135.21238,34.15545,9.19
            135.21251,34.15504,8.97
            135.21265,34.15465,9.5
            135.21266,34.15457,10.01
            135.21263,34.15447,10.87
            135.21255,34.15425,12.91
            135.21246,34.15396,14.57
            135.21239,34.15375,12.81
            135.21227,34.15342,8.88
            135.21233,34.1534,9.5
            135.21239,34.15338,10.08
            135.21249,34.15334,10.94
            135.21263,34.15329,10.06
            135.21269,34.15325,9.42
            135.21273,34.15323,9.06
            135.21274,34.15322,8.91
            135.21275,34.15321,8.77
            135.21276,34.1532,8.62
            135.21279,34.15321,8.69
            135.21279,34.15319,8.47
            135.2128,34.15318,8.39
            135.2128,34.15317,8.28
            135.21282,34.15315,8.12
            135.21284,34.15313,7.97
            135.21286,34.15312,7.92
            135.21292,34.15307,7.64
            135.21324,34.15291,8.11
            135.21327,34.15289,8.03
            135.21353,34.15276,6.98
            135.21372,34.15266,6.61
            135.21379,34.15262,6.36
            135.21391,34.15257,6.08
            135.21412,34.1525,6.83
            135.21429,34.15247,7
            135.21443,34.15245,7
            135.21443,34.1524,7
            135.21447,34.15232,6.97
            135.2145,34.15225,6.84
            135.21453,34.1522,6.64
            135.2146,34.15216,6.34
            135.21468,34.15211,6.09
            135.21474,34.15205,6
            135.21476,34.15201,6
            135.21477,34.15197,6
            135.21481,34.15152,5.65
            135.21515,34.15147,7.89
            135.21526,34.15146,8.21
            135.21518,34.15128,7.86
            135.21524,34.1512,7.91
            135.2154,34.15088,8.39
            135.21551,34.15072,8.44
            135.21568,34.15053,9.13
            135.21578,34.15042,9.88
            135.21588,34.15028,11.15
            135.21613,34.14996,14.2
            135.21635,34.14966,12.82
            135.21656,34.14932,16.1
            135.21668,34.149,17.55
            135.21669,34.14894,17.73
            135.21681,34.14848,16.5
            135.21679,34.14841,16.44
            135.2166,34.1484,17.94
            135.21625,34.1483,21.98
            135.21621,34.14829,22.89
            135.21618,34.1483,23.3
            135.21616,34.14832,23.34
            135.21593,34.14871,15.64
            135.21579,34.14864,15.93
            135.21572,34.1486,16.77
            135.21551,34.14853,18.21
            135.21525,34.14846,16.27
            135.21496,34.1483,14.79
            135.21471,34.14821,18.38
            135.21454,34.14818,17.87
            135.21456,34.14812,18.95
            135.21444,34.14796,17.67
            135.21425,34.14774,17.19
            135.21416,34.14757,14.71
            135.21405,34.14748,13.16
            135.21378,34.14735,12.39
            135.21363,34.14727,12.93
            135.21342,34.14694,15.09
            135.21312,34.14661,17.83
            135.2131,34.14658,17.73
            135.21297,34.14645,16.8
            135.21276,34.14626,15.63
            135.21271,34.14617,15.65
            135.21265,34.14603,16.48
            135.21258,34.14585,18.7
            135.21244,34.14567,22.12
            135.21213,34.14533,21.31
            135.21203,34.14524,20.81
            135.21187,34.14511,18.88
            135.21173,34.14501,16.73
            135.21153,34.14494,16.31
            135.21129,34.1449,15.68
            135.21105,34.14486,15.63
            135.21069,34.14478,16.62
            135.21028,34.14471,19.98
            135.21011,34.1447,20.56
            135.20997,34.14471,21.06
            135.20992,34.14473,21.24
            135.20983,34.14482,20.83
            135.2097,34.14483,20.72
            135.20957,34.14488,19.44
            135.20942,34.14489,18.5
            135.20933,34.14489,18.17
            135.20922,34.14486,18.21
            135.20917,34.14483,18.46
            135.20912,34.14481,18.56
            135.20895,34.14477,18.15
            135.2089,34.14475,17.97
            135.20883,34.1447,17.55
            135.20882,34.14467,17.46
            135.20883,34.14457,17.38
            135.20887,34.14449,17.2
            135.20888,34.14442,17.38
            135.20887,34.14439,17.83
            135.20883,34.14434,18.56
            135.20873,34.14423,19.78
            135.20865,34.14403,20.63
            135.20863,34.14402,20.6
            135.20841,34.14386,20.15
            135.20814,34.1437,19.59
            135.20797,34.14362,20.3
            135.20766,34.14366,20.33
            135.20703,34.14342,23.14
            135.20669,34.14331,24.99
            135.20646,34.1432,27.08
            135.20636,34.14314,29.57
            135.20625,34.14303,31.24
            135.20618,34.14293,32.86
            135.20613,34.1428,35.7
            135.20615,34.14255,41.75
            135.20613,34.14241,44.27
            135.20608,34.1423,45.62
            135.20597,34.14195,49.39
            135.2059,34.14182,51.78
            135.20586,34.14169,54.81
            135.2058,34.14159,57.88
            135.20569,34.14152,60.8
            135.20564,34.14152,60.98
            135.20555,34.14155,60.22
            135.20542,34.14158,59.79
            135.20533,34.14164,58.43
            135.20526,34.14166,58.39
            135.20512,34.14165,60.35
            135.20508,34.14163,61.66
            135.20499,34.14155,66.48
            135.20497,34.1413,76.37
            135.20493,34.1412,79.56
            135.20493,34.14115,81.49
            135.20492,34.14113,82.25
            135.20491,34.14106,86.61
            135.20487,34.14095,94.8
            135.20483,34.14088,100.52
            135.20466,34.14073,106.88
            135.20445,34.14061,108.31
            135.20435,34.14055,111.23
            135.20424,34.14047,114.84
            135.20419,34.14033,121.42
            135.20416,34.14019,128.14
            135.2041,34.14009,133.19
            135.20406,34.14005,135.36
            135.20389,34.13999,139.42
            135.20378,34.13996,140.67
            135.20348,34.13999,139.8
            135.20344,34.13999,139.92
            135.20334,34.13997,140.74
            135.20329,34.13993,140.28
            135.20325,34.13987,140.3
            135.20324,34.13978,141.99
            135.2033,34.13958,148.12
            135.20331,34.13951,149.77
            135.20329,34.1394,151.01
            135.20324,34.13922,153.29
            135.20321,34.13916,153.65
            135.20305,34.13902,150.97
            135.20298,34.13886,152.82
            135.20297,34.13879,154.96
            135.20289,34.13851,165.32
            135.20279,34.13839,170.73
            135.20273,34.13835,171.93
            135.20253,34.13836,166.84
            135.20246,34.13832,167.96
            135.20239,34.13814,176.5
            135.20235,34.13805,179.68
            135.20232,34.13796,181.16
            135.20226,34.1379,181.26
            135.20207,34.13784,181.69
            135.202,34.13782,181.97
            135.20186,34.13775,184.93
            135.20181,34.13768,187.65
            135.2018,34.13762,189.6
            135.20184,34.1375,193.87
            135.20191,34.13741,200.42
            135.20191,34.13737,202.99
            135.20188,34.13734,204.54
            135.20182,34.13732,205.03
            135.20176,34.13735,202.37
            135.2016,34.13737,200.23
            135.20144,34.13737,200.88
            135.20136,34.13734,203.18
            135.20121,34.13719,212.62
            135.20098,34.13708,221.68
            135.2009,34.13702,225.43
            135.20086,34.13696,228.06
            135.20081,34.13683,237.54
            135.20079,34.13681,239.46
            135.20071,34.13675,245.32
            135.20063,34.13654,257.53
            135.20056,34.13655,257.59
            135.20053,34.13657,257.13
            135.20043,34.13672,253.37
            135.20035,34.1368,252.95
            135.20025,34.13674,256.54
            135.20022,34.1367,257.62
            135.2002,34.13665,258.89
            135.2002,34.13659,260.06
            135.20018,34.13657,260.55
            135.2001,34.13653,261.6
            135.20004,34.13653,261.82
            135.19999,34.13655,261.66
            135.19986,34.13661,260.71
            135.19974,34.13668,259.61
            135.19964,34.13672,258.76
            135.19958,34.13673,258.69
            135.19955,34.13673,258.8
            135.19948,34.13673,259.05
            135.19945,34.13672,259.44
            135.19944,34.13669,260.31
            135.19939,34.13668,260.43
            135.19938,34.13665,260.61
            135.19936,34.13656,259.58
            135.19935,34.13651,258.96
            135.19934,34.13639,257.51
            135.19934,34.13627,255.94
            135.19934,34.13621,255.16
            135.19938,34.13609,254.15
            135.19938,34.13608,254.08
            135.19935,34.13591,252.53
            135.19929,34.13564,248.32
            135.19928,34.13564,248.28
            135.19923,34.13548,247.12
            135.19916,34.13531,247.04
            135.19884,34.13494,239.2
            135.19878,34.1349,239.57
            135.1987,34.13485,239.91
            135.19863,34.13483,240.36
            135.19859,34.13477,240.15
            135.19858,34.13469,238.72
            135.19858,34.13461,236.64
            135.1987,34.13466,236.94
            135.19891,34.13478,237.49
            135.19895,34.13479,237.71
            135.19905,34.13478,238
            135.19909,34.13476,238
            135.19911,34.13474,237.92
            135.19911,34.13461,236.42
            135.19909,34.13448,234.63
            135.19912,34.13374,215.1
            135.19912,34.13325,209.92
            135.19909,34.13308,209.57
            135.19906,34.13299,208.46
            135.19898,34.13281,205.58
            135.19899,34.13273,205.11
            135.199,34.1326,204.32
            135.19897,34.13248,202.86
            135.1988,34.13201,194.32
            135.19874,34.13181,190.15
            135.19874,34.13154,182.78
            135.19868,34.13141,180.1
            135.19865,34.13133,178.86
            135.19859,34.13128,178.86
            135.19854,34.13126,178.97
            135.19843,34.13127,180.29
            135.19838,34.13133,181.74
            135.19841,34.13148,183.79
            135.19843,34.13163,186.12
            135.19846,34.13192,189.49
            135.19848,34.132,189.79
            135.19857,34.13217,191.63
            135.19866,34.1325,193.76
            135.19867,34.13262,194.64
            135.19868,34.13285,196.44
            135.19861,34.13291,194.39
            135.19853,34.13293,192.07
            135.19847,34.13289,189.44
            135.19844,34.13285,187.64
            135.19845,34.13273,186.15
            135.19843,34.13249,183
            135.19837,34.13227,183.55
            135.19832,34.13216,183.44
            135.19825,34.1321,181.8
            135.19806,34.13202,175.62
            135.19797,34.13196,172.57
            135.19785,34.13183,168.49
            135.1978,34.13173,166.78
            135.19776,34.13152,162.57
            135.19776,34.13138,160.39
            135.19777,34.1313,161.01
            135.1978,34.13111,162.6
            135.19786,34.13087,157.07
            135.19795,34.13072,153.53
            135.19798,34.13067,152.42
            135.198,34.13063,151.48
            135.19801,34.13056,148.75
            135.19804,34.1305,148.22
            135.19807,34.13044,147.24
            135.19812,34.13038,146.33
            135.19815,34.13035,145.91
            135.1982,34.1303,145.04
            135.19824,34.13027,144.77
            135.19825,34.13025,144.41
            135.19827,34.13023,144.19
            135.19827,34.13022,143.88
            135.19827,34.13019,142.98
            135.19825,34.13016,141.85
            135.19824,34.13015,141.47
            135.19822,34.13013,140.75
            135.19819,34.13012,140.28
            135.19815,34.13011,139.79
            135.19811,34.13011,139.54
            135.19809,34.13011,139.41
            135.19806,34.13012,139.33
            135.19803,34.13015,138.87
            135.19801,34.13017,138.45
            135.19799,34.1302,138.06
            135.19797,34.13025,137.74
            135.19794,34.13029,137.19
            135.19788,34.13036,136.7
            135.19785,34.13042,136.83
            135.19783,34.13045,136.56
            135.19781,34.13052,137.03
            135.19779,34.13056,136.93
            135.19777,34.13061,138.89
            135.19776,34.13065,140.73
            135.19774,34.13069,141.92
            135.19771,34.13073,142.4
            135.19768,34.13076,142.2
            135.19765,34.13078,141.35
            135.19759,34.13082,139.47
            135.19752,34.13087,137.29
            135.19746,34.1309,135.91
            135.19742,34.13093,135.86
            135.19727,34.13103,135.27
            135.19724,34.13105,135.2
            135.19721,34.13108,135.74
            135.1972,34.13111,137.06
            135.19719,34.13114,136.85
            135.19719,34.13117,136.99
            135.19719,34.1312,137.12
            135.19719,34.13124,137.3
            135.1972,34.13126,137.74
            135.19719,34.13129,137.52
            135.19718,34.13134,137.4
            135.19717,34.13138,137.26
            135.19716,34.13142,137.66
            135.19715,34.13146,138.2
            135.19713,34.13149,138.2
            135.19711,34.1315,137.76
            135.19708,34.13151,137.01
            135.19706,34.13151,136.36
            135.19704,34.1315,135.5
            135.19701,34.13149,134.31
            135.19696,34.13145,131.82
            135.19693,34.13141,130.3
            135.19692,34.13139,129.76
            135.19691,34.13137,129.38
            135.19691,34.13135,129.12
            135.19691,34.13133,128.86
            135.19692,34.1313,128.64
            135.19694,34.13128,128.74
            135.19696,34.13125,129.06
            135.19698,34.13122,129.48
            135.19699,34.1312,129.66
            135.197,34.13118,129.84
            135.19701,34.13115,129.95
            135.19702,34.13112,130.07
            135.19701,34.13107,127.68
            135.19701,34.13104,126.28
            135.197,34.13102,125
            135.19699,34.13099,123.29
            135.19699,34.13097,122.37
            135.197,34.13095,121.78
            135.19701,34.13093,121.16
            135.19704,34.1309,120.62
            135.19714,34.13084,120.28
            135.19717,34.13081,120.13
            135.1972,34.13079,120.47
            135.19722,34.13077,120.57
            135.19726,34.13071,120.55
            135.19734,34.13057,118.59
            135.19738,34.1305,118.38
            135.19739,34.13045,118.19
            135.1974,34.13041,118.11
            135.19742,34.13034,118.11
            135.19741,34.1303,117.57
            135.1974,34.13026,117.24
            135.19739,34.13023,117.14
            135.19738,34.13022,116.9
            135.19736,34.13021,116.33
            135.19734,34.1302,115.75
            135.19732,34.1302,115.11
            135.1973,34.1302,114.48
            135.19727,34.1302,113.52
            135.19724,34.13021,112.56
            135.19723,34.13022,112.24
            135.19722,34.13022,111.94
            135.1972,34.13023,111.39
            135.1972,34.13025,111.38
            135.19719,34.13026,111.09
            135.19718,34.13029,110.95
            135.19715,34.13042,111.7
            135.19714,34.13046,111.87
            135.19711,34.13049,111.21
            135.19708,34.1305,110.28
            135.19704,34.13051,109
            135.19699,34.1305,107.17
            135.19695,34.13049,105.72
            135.19691,34.13047,104.9
            135.19688,34.13044,104.18
            135.19687,34.13041,103.73
            135.19687,34.13038,103.42
            135.19689,34.13032,103.22
            135.1969,34.13027,103.08
            135.1969,34.13023,103.27
            135.1969,34.13018,103.52
            135.19689,34.13016,103.34
            135.19687,34.13014,102.85
            135.19685,34.13013,102.3
            135.19683,34.13011,101.74
            135.19681,34.1301,101.14
            135.19678,34.13008,100.19
            135.19673,34.13008,98.59
            135.19659,34.13007,94.85
            135.19651,34.13007,93.12
            135.19647,34.13007,92.26
            135.19636,34.13005,89.82
            135.19627,34.13,87.86
            135.19622,34.12996,86.78
            135.19616,34.12989,85.23
            135.1961,34.12978,83.29
            135.19609,34.12973,82.83
            135.19609,34.12962,82.74
            135.19609,34.12956,82.73
            135.19609,34.12952,82.72
            135.19613,34.12949,83.31
            135.19619,34.12948,84.25
            135.19626,34.12945,85.18
            135.19629,34.12941,84.41
            135.1963,34.12934,82.23
            135.1963,34.12928,80.23
            135.19627,34.12923,77.79
            135.19624,34.12923,77.02
            135.19618,34.12916,72.88
            135.19611,34.12905,69.3
            135.196,34.12894,65.74
            135.19594,34.12885,63.36
            135.1959,34.1288,61.92
            135.19584,34.12874,59.98
            135.1958,34.1287,58.56
            135.19577,34.12865,57.32
            135.19573,34.12854,54.48
            135.19569,34.12846,51.58
            135.19567,34.12841,49.74
            135.19568,34.12834,48.2
            135.19569,34.1283,47.52
            135.1957,34.12825,46.57
            135.19573,34.12818,45.65
            135.1958,34.1281,45.4
            135.19587,34.12802,45.48
            135.1959,34.12799,45.79
            135.1959,34.12791,45.3
            135.19589,34.12786,44.89
            135.19589,34.12782,44.65
            135.19589,34.12774,43.7
            135.19589,34.12767,42.39
            135.19587,34.12762,41.35
            135.19585,34.12759,40.7
            135.19584,34.12756,40.11
            135.1957,34.12728,33.81
            135.19553,34.12708,31.24
            135.19538,34.12687,30.08
            135.19543,34.12681,30.33
            135.19555,34.1267,30.23
            135.19559,34.12667,29.9
            135.1957,34.12659,29.47
            135.19579,34.12651,28.77
            135.19586,34.12644,28.18
            135.1959,34.1264,28.04
            135.19593,34.12636,28.17
            135.19594,34.12633,28.34
            135.19595,34.12629,28.56
            135.19601,34.12603,29.97
            135.19605,34.12587,30.66
            135.19607,34.12577,32.19
            135.1961,34.12571,33.27
            135.1961,34.12569,33.77
            135.19614,34.12563,35.1
            135.19616,34.12558,36.37
            135.19618,34.12556,36.88
            135.1962,34.12553,37.31
            135.19628,34.12546,38.24
            135.19641,34.12534,40.16
            135.19648,34.12528,41.29
            135.19655,34.12521,41.09
            135.1966,34.12516,40.91
            135.19662,34.12512,40.7
            135.19664,34.12509,40.55
            135.19667,34.12501,40.14
            135.19668,34.12497,40.51
            135.19668,34.12493,40.8
            135.19667,34.1249,40.8
            135.19654,34.12443,41.08
            135.19651,34.12432,43.37
            135.19649,34.12428,44.13
            135.19646,34.12425,44.52
            135.19636,34.12419,45.13
            135.19622,34.1241,46.56
            135.19616,34.12406,47.11
            135.19609,34.124,48.29
            135.19605,34.12396,49.38
            135.19602,34.12392,50.33
            135.19598,34.12387,51.45
            135.19596,34.12385,51.88
            135.19593,34.12382,52.42
            135.19584,34.12376,52.91
            135.19596,34.12357,57.93
            135.19594,34.12354,57.98
            135.19592,34.1235,58.13
            135.19591,34.12346,58.46
            135.19591,34.12341,59.15
            135.19592,34.12337,59.98
            135.19594,34.12332,60.87
            135.19615,34.12288,60
            135.19617,34.12283,59.66
            135.19619,34.12279,59.65
            135.1962,34.12275,60.11
            135.19621,34.12269,61.11
            135.19624,34.12255,63.65
            135.19624,34.12251,64.01
            135.19624,34.12247,64.34
            135.19622,34.12244,63.84
            135.1962,34.1224,63.5
            135.19618,34.12237,63.14
            135.19614,34.12232,62.47
            135.19611,34.12229,62
            135.19608,34.12226,61.83
            135.19607,34.12223,62.01
            135.19606,34.1222,61.82
            135.19605,34.12217,61.49
            135.19605,34.12215,61.42
            135.19602,34.12205,60.41
            135.19601,34.12199,59.98
            135.19601,34.12194,59.83
            135.19601,34.12188,59.98
            135.19602,34.12183,60.3
            135.19604,34.12163,60.84
            135.19604,34.12158,60.66
            135.19604,34.12151,60.41
            135.19603,34.12143,59.98
            135.19601,34.12137,59.63
            135.19595,34.12121,59.22
            135.19586,34.12102,59.54
            135.19573,34.12067,65.56
            135.19568,34.12054,67.33
            135.19557,34.12029,68.14
            135.19556,34.12026,67.91
            135.19555,34.12023,67.44
            135.19555,34.12019,67.02
            135.19556,34.12013,66.53
            135.19559,34.12008,66.87
            135.19561,34.12003,67.02
            135.19553,34.12,65.09
            135.19562,34.11985,65.22
            135.1957,34.11971,65.69
            135.19575,34.11963,67.36
            135.19577,34.11959,68.14
            135.1958,34.11953,69.38
            135.19582,34.11945,70.53
            135.19583,34.11939,71.48
            135.19583,34.1193,72.45
            135.19582,34.11921,73.06
            135.1958,34.11912,72.8
            135.19577,34.11902,71.72
            135.19586,34.11901,75.43
            135.19584,34.11892,74.34
            135.19579,34.11875,67.91
            135.19578,34.11867,65.11
            135.19577,34.11858,62.4
            135.19574,34.11841,58.81
            135.1957,34.11827,59.1
            135.1957,34.11826,59.28
            135.19568,34.11813,61.56
            135.19568,34.11802,62.15
            135.19572,34.11784,59.49
            135.19574,34.11775,58.62
            135.1958,34.11755,58.9
            135.19583,34.11746,59.12
            135.19586,34.11736,60.37
            135.1959,34.11724,61.68
            135.19592,34.11718,62.34
            135.19594,34.11714,62.98
            135.19597,34.11711,63.85
            135.19599,34.11709,64.42
            135.196,34.11706,64.78
            135.196,34.11704,64.86
            135.19598,34.11697,64.6
            135.19598,34.11694,64.57
            135.19599,34.11692,64.27
            135.19609,34.11676,61.64
            135.19622,34.11648,64.83
            135.19627,34.11637,66.52
            135.19629,34.11632,67.41
            135.1963,34.11626,68.26
            135.1963,34.1162,68.98
            135.1963,34.11614,69.69
            135.1963,34.11603,69.16
            135.19629,34.11591,67.76
            135.19628,34.11587,67.22
            135.19616,34.1155,63.06
            135.19608,34.11527,64.71
            135.19592,34.115,71.19
            135.19577,34.11472,71.56
            135.19568,34.11457,70.71
            135.19564,34.11453,70.39
            135.19555,34.11448,70.05
            135.19545,34.11444,68.99
            135.19531,34.11435,68.7
            135.19519,34.11426,68.44
            135.195,34.11415,68.06
            135.19486,34.11403,68.74
            135.19478,34.11388,69.89
            135.19467,34.11365,73.09
            135.19456,34.11355,76.38
            135.1944,34.11346,79.82
            135.19399,34.11328,83.7
            135.19381,34.11319,83.38
            135.19373,34.11314,83.52
            135.19366,34.11306,83.97
            135.19362,34.11303,84.03
            135.19353,34.11304,83.38
            135.19336,34.11298,81.7
            135.19321,34.11291,83.38
            135.19308,34.11276,84.59
            135.19291,34.11252,86.2
            135.19262,34.11213,92.8
            135.19245,34.11192,94.9
            135.19234,34.11181,96.75
            135.19212,34.11172,98.68
            135.1918,34.11159,102.27
            135.19156,34.11153,105.27
            135.19135,34.11149,105.78
            135.19125,34.11145,103.16
            135.19089,34.11125,101.5
            135.19069,34.11116,100.41
            135.19063,34.11112,99.98
            135.19059,34.11107,99.94
            135.1906,34.11102,100.62
            135.19072,34.11104,102.14
            135.19082,34.11105,103.47
            135.19108,34.11113,104.33
            135.19122,34.11117,104.57
            135.19134,34.11121,105.68
            135.19144,34.11123,106.09
            135.19154,34.11123,105.42
            135.19162,34.11122,104.91
            135.19171,34.11119,103.58
            135.19173,34.11115,103.23
            135.19184,34.11086,105.49
            135.19188,34.11066,110.04
            135.19195,34.11054,112.25
            135.19217,34.11032,108.81
            135.1922,34.11023,109.12
            135.19218,34.11008,113.48
            135.19201,34.10971,119.23
            135.19198,34.10967,120.06
            135.19197,34.10956,122.34
            135.19202,34.1095,123.15
            135.19207,34.10944,123.7
            135.19218,34.10945,122.39
            135.19224,34.10947,121.94
            135.19243,34.10962,119.79
            135.1927,34.10981,115.54
            135.19291,34.10988,115.41
            135.19318,34.10995,115.96
            135.19337,34.10999,119.01
            135.19344,34.11003,121.97
            135.19345,34.11007,122.42
            135.19341,34.11035,121.22
            135.19341,34.11056,124.39
            135.19344,34.11062,126.73
            135.19358,34.11091,136.62
            135.19369,34.11086,139.16
            135.19374,34.11083,140.15
            135.19373,34.11074,139.13
            135.19372,34.11071,138.54
            135.1937,34.11059,136.81
            135.19374,34.11036,138
            135.19403,34.1099,153.17
            135.19415,34.10964,153.66
            135.19417,34.10951,152.87
            135.19417,34.10944,152.34
            135.19413,34.10937,154.31
            135.19403,34.10932,154.3
            135.19376,34.10932,149.26
            135.19366,34.10929,148.33
            135.19357,34.10925,148.17
            135.19346,34.10916,150.22
            135.19337,34.10905,154.41
            135.19334,34.10899,156.71
            135.19326,34.10892,158.63
            135.19345,34.10894,160.32
            135.19375,34.10906,159.64
            135.19398,34.10905,166.13
            135.19414,34.10903,172.07
            135.1944,34.10901,182.9
            135.1946,34.10897,194.13
            135.1948,34.10894,202.36
            135.19494,34.10894,207.12
            135.19508,34.109,208.61
            135.19511,34.10903,208.52
            135.19515,34.1091,208.17
            135.19529,34.10902,212.61
            135.19541,34.10888,213.83
            135.19546,34.10877,218.5
            135.19553,34.10868,222.79
            135.19571,34.10855,230.55
            135.19584,34.10845,236.54
            135.19593,34.10834,243.16
            135.19596,34.10828,245.45
            135.19599,34.10814,249.43
            135.19605,34.10794,258.27
            135.19625,34.10756,284.19
            135.19654,34.10692,307.02
            135.1968,34.10658,314.79
            135.19694,34.10638,322.04
            135.19697,34.10629,323.9
            135.19697,34.10619,325.63
            135.19693,34.10595,327.02
            135.19679,34.10562,324.87
            135.19677,34.1055,324.54
            135.19676,34.10537,325.1
            135.19678,34.10515,327.47
            135.19657,34.10533,327.07
            135.19645,34.10539,327.32
            135.19636,34.1054,327.08
            135.1963,34.10535,326.22
            135.19627,34.1052,326.28
            135.19626,34.10492,329.51
            135.19614,34.10469,331.87
            135.19608,34.10457,330.69
            135.19608,34.10435,332.6
            135.1961,34.10415,335.71
            135.19606,34.10405,335.28
            135.19596,34.1039,333.92
            135.19594,34.10381,334.42
            135.19594,34.10368,336
            135.19598,34.10349,335.23
            135.19614,34.10342,339.13
            135.19625,34.10335,341.74
            135.19662,34.10309,342.73
            135.19657,34.10324,346.45
            135.19634,34.10346,346
            135.19625,34.10356,344.76
            135.19621,34.10365,344.47
            135.1962,34.10366,344.18
            135.19621,34.10377,343.51
            135.19621,34.10378,343.43
            135.19628,34.10388,345.11
            135.19638,34.10394,348.31
            135.19655,34.10401,352.19
            135.19669,34.1041,354.53
            135.19707,34.10425,352.47
            135.19717,34.10427,351.29
            135.1973,34.10428,350.18
            135.1974,34.10421,349.03
            135.1977,34.10376,350.6
            135.1978,34.10366,354.18
            135.19804,34.10354,362.48
            135.19817,34.10334,368.17
            135.19822,34.10332,368.9
            135.19831,34.10333,368.99
            135.19842,34.10336,367.21
            135.19855,34.1034,365.2
            135.19866,34.10339,365.54
            135.19909,34.10324,369.85
            135.19918,34.10318,370.92
            135.19945,34.10287,378.28
            135.19974,34.1026,380.01
            135.20003,34.10237,384.62
            135.20042,34.10214,392.17
            135.20076,34.10208,396.56
            135.20087,34.10208,398.33
            135.2009,34.10211,398.07
            135.20104,34.10256,391.99
            135.20111,34.10271,394.48
            135.20117,34.10296,396.27
            135.20123,34.10305,397.97
            135.20159,34.10331,405.08
            135.20177,34.10353,402.46
            135.20185,34.1036,402.25
            135.20191,34.10365,402.43
            135.20206,34.10364,403.71
            135.20208,34.10364,403.76
            135.20213,34.1036,405.03
            135.20217,34.10352,407.91
            135.20216,34.10339,412.2
            135.20213,34.10331,414.37
            135.20206,34.10324,415.55
            135.20197,34.10309,419.17
            135.20193,34.10296,421.44
            135.20194,34.10287,423.8
            135.20198,34.10275,426.59
            135.202,34.10262,427.48
            135.202,34.10248,427.76
            135.20201,34.10211,425.1
            135.20202,34.10203,425.49
            135.20208,34.10193,427.29
            135.20235,34.1016,442.54
            135.20238,34.10154,444.81
            135.20237,34.10144,447.94
            135.20232,34.10133,449.77
            135.20179,34.10089,447.57
            135.20176,34.10088,447.06
            135.20165,34.10079,448.93
            135.20157,34.10076,450.35
            135.20095,34.10073,451.46
            135.20084,34.10067,455.03
            135.20073,34.10061,457.35
            135.20052,34.10054,460.2
            135.20023,34.10053,463.45
            135.20006,34.10047,467.26
            135.19987,34.10035,474.06
            135.19963,34.10017,478.55
            135.19957,34.10016,478.33
            135.19951,34.10016,477.95
            135.19944,34.10016,477.53
            135.19939,34.10018,476.87
            135.19934,34.10022,475.51
            135.19928,34.1003,472.53
            135.19921,34.10037,469.94
            135.19916,34.1004,468.84
            135.1991,34.10042,467.57
            135.19905,34.10041,467.21
            135.19901,34.10039,467.25
            135.19894,34.1003,468.93
            135.19892,34.10023,470.92
            135.19892,34.10017,472.91
            135.19895,34.10011,475.36
            135.19906,34.09997,481.54
            135.19912,34.09992,483.5
            135.19929,34.09986,483.51
            135.19936,34.09984,482.48
            135.19945,34.09983,480.96
            135.19954,34.09983,480.37
            135.19963,34.09984,479.85
            135.19978,34.0999,478.31
            135.20001,34.09998,473.5
            135.20012,34.10002,472.48
            135.20017,34.10002,471.78
            135.20022,34.1,470.83
            135.20027,34.09998,469.89
            135.20041,34.09989,468.53
            135.20018,34.0998,468.74
            135.2,34.09972,468.96
            135.19993,34.09969,470.6
            135.19986,34.09966,472.08
            135.19982,34.0996,471.78
            135.19978,34.09951,470.49
            135.19976,34.09946,469.61
            135.19971,34.0994,469.1
            135.19965,34.09936,469.75
            135.19961,34.09934,470.32
            135.19954,34.0993,471.06
            135.19949,34.09929,472.15
            135.19941,34.09927,473.06
            135.1993,34.09925,473.35
            135.19917,34.0992,472.41
            135.19906,34.09916,470.83
            135.19902,34.09913,470
            135.19898,34.09911,469.36
            135.19895,34.09908,468.4
            135.19891,34.09904,467
            135.19887,34.099,466.47
            135.19884,34.09895,466.49
            135.19882,34.0989,466.25
            135.19879,34.09885,466.51
            135.19878,34.09879,465.16
            135.19878,34.09873,463.27
            135.19878,34.09865,460.75
            135.19878,34.09856,460.12
            135.19879,34.09849,460.64
            135.1988,34.09844,460.95
            135.19882,34.09838,461.15
            135.19885,34.09832,460.97
            135.19887,34.09828,460.45
            135.1989,34.09825,459.96
            135.19893,34.09823,459.87
            135.19898,34.09822,459.75
            135.19898,34.09819,459.85
            135.19898,34.09817,459.92
            135.199,34.09814,460.04
            135.19902,34.09812,460.14
            135.19905,34.09808,460.43
            135.1991,34.09805,460.62
            135.19915,34.09801,459.67
            135.19922,34.09797,457.96
            135.19928,34.09793,456.16
            135.19935,34.09789,454.25
            135.19944,34.09784,451.84
            135.19954,34.09778,451.09
            135.19965,34.09773,451.41
            135.19975,34.09769,450.84
            135.19994,34.09763,447.41
            135.20001,34.09761,446.21
            135.20008,34.09758,445.71
            135.20014,34.09754,445.01
            135.20019,34.09752,444.85
            135.20023,34.09748,444.69
            135.20027,34.09744,445.14
            135.2003,34.0974,445.7
            135.20035,34.09733,446.59
            135.20038,34.09727,447.06
            135.20042,34.0972,447.41
            135.20046,34.09713,447.21
            135.20049,34.09707,446.75
            135.20053,34.097,445.89
            135.20056,34.09695,445.05
            135.20058,34.09688,444.23
            135.2006,34.09683,443.77
            135.20061,34.09678,443.41
            135.20062,34.09671,442.98
            135.20062,34.09663,442.17
            135.20062,34.09657,441.3
            135.20062,34.0965,440.3
            135.20062,34.09642,439.14
            135.20061,34.09636,438.13
            135.2006,34.09629,436.87
            135.20059,34.09624,435.89
            135.20059,34.0962,435.22
            135.20059,34.09616,434.56
            135.20059,34.09612,433.89
            135.2006,34.09607,434.18
            135.20061,34.09603,434.59
            135.20063,34.09593,435.39
            135.20064,34.09588,435.73
            135.20065,34.09584,436
            135.20066,34.09578,436.73
            135.20066,34.09573,437.29
            135.20066,34.09568,437.85
            135.20064,34.09563,438.04
            135.20061,34.09556,438.13
            135.20045,34.09528,432.35
            135.20043,34.09522,430.66
            135.20042,34.09517,429.44
            135.20043,34.09511,428.43
            135.20044,34.09505,427.37
            135.20047,34.09492,424.77
            135.20049,34.09486,423.68
            135.20049,34.0948,422.23
            135.20049,34.09475,421.02
            135.20049,34.0947,420.21
            135.20048,34.09466,419.71
            135.20047,34.0946,419.1
            135.20046,34.09453,418.45
            135.20044,34.09449,417.76
            135.20043,34.09443,417.13
            135.20043,34.09438,416.59
            135.20044,34.09433,416.27
            135.20046,34.0943,416.38
            135.20051,34.09426,417.02
            135.20056,34.09423,417.72
            135.20064,34.09419,418.11
            135.20071,34.09416,418.39
            135.20078,34.09414,418.29
            135.20088,34.09413,417.08
            135.20096,34.09413,414.79
            135.20102,34.09414,413.32
            135.20107,34.09416,412.21
            135.20111,34.09418,411.28
            135.20114,34.09421,411.39
            135.20116,34.09425,411.71
            135.20118,34.09428,411.79
            135.20121,34.09433,411.83
            135.20123,34.09439,412.02
            135.20135,34.09462,411.1
            135.20138,34.09465,410.5
            135.20141,34.09468,410.06
            135.20147,34.09469,408.83
            135.20151,34.09469,407.93
            135.20155,34.09467,406.74
            135.20157,34.09464,405.81
            135.20158,34.0946,404.95
            135.20158,34.09457,404.47
            135.20156,34.09453,404.38
            135.20154,34.09449,404.32
            135.20149,34.09445,405.16
            135.20141,34.09436,407.46
            135.20138,34.09432,408.18
            135.20135,34.09428,408.71
            135.20133,34.09425,408.95
            135.20131,34.09421,409.07
            135.2013,34.09417,408.98
            135.20129,34.09412,407.96
            135.20129,34.09404,406.07
            135.20128,34.094,405.32
            135.20125,34.09395,404.82
            135.20121,34.09391,404.92
            135.20117,34.09387,404.86
            135.20113,34.09385,405.14
            135.20109,34.09383,404.99
            135.20103,34.09383,405.3
            135.20098,34.09382,405.23
            135.20074,34.09383,405.92
            135.20069,34.09382,405.5
            135.20065,34.0938,404.96
            135.20062,34.09378,404.53
            135.20058,34.09375,404
            135.20056,34.09372,403.56
            135.20053,34.09367,402.57
            135.2005,34.09359,400.5
            135.20045,34.09342,393.48
            135.20037,34.09318,390.09
            135.20035,34.09313,390.27
            135.20034,34.09309,390.35
            135.20033,34.09305,390.52
            135.20032,34.09302,390.93
            135.20033,34.09299,390.78
            135.20034,34.09296,390.63
            135.20037,34.09293,389.95
            135.2004,34.09292,389.18
            135.20043,34.0929,388.48
            135.20047,34.0929,387.41
            135.20052,34.0929,386.07
            135.20055,34.09291,385.2
            135.20059,34.09292,384.42
            135.20062,34.09294,383.77
            135.20063,34.09297,383.36
            135.20065,34.09299,382.85
            135.20066,34.09302,382.42
            135.20067,34.09305,381.99
            135.20068,34.09311,382.92
            135.20068,34.0933,386.95
            135.20069,34.09334,387.87
            135.20071,34.09338,389.61
            135.20073,34.09342,391.37
            135.20075,34.09344,392.16
            135.20078,34.09346,392.87
            135.20083,34.09348,393.42
            135.20087,34.09348,393
            135.20092,34.09349,392.96
            135.20097,34.09348,391.92
            135.20106,34.09348,390.94
            135.20125,34.09347,388.4
            135.20135,34.09347,387.34
            135.2014,34.09348,387.25
            135.20144,34.09349,387.49
            135.20148,34.09351,387.97
            135.20151,34.09353,388.41
            135.20154,34.09356,389.03
            135.20157,34.09359,389.53
            135.20159,34.09361,389.8
            135.20162,34.09365,390.16
            135.20166,34.09373,390.83
            135.20168,34.09377,391.43
            135.2017,34.0938,392.08
            135.20172,34.09383,392.73
            135.20174,34.09384,393.09
            135.20177,34.09386,393.7
            135.2018,34.09386,394.02
            135.20184,34.09386,394.46
            135.20189,34.09386,395
            135.20192,34.09384,395.03
            135.20195,34.09383,395.27
            135.20197,34.0938,395.33
            135.20198,34.09378,395.32
            135.20199,34.09376,395.34
            135.20199,34.09372,394.89
            135.20198,34.09367,393.99
            135.20198,34.09362,393.39
            135.20194,34.09341,391.18
            135.20193,34.09335,390.71
            135.20191,34.09328,390.4
            135.20189,34.09321,390.08
            135.20187,34.09315,389.56
            135.2014,34.09215,401.52
            135.20134,34.09202,399.13
            135.2013,34.09195,398.08
            135.20127,34.09191,397.24
            135.20123,34.09186,395.94
            135.2012,34.09182,394.86
            135.20115,34.09176,392.87
            135.20072,34.09141,373.94
            135.20067,34.09136,371.56
            135.20064,34.09132,370.45
            135.20062,34.09128,369.8
            135.20061,34.09123,369.69
            135.20061,34.0912,369.91
            135.20061,34.09116,370.2
            135.20061,34.09111,370.53
            135.20063,34.09106,370.56
            135.20067,34.091,371.36
            135.20084,34.09078,373.5
            135.20089,34.09072,373.36
            135.20091,34.09068,372.62
            135.20092,34.09066,372.29
            135.20093,34.09062,371.04
            135.20095,34.09058,370.54
            135.20097,34.09052,369.43
            135.20098,34.09047,368.15
            135.20099,34.09043,367.25
            135.20101,34.0904,367.41
            135.20103,34.09037,367.53
            135.20107,34.09034,368.96
            135.20113,34.0903,371.3
            135.20117,34.09025,373.08
            135.2012,34.0902,375.02
            135.2012,34.09016,374.82
            135.20121,34.09012,375.39
            135.2012,34.09009,374.48
            135.20119,34.09003,373.4
            135.20117,34.08999,371.8
            135.20115,34.08994,371.07
            135.20089,34.0895,357.88
            135.20085,34.08941,354.59
            135.20083,34.08935,350.73
            135.20083,34.08929,348.16
            135.20084,34.08923,346.17
            135.20087,34.08919,346.38
            135.2009,34.08915,346.31
            135.20093,34.08912,346.21
            135.20098,34.08909,346.89
            135.20103,34.08906,347.11
            135.20109,34.08905,349.1
            135.20115,34.08904,350.28
            135.20125,34.08904,353.19
            135.20134,34.08903,354.81
            135.20141,34.08902,356.27
            135.20148,34.08899,357.2
            135.20153,34.08896,357.64
            135.20157,34.08893,357.93
            135.20159,34.08889,356.55
            135.20161,34.08885,354.9
            135.20162,34.08879,350.93
            135.20161,34.08874,346.35
            135.20161,34.08868,341.68
            135.20159,34.0886,334.66
            135.20159,34.08854,332.64
            135.20159,34.08849,330.96
            135.2016,34.08845,330.14
            135.20164,34.0884,330.35
            135.20168,34.08837,330.99
            135.20174,34.08834,332.18
            135.20181,34.08832,334
            135.20187,34.08831,335.88
            135.20201,34.08832,343.52
            135.20206,34.08832,346.72
            135.2021,34.08831,348.67
            135.20214,34.0883,350.57
            135.20217,34.08829,351.8
            135.20221,34.08826,352.25
            135.20224,34.08823,352.25
            135.20225,34.0882,351.02
            135.20226,34.08816,349.19
            135.20226,34.08811,345.94
            135.20226,34.08807,343.34
            135.20224,34.08794,338.15
            135.20223,34.08786,335.9
            135.20223,34.08779,334.55
            135.20223,34.08775,333.2
            135.20224,34.08772,332.39
            135.20225,34.08769,331.56
            135.20227,34.08765,330.67
            135.2023,34.08762,330.51
            135.20232,34.08759,329.96
            135.20238,34.08754,329.86
            135.20248,34.08749,330.82
            135.20258,34.08742,329.74
            135.20265,34.08736,327.94
            135.20271,34.0873,325.62
            135.20275,34.08724,322.63
            135.20279,34.08717,321.26
            135.20282,34.0871,320.36
            135.20285,34.08702,319.09
            135.20286,34.08696,317.92
            135.20285,34.08691,315.44
            135.20286,34.08686,312.51
            135.20287,34.08683,310.8
            135.2029,34.08678,308.08
            135.20293,34.08675,306.58
            135.20298,34.08672,305.31
            135.20302,34.0867,304.55
            135.20307,34.08669,304.17
            135.2035,34.08671,299.88
            135.20355,34.08671,299.29
            135.2036,34.08672,299.06
            135.20364,34.08671,297.89
            135.20367,34.08668,296.18
            135.20369,34.08665,294.71
            135.2037,34.08661,293.11
            135.2037,34.08657,291.71
            135.20368,34.08654,291.07
            135.20366,34.08651,290.4
            135.20361,34.08649,290.65
            135.20355,34.08648,290.79
            135.2035,34.0865,291.96
            135.20344,34.08654,294.01
            135.20338,34.08656,295.34
            135.20333,34.08658,296.6
            135.20328,34.08659,297.43
            135.20322,34.08658,297.54
            135.20316,34.08657,297.61
            135.20307,34.08655,297.43
            135.20298,34.08653,296.06
            135.20291,34.08653,295.55
            135.20285,34.08654,295.53
            135.2028,34.08656,295.95
            135.20276,34.08658,296.2
            135.20273,34.08662,297.06
            135.20271,34.08666,298.05
            135.20269,34.08671,300.29
            135.20269,34.08675,302.6
            135.20268,34.0869,310.93
            135.20267,34.08697,313.76
            135.20265,34.08703,314.65
            135.20263,34.08707,315.14
            135.2026,34.08712,315.78
            135.20257,34.08716,316.3
            135.20252,34.08719,316.24
            135.20246,34.08722,316.19
            135.2024,34.08725,316.56
            135.20233,34.08727,316.1
            135.20227,34.08727,314.87
            135.2022,34.08728,312.9
            135.20213,34.0873,309.38
            135.20208,34.08732,307.2
            135.20202,34.08737,305.91
            135.20197,34.08741,304.93
            135.20194,34.08747,306.18
            135.20192,34.08752,307.45
            135.20191,34.08758,310.21
            135.2019,34.08764,313.08
            135.20187,34.08774,317.49
            135.20184,34.08777,317.99
            135.20179,34.08781,316.74
            135.20173,34.08783,314.45
            135.20168,34.08784,312.46
            135.20161,34.08783,308.96
            135.20155,34.08781,305.51
            135.2015,34.08778,302.07
            135.20144,34.08775,296.89
            135.20137,34.08773,292.5
            135.2013,34.08772,290.42
            135.20123,34.08771,288.44
            135.20118,34.08769,286.47
            135.20114,34.08766,284.38
            135.20113,34.08762,282.43
            135.20113,34.08757,280.19
            135.20115,34.08754,278.99
            135.20119,34.08751,277.78
            135.20124,34.08751,278
            135.20129,34.08753,279.36
            135.20138,34.08758,283.1
            135.20145,34.08762,288.58
            135.2015,34.08764,292.28
            135.20155,34.08765,295.35
            135.2016,34.08765,297.72
            135.20165,34.08764,299.31
            135.2017,34.08762,300.42
            135.20174,34.08759,300.55
            135.20176,34.08756,299.63
            135.20178,34.0875,296.75
            135.20179,34.08744,294.41
            135.20182,34.0873,289.41
            135.20184,34.08723,287.25
            135.20186,34.0872,286.99
            135.20189,34.08716,286.69
            135.20193,34.08713,287.45
            135.20199,34.0871,289.4
            135.20204,34.08709,291.94
            135.2021,34.08707,294.46
            135.20217,34.08706,298.21
            135.20224,34.08704,300.85
            135.20229,34.08701,300.96
            135.20233,34.08698,300.95
            135.20235,34.08695,300.27
            135.20237,34.08691,299.41
            135.20237,34.08686,297.23
            135.20236,34.0868,294.22
            135.20234,34.08673,290.48
            135.20227,34.08659,283.16
            135.20225,34.08654,280.89
            135.20223,34.08649,278.56
            135.20222,34.08644,276.5
            135.20222,34.08638,274.35
            135.20222,34.08632,271.12
            135.20224,34.08626,268.77
            135.20227,34.0862,266.81
            135.20241,34.08598,257.1
            135.20245,34.08594,255.56
            135.2025,34.0859,254.52
            135.20254,34.08588,253.82
            135.20259,34.08586,253.55
            135.20266,34.08584,254.05
            135.20272,34.08584,255.74
            135.2028,34.08585,258.06
            135.20285,34.08587,259.5
            135.2029,34.08589,260.94
            135.20296,34.08591,262.45
            135.20302,34.08592,263.42
            135.20307,34.08591,263.08
            135.20312,34.08589,261.74
            135.20317,34.08586,259.73
            135.20341,34.08566,249.06
            135.20346,34.08562,247.37
            135.20353,34.08559,246.23
            135.2036,34.08557,245.59
            135.20366,34.08556,244.67
            135.20372,34.08557,244.47
            135.20379,34.08559,244.64
            135.20383,34.08561,245.14
            135.20388,34.08562,245.1
            135.20392,34.08562,243.78
            135.20396,34.0856,241.26
            135.20398,34.08557,239.07
            135.20399,34.08553,236.87
            135.20398,34.08549,235.48
            135.20396,34.08545,234.44
            135.20391,34.08543,235.36
            135.20383,34.08543,236.86
            135.20358,34.08545,240.41
            135.2035,34.08547,241.15
            135.20344,34.08549,241.84
            135.2034,34.08551,242.52
            135.20321,34.08562,246.2
            135.20315,34.08564,246.98
            135.20308,34.08566,247.87
            135.20303,34.08565,246.81
            135.20295,34.08563,244.51
            135.20287,34.08561,242.12
            135.20279,34.08559,239.65
            135.2027,34.08558,236.26
            135.20263,34.08558,234.02
            135.20254,34.08558,231.13
            135.20247,34.08559,229.39
            135.2024,34.0856,227.28
            135.20233,34.08563,226.57
            135.20226,34.08567,226.44
            135.20219,34.08571,225.67
            135.20211,34.08578,225.14
            135.20203,34.08586,225.22
            135.20197,34.08591,225.62
            135.20191,34.08597,226.89
            135.20186,34.08605,229.98
            135.20181,34.08612,231.22
            135.20178,34.0862,231.85
            135.20177,34.08628,234.09
            135.20177,34.08633,236.02
            135.20178,34.08638,238.85
            135.20179,34.08647,244.35
            135.20179,34.08653,247.49
            135.20178,34.08657,248.71
            135.20177,34.0866,249.42
            135.20174,34.08665,249.45
            135.20171,34.08669,249.21
            135.20167,34.08673,248.59
            135.20142,34.08693,242.61
            135.20136,34.08698,243.99
            135.2013,34.08701,246.07
            135.20126,34.08703,247.57
            135.20121,34.08703,246.89
            135.20117,34.08703,246.35
            135.20112,34.08703,245.67
            135.20108,34.08701,243.64
            135.20104,34.08699,241.99
            135.20101,34.08697,240.37
            135.20096,34.08693,237.83
            135.20074,34.08674,228.09
            135.20071,34.08672,226.9
            135.20066,34.08668,224.49
            135.20063,34.08666,223.26
            135.20059,34.08664,222.03
            135.20056,34.08662,220.79
            135.20051,34.08661,220.26
            135.20046,34.08659,219.14
            135.20041,34.08658,218.73
            135.20029,34.08655,217.63
            135.20021,34.08654,216.74
            135.20015,34.08652,215.45
            135.2001,34.0865,214.36
            135.20004,34.08647,212.99
            135.19999,34.08644,211.76
            135.19994,34.08642,210.76
            135.19985,34.08636,208.51
            135.19977,34.08632,207.55
            135.19971,34.08629,207.02
            135.19965,34.08627,205.75
            135.19959,34.08625,204.6
            135.19952,34.08623,203.44
            135.19947,34.08622,202.72
            135.1994,34.08621,201.87
            135.19931,34.08621,200.87
            135.19926,34.0862,200.35
            135.19921,34.0862,199.82
            135.19916,34.08619,199.28
            135.1991,34.08618,198.07
            135.19904,34.08617,196.91
            135.19898,34.08615,195.98
            135.19893,34.08614,195.18
            135.19887,34.08612,194.51
            135.1988,34.0861,193.8
            135.19872,34.08607,192.99
            135.19861,34.08602,192.29
            135.1985,34.08597,191.05
            135.19845,34.08594,190.97
            135.19842,34.08593,190.8
            135.1984,34.0859,191.43
            135.19838,34.08588,191.83
            135.19836,34.08585,192.63
            135.19836,34.08582,193.13
            135.19836,34.08578,192.94
            135.19838,34.08575,192.88
            135.1984,34.08572,192.78
            135.19843,34.08569,192.64
            135.19847,34.08567,192.53
            135.19852,34.08566,192.46
            135.19859,34.08566,192.49
            135.19868,34.08567,192.46
            135.19876,34.08568,192.44
            135.19947,34.08575,194.02
            135.19956,34.08577,193.47
            135.19963,34.08578,192.74
            135.19968,34.08579,192.28
            135.19974,34.0858,191.63
            135.1998,34.08582,191.38
            135.19985,34.08584,191.38
            135.19991,34.08587,191.39
            135.19996,34.0859,191.39
            135.2005,34.08624,195.72
            135.20055,34.08627,196.96
            135.2006,34.08629,197.81
            135.20064,34.08631,198.78
            135.20069,34.08632,198.96
            135.20073,34.08632,198.56
            135.20077,34.08631,197.51
            135.20082,34.0863,196.37
            135.20086,34.08629,196
            135.2009,34.08626,194.63
            135.20093,34.08624,193.72
            135.20096,34.0862,191.42
            135.201,34.08614,187.8
            135.20103,34.08608,185.02
            135.20106,34.08603,183.66
            135.20112,34.08593,181.48
            135.2012,34.08581,179.58
            135.20181,34.08493,173.26
            135.20184,34.08488,173.02
            135.20186,34.08484,172.81
            135.20186,34.08481,172.11
            135.20186,34.08478,171.4
            135.20185,34.08473,169.77
            135.20183,34.0847,168.09
            135.20182,34.08467,166.91
            135.20179,34.08464,164.93
            135.20175,34.08458,162.08
            135.20174,34.08454,160.94
            135.20173,34.08452,160.22
            135.20172,34.08449,159.35
            135.20173,34.08445,158.93
            135.20174,34.08441,158.37
            135.20177,34.08437,158.5
            135.2018,34.08435,159.11
            135.20193,34.08425,162.34
            135.20196,34.08422,163.26
            135.20198,34.08419,163.8
            135.20199,34.08417,164.01
            135.202,34.08413,164.11
            135.202,34.0841,163.87
            135.20199,34.08406,163.14
            135.20197,34.08403,162.07
            135.20196,34.084,161.44
            135.20194,34.08397,160.43
            135.2019,34.08392,158.73
            135.20143,34.08331,147.29
            135.20138,34.08325,144.53
            135.20135,34.08321,142.51
            135.20131,34.08318,140.88
            135.20128,34.08317,140.17
            135.20123,34.08315,139
            135.20119,34.08315,138.56
            135.20114,34.08315,138.02
            135.2011,34.08316,137.58
            135.20106,34.08317,136.7
            135.20103,34.0832,136.4
            135.201,34.08323,136.09
            135.20098,34.08326,136.03
            135.20097,34.0833,136.4
            135.20097,34.08334,136.9
            135.20097,34.08337,136.74
            135.20099,34.0834,137.14
            135.20101,34.08343,137.52
            135.20104,34.08346,138.16
            135.20108,34.0835,138.97
            135.20126,34.08364,141.91
            135.20155,34.08387,147.78
            135.20158,34.08389,148.5
            135.20159,34.08391,148.67
            135.20161,34.08394,149.11
            135.20161,34.08398,148.91
            135.20161,34.084,148.8
            135.20161,34.08405,148.55
            135.2016,34.08409,148.01
            135.20158,34.08412,147.15
            135.20156,34.08415,146.27
            135.20154,34.08417,145.55
            135.2015,34.08419,144.79
            135.20095,34.08446,138.8
            135.20091,34.08448,138.28
            135.20088,34.08449,137.81
            135.20084,34.08449,137.12
            135.2008,34.0845,136.62
            135.20077,34.08449,136.28
            135.20073,34.08449,135.82
            135.20069,34.08448,135.39
            135.20066,34.08446,135.09
            135.20062,34.08445,134.68
            135.20059,34.08443,134.2
            135.20057,34.08441,133.77
            135.20054,34.08439,133.44
            135.20052,34.08437,133.22
            135.2005,34.08433,132.72
            135.20049,34.0843,132.31
            135.20048,34.08427,131.88
            135.20048,34.08423,131.33
            135.20049,34.08416,130.39
            135.2005,34.08407,128.58
            135.20051,34.08405,128.22
            135.20051,34.08402,127.59
            135.20053,34.08395,126.21
            135.20055,34.08382,124.95
            135.20055,34.08378,124.93
            135.20055,34.08373,124.91
            135.20054,34.0837,124.72
            135.20053,34.08366,124.45
            135.20052,34.08362,124.13
            135.20044,34.0835,121.29
            135.20041,34.08347,120.32
            135.20039,34.08342,119.45
            135.20038,34.08338,118.91
            135.20037,34.08335,118.44
            135.20036,34.08331,118.01
            135.20036,34.08325,117.86
            135.20035,34.08307,117.12
            135.20035,34.08302,115.58
            135.20036,34.08297,113.76
            135.20036,34.08293,112.08
            135.20037,34.08289,110.7
            135.2004,34.08285,109.97
            135.20043,34.08281,109.26
            135.20046,34.08277,108.43
            135.20049,34.08274,107.48
            135.20052,34.08271,106.4
            135.20055,34.08268,105.17
            135.20059,34.08265,103.51
            135.20062,34.08262,101.67
            135.20066,34.0826,100.59
            135.2007,34.08258,99.51
            135.20075,34.08256,98.5
            135.20079,34.08255,98.11
            135.20083,34.08254,97.71
            135.20089,34.08254,97.85
            135.20095,34.08254,97.98
            135.201,34.08254,98.08
            135.20105,34.08255,98.98
            135.2011,34.08256,99.93
            135.20116,34.08258,101.6
            135.20133,34.08265,106.51
            135.20137,34.08266,107.03
            135.20142,34.08267,107.89
            135.20146,34.08268,108.85
            135.2015,34.08268,109.16
            135.20154,34.08267,108.89
            135.20158,34.08266,108.69
            135.20162,34.08264,108.05
            135.20165,34.08262,107.41
            135.20168,34.08259,106.52
            135.20171,34.08255,105.3
            135.20212,34.08184,89.37
            135.20215,34.08179,88.11
            135.20216,34.08175,87.1
            135.20217,34.08172,86.34
            135.20218,34.08167,85.08
            135.20217,34.08163,83.99
            135.20214,34.08158,82.69
            135.20212,34.08155,81.95
            135.20209,34.08153,81.53
            135.20205,34.08151,81.19
            135.20202,34.08149,80.84
            135.20197,34.08148,80.84
            135.20193,34.08147,80.65
            135.2019,34.08147,80.45
            135.20185,34.08148,80.29
            135.20182,34.08149,80.25
            135.20179,34.0815,80.18
            135.20175,34.08152,80.14
            135.20172,34.08155,80.27
            135.2017,34.08157,80.31
            135.20168,34.08159,80.32
            135.20167,34.08162,80.54
            135.20166,34.08165,80.66
            135.20165,34.08168,80.87
            135.20165,34.08171,81.52
            135.20167,34.08193,86.75
            135.20168,34.08204,87.26
            135.20167,34.08208,87.07
            135.20167,34.08212,87.07
            135.20165,34.08216,86.72
            135.20162,34.08218,86.25
            135.20159,34.08221,85.86
            135.20154,34.08225,86.58
            135.2015,34.08227,86.97
            135.20146,34.08229,87.32
            135.20141,34.0823,86.99
            135.20135,34.0823,86.3
            135.20129,34.08229,85.28
            135.20117,34.08227,83.14
            135.20103,34.08225,81.5
            135.20067,34.08217,77.27
            135.20059,34.08216,76.63
            135.20052,34.08215,75.66
            135.20046,34.08215,74.85
            135.20039,34.08214,73.54
            135.20033,34.08214,72.74
            135.2002,34.08215,71.43
            135.19951,34.0822,61.96
            135.19945,34.08221,61.01
            135.19941,34.08222,60.36
            135.19935,34.08224,59.85
            135.19931,34.08227,59.97
            135.19927,34.0823,59.96
            135.19924,34.08234,60.31
            135.19921,34.08237,60.3
            135.19914,34.08248,60.92
            135.19911,34.08253,60.77
            135.19909,34.08258,60.56
            135.19908,34.08263,60.61
            135.19907,34.08269,60.69
            135.19907,34.08274,60.99
            135.19908,34.08278,61.56
            135.19911,34.08285,64.54
            135.19912,34.0829,66.46
            135.19912,34.08296,68.33
            135.19911,34.083,69.06
            135.1991,34.08304,69.71
            135.19908,34.08307,69.45
            135.19907,34.08309,69.52
            135.19905,34.08311,69.06
            135.19903,34.08314,69
            135.19899,34.08316,67.65
            135.19896,34.08317,66.51
            135.19893,34.08319,65.82
            135.19887,34.08321,64.15
            135.19829,34.08339,60.07
            135.19824,34.0834,60.41
            135.19819,34.08341,60.71
            135.19815,34.08341,60.69
            135.1981,34.0834,60.43
            135.19806,34.08339,60.22
            135.19801,34.08337,59.3
            135.19797,34.08334,58.22
            135.19795,34.08331,57.02
            135.19793,34.08328,55.72
            135.19791,34.08324,54.07
            135.1979,34.08322,53.24
            135.1979,34.08318,51.8
            135.1979,34.08313,50
            135.19791,34.08309,48.67
            135.19795,34.08288,42.8
            135.19797,34.0828,40.72
            135.19798,34.08274,39.44
            135.19798,34.08268,38.26
            135.19798,34.08262,37.08
            135.19799,34.08257,36.16
            135.19799,34.08253,35.36
            135.19798,34.08248,34.53
            135.19797,34.08228,32.56
            135.19796,34.0822,31.73
            135.19796,34.08212,30.77
            135.19797,34.08207,30.19
            135.19797,34.08202,29.59
            135.19798,34.08197,29.03
            135.19799,34.08192,28.54
            135.19799,34.08186,28
            135.19798,34.0818,27.45
            135.19798,34.08175,27.01
            135.19796,34.08167,26.37
            135.19796,34.0816,26.74
            135.19795,34.08153,27.18
            135.19795,34.08138,27.96
            135.19795,34.08131,27.68
            135.19795,34.08123,27.35
            135.19803,34.08017,20.15
            135.19804,34.07996,17.32
            135.19805,34.07991,17.37
            135.19807,34.07987,17.68
            135.19809,34.07983,18.05
            135.19811,34.07979,18.34
            135.19813,34.07977,18.55
            135.19819,34.0797,18.93
            135.19842,34.07943,21.05
            135.19876,34.07904,24.82
            135.19878,34.07901,24.9
            135.19879,34.07898,24.95
            135.1988,34.07895,25.03
            135.1988,34.07891,25.04
            135.1988,34.07889,25.04
            135.19878,34.07885,24.29
            135.19877,34.07883,23.93
            135.19873,34.0788,23.23
            135.19868,34.07877,22.57
            135.19848,34.07866,21.74
            135.19843,34.07864,21.79
            135.19859,34.07846,20.57
            135.19866,34.07835,19.56
            135.19872,34.07807,18.41
            135.19872,34.07805,18.37
            135.19874,34.07803,18.37
            135.19876,34.07803,18.44
            135.19879,34.07803,18.55
            135.19914,34.07802,20.12
            135.19916,34.07802,20.22
            135.19918,34.07801,20.55
            135.19919,34.07799,20.85
            135.19918,34.07793,21.1
            135.19918,34.07772,21.97
            135.19918,34.07754,21.41
            135.19918,34.07746,20.85
            135.19918,34.07734,19.53
            135.19925,34.07715,18.67
            135.1993,34.07704,17.83
            135.19927,34.07669,16.03
            135.1993,34.07647,14.61
            135.19937,34.07612,14.24
            135.19967,34.07627,13.54
            135.19977,34.0763,13.97
            135.19986,34.07634,14.73
            135.19994,34.07636,15.38
            135.20003,34.07636,15.99
            135.2001,34.07636,16.44
            135.20018,34.07637,17.07
            135.20029,34.07639,18.14
            135.20044,34.0764,19.75
            135.20051,34.07641,20.8
            135.20063,34.07641,20.85
            135.20074,34.07641,20.43
            135.20121,34.07641,18.74
            135.20127,34.07643,18.64
            135.20126,34.07627,17.5
            135.20124,34.07612,17.1
            135.20122,34.07582,16.51
            135.20156,34.07595,15.64
            135.20185,34.07603,16.18
            135.20187,34.07582,14.92
            135.20171,34.07325,13.34
            135.2017,34.07319,13.18
            135.20169,34.07313,13.04
            135.20166,34.07307,13.05
            135.20163,34.07301,13.04
            135.20158,34.07296,13.21
            135.20153,34.07291,13.52
            135.20061,34.07222,12.37
            135.20053,34.07216,11.8
            135.20047,34.07207,12.03
            135.20044,34.07202,12.28
            135.20041,34.07195,12.63
            135.20038,34.07188,12.93
            135.20036,34.07178,12.93
            135.20036,34.0717,12.64
            135.20035,34.07134,12.95
            135.2003,34.07037,10.64
            135.20028,34.06997,9.11
            135.20025,34.06931,10.84
            135.20024,34.06913,11.35
            135.20024,34.06906,11.25
            135.20022,34.06855,11.95
            135.20021,34.06842,13.49
            135.20021,34.06831,14.38
            135.20019,34.06779,12.7
            135.19991,34.06759,10.98
            135.19981,34.0675,11.37
            135.19976,34.06741,11.77
            135.19972,34.06714,12.89
            135.19959,34.0661,15.05
            135.19946,34.06506,16.02
            135.19939,34.06454,21.15
            135.19939,34.06448,22.19
            135.19939,34.06441,22.41
            135.1994,34.06433,21.46
            135.19941,34.06428,20.8
            135.19943,34.06421,19.75
            135.19945,34.06415,19.06
            135.19964,34.06373,19.97
            135.19965,34.06367,20.47
            135.19966,34.06363,20.83
            135.19967,34.06357,21.24
            135.19969,34.06356,21.33
            135.19968,34.06345,21.98
            135.19965,34.06333,22.52
            135.19961,34.06319,24.06
            135.19953,34.06297,24.23
            135.1995,34.06288,22.18
            135.19944,34.06273,20.11
            135.1994,34.06265,19.97
            135.19937,34.06261,19.86
            135.19933,34.06257,19.72
            135.19922,34.06249,19.41
            135.19908,34.06238,18.69
            135.19906,34.06234,18.62
            135.19902,34.0623,18.47
            135.19897,34.06226,18.29
            135.19892,34.0622,18.59
            135.19887,34.06213,20.01
            135.19883,34.06203,22.07
            135.19875,34.06183,23.5
            135.19869,34.0616,24.42
            135.19865,34.06148,25.64
            135.19826,34.06016,33.86
            135.19817,34.05989,32.83
            135.19798,34.05959,23.27
            135.19781,34.05933,19.42
            135.19751,34.05884,18.07
            135.19731,34.05859,18.08
            135.19691,34.05821,19.96
            135.19685,34.05815,20.14
            135.19645,34.05778,22.13
            135.19633,34.05769,24.18
            135.1963,34.05767,24.8
            135.19583,34.0574,30.78
            135.1956,34.05728,29.53
            135.19554,34.05729,30.25
            135.19542,34.05736,31.48
            135.1952,34.05713,28.9
            135.19497,34.05682,27.89
            135.19489,34.05671,25.97
            135.19466,34.05634,26.07
            135.19451,34.05608,21.67
            135.1942,34.05551,21.85
            135.19395,34.05508,24.74
            135.19386,34.0549,21.12
            135.19331,34.05393,18.44
            135.19255,34.0526,27.56
            135.1922,34.05196,31.38
            135.19167,34.05111,23.93
            135.19145,34.05072,18.56
            135.19098,34.05,21.06
            135.1905,34.04922,16.59
            135.19017,34.0487,17.23
            135.18956,34.04774,15.46
            135.1894,34.04749,18.85
            135.18933,34.04735,19.03
            135.18926,34.04721,19.56
            135.18921,34.04708,18.47
            135.18918,34.04694,17.05
            135.18916,34.04678,16.96
            135.18916,34.04662,17.33
            135.18917,34.04646,18.56
            135.1892,34.04631,20.83
            135.18925,34.04616,24.56
            135.18948,34.04557,22.43
            135.1897,34.04498,16.78
            135.18988,34.0445,15.66
            135.18993,34.04436,16.57
            135.18998,34.04422,17.68
            135.19001,34.04411,16.98
            135.19002,34.04401,15.48
            135.19003,34.04389,13.91
            135.19002,34.04376,14.96
            135.19001,34.04365,15.78
            135.18999,34.04354,16.54
            135.18995,34.0434,17.83
            135.18991,34.04327,18.02
            135.18986,34.04315,17.53
            135.18979,34.04303,17.2
            135.1897,34.04291,17.67
            135.18958,34.04279,18.09
            135.18942,34.04262,16.41
            135.18887,34.04211,12.41
            135.18866,34.04194,9.43
            135.18864,34.04191,9.34
            135.18779,34.04119,12.32
            135.18756,34.04096,14.46
            135.18739,34.04079,14.84
            135.18723,34.0406,14.16
            135.18702,34.04037,14.36
            135.18697,34.0403,14.74
            135.18678,34.04007,10.19
            135.18661,34.03983,9.74
            135.18643,34.03957,10.48
            135.18591,34.03869,13.58
            135.18559,34.03815,8.94
            135.18526,34.03757,8.7
            135.18517,34.0374,9.69
            135.18513,34.0373,10.63
            135.18509,34.03724,11.13
            135.18506,34.03713,13.28
            135.18505,34.03703,15.46
            135.18504,34.03691,17.48
            135.18504,34.03679,18.16
            135.18505,34.03666,18.75
            135.18508,34.03655,17.57
            135.18512,34.03645,16.56
            135.18521,34.03618,15.43
            135.18526,34.03604,14.57
            135.18529,34.0359,13.38
            135.18532,34.03576,12.55
            135.18537,34.0353,12.64
            135.1854,34.035,13.44
            135.1855,34.03396,10.15
            135.18553,34.03363,11.78
            135.18555,34.03338,12.85
            135.18556,34.03326,13.78
            135.18556,34.03314,15.07
            135.18555,34.03305,16.06
            135.18552,34.03295,16.55
            135.18548,34.03285,16.34
            135.18537,34.03259,13.54
            135.1852,34.03224,10.54
            135.18504,34.03187,6.88
            135.1849,34.03157,6.71
            135.18475,34.03121,9.19
            135.18472,34.03115,9.73
            135.18465,34.03099,12
            135.1845,34.03068,16.12
            135.18428,34.03018,16.88
            135.18411,34.02984,13.13
            135.184,34.02962,12.25
            135.18389,34.02944,11.95
            135.18364,34.02908,12.62
            135.18296,34.02805,13.04
            135.18252,34.02741,12.29
            135.18246,34.02732,11.66
            135.18243,34.02728,11.44
            135.18203,34.02668,8.67
            135.18195,34.02656,8.24
            135.18156,34.02598,8.15
            135.1813,34.02561,9.77
            135.1812,34.02547,9.38
            135.1812,34.02528,10.31
            135.18119,34.02513,10.51
            135.18119,34.02504,10.65
            135.18118,34.02494,10.37
            135.18118,34.02488,10
            135.18117,34.0248,9.5
            135.18106,34.02437,7.82
            135.18103,34.02423,7.71
            135.18102,34.02411,7.74
            135.18102,34.024,7.87
            135.18105,34.02392,7.98
            135.18116,34.02372,7.74
            135.1813,34.02341,7.87
            135.18134,34.02324,7.82
            135.18137,34.02312,7.93
            135.18143,34.02302,8
            135.18154,34.02281,8
            135.18172,34.02256,7.22
            135.18178,34.02247,7.06
            135.18207,34.02206,7.26
            135.18238,34.02166,7.99
            135.18265,34.02127,7
            135.1827,34.02121,7
            135.18284,34.02104,6.94
            135.18293,34.02091,6.6
            135.18321,34.02063,8.02
            135.18328,34.02058,8.63
            135.18335,34.02055,8.98
            135.1834,34.02051,8.88
            135.18345,34.0204,8.68
            135.18344,34.02033,8.5
            135.18346,34.02025,8.41
            135.1835,34.02021,8.45
            135.18364,34.0201,8.53
            135.18389,34.01996,9.72
            135.18414,34.0198,10.11
            135.18452,34.01956,10.46
            135.18455,34.01946,10.39
            135.18472,34.01935,10.66
            135.18483,34.01932,10.38
            135.18517,34.01923,9.32
            135.18534,34.01856,8.18
            135.1854,34.0183,8
            135.18536,34.01816,8
            135.1854,34.01798,7.85
            135.18537,34.01779,7.36
            135.18536,34.01767,8.07
            135.18542,34.01743,9.64
            135.18552,34.01723,10.72
            135.1857,34.01687,9.85
            135.18582,34.01665,10.15
            135.18591,34.01651,10.17
            135.18597,34.01643,10.29
            135.18606,34.01625,11.82
            135.18607,34.01621,12.34
            135.18606,34.01617,12.76
            135.18601,34.01612,12.83
            135.1862,34.01597,11.85
            135.18681,34.01552,10.39
            135.18702,34.01535,10.26
            135.18716,34.01523,10.08
            135.18728,34.01511,10
            135.18737,34.01499,10.07
            135.18745,34.01487,10.64
            135.18753,34.01474,10.94
            135.18759,34.01461,11
            135.18765,34.01447,11
            135.18777,34.01421,10.16
            135.18784,34.01406,10.75
            135.18792,34.01392,11.46
            135.18802,34.01376,11.47
            135.18814,34.01359,11.26
            135.18857,34.01306,10.85
            135.18871,34.01287,11.07
            135.18886,34.01266,10.54
            135.18898,34.01248,10.74
            135.1891,34.01229,11
            135.18921,34.01209,10.12
            135.18931,34.01188,9.64
            135.18956,34.01136,12.31
            135.18958,34.01132,12.74
            135.18974,34.01098,16.54
            135.18977,34.01093,17.4
            135.19002,34.01044,20.07
            135.19022,34.01001,19.63
            135.19068,34.00902,20.29
            135.19097,34.00838,22.58
            135.19103,34.00824,23.43
            135.19111,34.00802,23.75
            135.1912,34.00779,21.75
            135.19126,34.00756,20.99
            135.19132,34.00731,17.6
            135.19135,34.00713,17.14
            135.19139,34.00689,18.6
            135.19141,34.00673,17.44
            135.19143,34.0066,16.52
            135.19147,34.00628,15.11
            135.1915,34.00608,15.29
            135.19159,34.00547,13.26
            135.19163,34.00515,13.74
            135.19169,34.00473,14.09
            135.19174,34.0044,15.08
            135.19176,34.00423,17.24
            135.19178,34.00406,17.63
            135.19177,34.00395,17.11
            135.1918,34.00381,17.71
            135.19181,34.00374,18.08
            135.19184,34.00357,19.03
            135.19185,34.0035,19.73
            135.19188,34.00337,20.91
            135.19192,34.00311,24.68
            135.19193,34.00292,25.28
            135.1919,34.00278,24.37
            135.19183,34.00263,23.66
            135.19196,34.00255,26.61
            135.19202,34.00246,30.06
            135.19183,34.00161,29.47
            135.19165,34.00086,19.15
            135.19163,34.00064,18.13
            135.19167,34.00045,17.26
            135.19174,34.00028,16.28
            135.19183,34.00018,16.38
            135.19194,34.00009,16.32
            135.19225,33.99981,23.61
            135.19255,33.99956,32.37
            135.19288,33.99926,37.98
            135.19309,33.99903,38.26
            135.19329,33.99877,34.31
            135.19337,33.9987,32.95
            135.19353,33.99861,30.38
            135.19397,33.99841,28.29
            135.19398,33.99834,27.1
            135.19409,33.99833,28.12
            135.19414,33.99824,27.37
            135.19431,33.99789,24.3
            135.19433,33.99784,23.9
            135.19429,33.99776,23.69
            135.19417,33.99765,25.36
            135.19409,33.99755,26.36
            135.194,33.99738,27.43
            135.19404,33.99717,28.43
            135.19413,33.99704,30.76
            135.19417,33.99692,33.34
            135.19409,33.99678,33.12
            135.19409,33.99662,34.13
            135.19409,33.99623,34.11
            135.19402,33.99597,35.92
            135.19392,33.99592,35.2
            135.19394,33.99572,38.78
            135.19375,33.99544,40.08
            135.19367,33.99526,39.33
            135.19352,33.99505,38.95
            135.19341,33.99477,41.14
            135.19327,33.99448,40.37
            135.19317,33.9943,40.06
            135.19314,33.99412,41.27
            135.19296,33.99379,44.16
            135.19288,33.99362,44.45
            135.19283,33.99337,47.93
            135.19281,33.99308,55.47
            135.1928,33.99305,56.06
            135.19278,33.99295,60.02
            135.19273,33.99283,64.45
            135.19257,33.99264,71.2
            135.1924,33.99246,76.89
            135.19193,33.99196,74.14
            135.19179,33.99177,72.3
            135.19171,33.9916,72.78
            135.19163,33.9915,72.48
            135.19146,33.99136,69.74
            135.191,33.99109,61.94
            135.19085,33.99098,59.26
            135.19079,33.99091,58.1
            135.19058,33.99066,58.3
            135.19048,33.99056,59.27
            135.18976,33.99007,74.33
            135.18958,33.98989,80.51
            135.18937,33.98972,81.93
            135.18921,33.98964,79.01
            135.18911,33.98962,76.54
            135.18857,33.98962,67.93
            135.18842,33.98961,69.48
            135.18812,33.98954,73.81
            135.188,33.98951,75.08
            135.18795,33.98951,75.31
            135.18784,33.98949,76.35
            135.18749,33.98948,83.45
            135.18726,33.98942,88.43
            135.18703,33.98932,90.51
            135.18701,33.98931,90.71
            135.18686,33.98932,89.76
            135.18662,33.98943,87.34
            135.18655,33.98945,88.34
            135.18647,33.98946,89.72
            135.18626,33.98941,91.67
            135.18606,33.9894,90.97
            135.1857,33.98948,88.18
            135.18552,33.98951,86.94
            135.18531,33.98951,87.29
            135.18523,33.9895,88.08
            135.18505,33.9895,89.9
            135.18491,33.98946,91.86
            135.18468,33.98934,96.96
            135.18452,33.98929,100.57
            135.184,33.98924,107.79
            135.18377,33.98919,111.02
            135.18363,33.98916,112.42
            135.18296,33.98911,109.61
            135.18262,33.98907,111.03
            135.18251,33.98904,111.15
            135.18238,33.98896,115.28
            135.18229,33.98897,115.87
            135.18211,33.98904,115.9
            135.18199,33.98904,116.57
            135.18187,33.98899,119.54
            135.18183,33.98898,120.86
            135.18166,33.98897,125.92
            135.18158,33.98895,128.42
            135.1815,33.98892,131.63
            135.18141,33.98885,137.71
            135.18131,33.98871,145.86
            135.18119,33.9885,153.8
            135.18106,33.98838,159.01
            135.18088,33.9883,164.02
            135.18078,33.98828,164.99
            135.18069,33.98826,165.67
            135.18066,33.98828,165.84
            135.18064,33.9883,165.87
            135.18064,33.98855,157.18
            135.18062,33.98861,155.11
            135.18059,33.98868,152.71
            135.18054,33.98873,151.56
            135.18045,33.98878,151.29
            135.18037,33.9888,152.1
            135.18012,33.98883,155.3
            135.17985,33.9888,161.98
            135.17943,33.9888,175.36
            135.17937,33.98881,177.04
            135.17928,33.98886,178.33
            135.17922,33.98891,178.09
            135.1791,33.9891,171.83
            135.17893,33.98924,172.86
            135.17862,33.98941,182
            135.17852,33.98945,183.79
            135.17818,33.98951,190.5
            135.17804,33.98955,193.17
            135.17794,33.98956,196.56
            135.17786,33.98959,198.26
            135.17771,33.98968,198.97
            135.17765,33.98976,197.62
            135.17766,33.99006,190.89
            135.17752,33.99008,197.76
            135.17475,33.99034,265.07
            135.17161,33.9908,209.54
            135.17145,33.99081,204.49
            135.17144,33.99071,202.07
            135.1715,33.99057,201.29
            135.1715,33.99048,198.88
            135.17145,33.99034,192.73
            135.17144,33.99025,189.89
            135.17145,33.99017,188.92
            135.17151,33.9901,190.47
            135.17157,33.99003,192.02
            135.17162,33.98997,193.04
            135.17162,33.98991,191.5
            135.17161,33.98988,190.33
            135.17135,33.9897,179
            135.17126,33.98964,176.48
            135.17115,33.98961,173.29
            135.17109,33.98957,171.4
            135.17106,33.9895,170.04
            135.17103,33.98932,164.69
            135.17104,33.98923,162.18
            135.17109,33.98917,162.26
            135.17121,33.98913,162.09
            135.17135,33.98908,161.09
            135.17153,33.98896,155.75
            135.17164,33.98892,154.51
            135.17175,33.98888,153.7
            135.17193,33.98881,154.39
            135.17195,33.98879,154.39
            135.17193,33.98876,153.48
            135.17188,33.98876,152.77
            135.17162,33.98881,150.65
            135.17132,33.9889,149.45
            135.17124,33.98892,149.28
            135.17117,33.98891,147.41
            135.17105,33.98887,143.73
            135.1709,33.98884,140.19
            135.17055,33.98882,133.72
            135.17047,33.98883,133.41
            135.1704,33.98886,133.89
            135.17028,33.98894,136.41
            135.17022,33.98897,137.92
            135.17016,33.98896,137.55
            135.17011,33.98892,135.59
            135.17003,33.9888,130.23
            135.16993,33.98859,123.55
            135.16984,33.98851,124.2
            135.16966,33.98839,123.89
            135.16957,33.9883,122.97
            135.16941,33.98808,120.79
            135.16921,33.98797,120.65
            135.16897,33.98784,119.46
            135.16891,33.98779,117.58
            135.16886,33.98776,117.45
            135.16882,33.98774,117.88
            135.16876,33.98773,118.27
            135.1686,33.98771,118.68
            135.1684,33.98772,117.12
            135.16821,33.98775,115.75
            135.16799,33.98777,113.23
            135.16781,33.98776,111.16
            135.16762,33.98774,108.5
            135.1674,33.98766,104.61
            135.16734,33.98766,104.61
            135.1672,33.98766,104.37
            135.16712,33.98767,103.79
            135.16705,33.98769,103.61
            135.16693,33.98774,103.92
            135.16686,33.98777,104.78
            135.16678,33.98778,105.06
            135.16671,33.98776,104.54
            135.16664,33.98772,103.95
            135.16653,33.98768,104.68
            135.16643,33.98763,105.14
            135.16635,33.98757,105.28
            135.16629,33.98748,104.18
            135.16623,33.98739,103.59
            135.16617,33.98733,103
            135.16611,33.9873,102.68
            135.16599,33.98726,101.18
            135.16588,33.98723,99.6
            135.16583,33.98723,99.25
            135.16567,33.98722,97.19
            135.16552,33.98721,95.79
            135.16535,33.9872,95.88
            135.16514,33.98718,94.95
            135.16495,33.98716,93.04
            135.1648,33.98715,90.78
            135.16474,33.98714,89.65
            135.16465,33.98712,88.09
            135.16454,33.9871,86.62
            135.16442,33.98711,86.14
            135.16433,33.98711,85.29
            135.16425,33.98712,84.85
            135.16411,33.98715,84.92
            135.16402,33.98717,85.5
            135.16393,33.98719,86.07
            135.16383,33.9872,85.21
            135.16374,33.98718,83.14
            135.16365,33.98716,81.4
            135.16354,33.98712,80.77
            135.16336,33.98701,79.28
            135.16323,33.98691,77.83
            135.16314,33.98685,77.1
            135.16305,33.98682,76.79
            135.163,33.98682,77.02
            135.16287,33.98683,77.96
            135.16278,33.98685,79.24
            135.16264,33.98688,81.21
            135.16252,33.9869,82.8
            135.16242,33.9869,83.5
            135.16225,33.98685,82.38
            135.16207,33.9868,81.91
            135.16186,33.98676,83.32
            135.16167,33.98669,84.69
            135.16145,33.98662,85.78
            135.16106,33.98653,84.46
            135.16081,33.98646,83.3
            135.16062,33.98639,82.35
            135.16021,33.98624,76.81
            135.16,33.98617,73.33
            135.15991,33.98615,72.55
            135.15982,33.98612,71.85
            135.15978,33.98608,71.56
            135.15974,33.98604,71.6
            135.15971,33.986,71.77
            135.15967,33.98591,71.81
            135.15961,33.98582,71.55
            135.15952,33.98572,70.12
            135.15934,33.98565,69.42
            135.15918,33.9856,68.91
            135.15908,33.98556,68.4
            135.15891,33.98551,68.26
            135.1588,33.98549,68.77
            135.15869,33.98546,69.3
            135.1586,33.98542,69.76
            135.15857,33.98537,69.74
            135.15853,33.9853,69.48
            135.15846,33.98524,69.51
            135.15835,33.98513,69.57
            135.15821,33.985,69.33
            135.15804,33.98487,67.34
            135.15793,33.9848,66.02
            135.15786,33.98478,65.93
            135.15776,33.98477,66.32
            135.15762,33.98478,67.47
            135.15753,33.98479,68.27
            135.15741,33.98479,69.1
            135.15723,33.98475,68.96
            135.15714,33.98472,69.41
            135.15703,33.98468,70.14
            135.15696,33.98463,69.75
            135.15683,33.98453,67.31
            135.15673,33.98447,65.67
            135.15665,33.98444,64.68
            135.15657,33.98442,63.23
            135.1564,33.98439,60.73
            135.15631,33.98437,59.84
            135.1561,33.9843,57.36
            135.15594,33.98424,55.56
            135.15581,33.9842,53.88
            135.15572,33.98413,51.88
            135.15565,33.9841,51.34
            135.1556,33.98407,51.06
            135.15552,33.98402,50.92
            135.15541,33.98398,50.64
            135.15528,33.98398,50.01
            135.15524,33.98398,49.82
            135.15496,33.98398,48.8
            135.15461,33.98397,50.7
            135.15459,33.98397,50.88
            135.15446,33.98397,52.03
            135.15427,33.98396,53.75
            135.15417,33.98394,54.52
            135.15404,33.9839,55.1
            135.15392,33.98383,55.38
            135.15383,33.98377,55.51
            135.15358,33.98365,54.84
            135.15355,33.98364,54.79
            135.15317,33.98347,55.06
            135.15296,33.9834,54.12
            135.15286,33.98335,53.26
            135.15276,33.98333,53.16
            135.15269,33.98328,54.15
            135.15264,33.98324,54.83
            135.15259,33.98315,55.89
            135.15256,33.98307,56.67
            135.15246,33.98296,57.59
            135.15235,33.98285,57.68
            135.15231,33.98281,57.56
            135.15222,33.98279,56.98
            135.15208,33.98277,55.92
            135.15201,33.98277,55.37
            135.15199,33.98277,55.22
            135.15189,33.98278,53.83
            135.15183,33.98278,52.54
            135.15177,33.98278,51.25
            135.15172,33.98276,49.94
            135.15166,33.98275,48.79
            135.15117,33.98277,53.57
            135.15112,33.98276,53.46
            135.15109,33.98275,53.42
            135.15106,33.98273,53.14
            135.15087,33.98255,49.33
            135.1507,33.98255,51.59
            135.15044,33.98235,51.42
            135.15041,33.98233,51.42
            135.14999,33.98202,48.96
            135.14813,33.98089,45.05
            135.14774,33.98063,44.27
            135.14693,33.98004,39.09
            135.14595,33.97935,34.93
            135.14565,33.9791,33.74
            135.14535,33.97882,36.96
            135.14436,33.97781,33
            135.14417,33.97762,33.13
            135.14369,33.97715,33.93
            135.14342,33.97694,34.64
            135.14269,33.97648,30.71
            135.14262,33.97642,30.99
            135.14111,33.97544,36.58
            135.1405,33.97505,31.07
            135.14027,33.97487,30.06
            135.13951,33.97443,26.96
            135.13902,33.97422,23.85
            135.13877,33.97411,23.12
            135.13734,33.97352,23.28
            135.1372,33.97399,22.93
            135.137,33.97441,24.68
            135.13676,33.97478,30.22
            135.13709,33.97494,30.34
            135.13712,33.97501,31.33
            135.13705,33.97512,35.26
            135.13699,33.97513,35.92
            135.13669,33.97516,39.17
            135.13662,33.97517,40.16
            135.13664,33.97521,41.51
            135.13688,33.97537,46.55
            135.13688,33.97541,48.32
            135.1368,33.97544,49.72
            135.13648,33.97543,50.15
            135.13566,33.97521,58.81
            135.13522,33.97514,67.68
            135.13478,33.97521,79.76
            135.13461,33.97536,86.84
            135.13458,33.97552,90.7
            135.13461,33.97573,95.98
            135.13455,33.97582,98.89
            135.13435,33.97589,100.69
            135.13409,33.97583,100.22
            135.13391,33.97574,99.55
            135.13375,33.97562,100.58
            135.1337,33.97562,101.53
            135.13369,33.97568,102.13
            135.13373,33.97589,105.46
            135.13389,33.97619,114.96
            135.13373,33.97589,105.46
            135.13369,33.97568,102.13
            135.1337,33.97562,101.53
            135.13375,33.97562,100.58
            135.13391,33.97574,99.55
            135.13409,33.97583,100.22
            135.13435,33.97589,100.69
            135.13455,33.97582,98.89
            135.13461,33.97573,95.98
            135.13458,33.97552,90.7
            135.13461,33.97536,86.84
            135.13478,33.97521,79.76
            135.13522,33.97514,67.68
            135.13566,33.97521,58.81
            135.13648,33.97543,50.15
            135.1368,33.97544,49.72
            135.13688,33.97541,48.32
            135.13688,33.97537,46.55
            135.13664,33.97521,41.51
            135.13662,33.97517,40.16
            135.13669,33.97516,39.17
            135.13699,33.97513,35.92
            135.13705,33.97512,35.26
            135.13712,33.97501,31.33
            135.13709,33.97494,30.34
            135.13676,33.97478,30.22
            135.13647,33.97464,29.24
            135.13592,33.97426,24.7
            135.13571,33.974,23.87
            135.13597,33.97355,20.83
            135.13634,33.97312,20.37
            135.13366,33.972,15.06
            135.1326,33.97156,16.63
            135.13198,33.9713,15.63
            135.13178,33.97122,16.22
            135.13142,33.97111,17.76
            135.13115,33.97106,17.61
            135.13091,33.97102,17.34
            135.13032,33.97095,16.62
            135.13014,33.97091,16.24
            135.12991,33.97084,16.09
            135.12969,33.97075,17.93
            135.12949,33.97064,18.98
            135.12924,33.97051,19.78
            135.12889,33.97031,21.88
            135.12832,33.96999,19.15
            135.12818,33.9699,20.45
            135.12804,33.96981,21.19
            135.12792,33.96972,21.44
            135.12781,33.96964,21.54
            135.12771,33.96955,21.1
            135.12759,33.96942,20.23
            135.12747,33.9693,20.13
            135.12734,33.96914,20.33
            135.12722,33.969,18.96
            135.12659,33.96829,20.28
            135.12648,33.96816,17.82
            135.12617,33.96782,14.39
            135.12581,33.9674,12.97
            135.12574,33.96732,12.78
            135.12513,33.96662,16.3
            135.12435,33.96574,19.02
            135.12383,33.9652,15.09
            135.12316,33.96442,14.82
            135.12292,33.96414,14.17
            135.1227,33.96377,15.16
            135.12263,33.96355,17.04
            135.12261,33.96336,18.17
            135.12265,33.96305,18.36
            135.12275,33.96277,17.94
            135.12328,33.96176,12.76
            135.12382,33.96072,12.02
            135.12397,33.96041,10.7
            135.12407,33.96002,10.3
            135.12409,33.95978,10.06
            135.12408,33.95956,10.58
            135.124,33.95934,11.6
            135.12388,33.95908,14.85
            135.12368,33.95883,20.91
            135.12338,33.95853,28.38
            135.12259,33.95782,34.17
            135.12241,33.95761,32.21
            135.12227,33.95738,32.47
            135.12218,33.9572,35.18
            135.12211,33.95702,44.9
            135.12204,33.95649,74.89
            135.12211,33.95588,81.72
            135.12214,33.95564,73.46
            135.12222,33.95536,60.43
            135.12233,33.95519,55.87
            135.12257,33.95489,55.46
            135.12287,33.95459,58.58
            135.1232,33.95438,59.51
            135.12351,33.95424,59.74
            135.12379,33.95413,59.82
            135.12464,33.9539,60.2
            135.12494,33.95377,63.59
            135.12513,33.95362,65.47
            135.12532,33.95343,72.08
            135.12544,33.95328,75.04
            135.12633,33.95187,94.92
            135.12947,33.94691,111.78
            135.12955,33.94673,110.05
            135.12958,33.94657,106.33
            135.12959,33.94635,98.65
            135.12956,33.94615,89.29
            135.12949,33.94601,84.1
            135.12937,33.94582,80.58
            135.12891,33.94526,84.88
            135.12884,33.94516,82.88
            135.12867,33.94487,78.83
            135.12858,33.94464,74.83
            135.12851,33.94445,71.52
            135.12847,33.94418,66.87
            135.12846,33.94392,67.21
            135.1285,33.94358,69.03
            135.12855,33.94341,71.5
            135.12864,33.94319,71.11
            135.12879,33.94287,62.94
            135.12899,33.94261,49.08
            135.12918,33.94242,41.86
            135.12935,33.94229,40.47
            135.1297,33.94209,39.51
            135.13016,33.94188,42.58
            135.13041,33.9418,45.72
            135.131,33.94171,48.78
            135.13132,33.94165,50.07
            135.13175,33.94157,49.82
            135.13224,33.94147,46.72
            135.13302,33.94132,42.98
            135.13325,33.94126,43.38
            135.13348,33.94115,44.26
            135.13369,33.94104,44.15
            135.13385,33.9409,45
            135.13398,33.94077,43.25
            135.13415,33.94046,38.89
            135.13422,33.94028,35.48
            135.13426,33.93989,34.37
            135.13423,33.93873,37.16
            135.13423,33.93847,38.96
            135.13422,33.93799,33.29
            135.13425,33.93755,29.33
            135.13428,33.93744,29.74
            135.13429,33.9374,30.03
            135.13434,33.93724,30.98
            135.13448,33.93695,30.34
            135.13459,33.93676,29.08
            135.13485,33.93648,28.67
            135.13502,33.93634,29.07
            135.13516,33.93622,29.58
            135.13536,33.93609,29.24
            135.13612,33.93562,25.75
            135.13731,33.93487,33.69
            135.1377,33.93462,36.62
            135.13814,33.93434,28.28
            135.13859,33.93406,24.26
            135.13925,33.93365,18.49
            135.14018,33.9331,11.86
            135.14034,33.933,12.11
            135.14078,33.93269,11.26
            135.14118,33.93244,11.75
            135.14137,33.93229,11.07
            135.14144,33.93223,10.83
            135.14153,33.93213,10.33
            135.14163,33.93198,10.02
            135.14186,33.93156,10.2
            135.1421,33.93116,10.64
            135.14228,33.93093,9.62
            135.14263,33.93032,9.6
            135.14265,33.93028,9.46
            135.14304,33.92962,8.37
            135.14327,33.92921,9
            135.1433,33.92911,9.2
            135.14333,33.929,9.6
            135.14338,33.92881,10.24
            135.14338,33.92876,10.18
            135.14343,33.92846,9.65
            135.14346,33.92827,9.25
            135.14355,33.92761,10.16
            135.1436,33.92725,9.2
            135.14365,33.92683,11.45
            135.14368,33.9267,10.87
            135.1437,33.92656,10.8
            135.14377,33.92614,11.51
            135.1438,33.92587,11.09
            135.14381,33.92568,10.84
            135.14387,33.9253,10.07
            135.14393,33.92497,9.58
            135.14395,33.92479,8.01
            135.14399,33.9246,8.45
            135.14405,33.92429,10.14
            135.14408,33.92415,10.69
            135.1442,33.92384,10.88
            135.14429,33.92369,10.56
            135.14446,33.92341,10
            135.14464,33.92315,10
            135.145,33.92264,10
            135.14527,33.92223,9.03
            135.14586,33.92135,9.86
            135.14587,33.92132,9.75
            135.14617,33.9205,9.84
            135.14622,33.92036,9.57
            135.1465,33.91944,9.38
            135.14687,33.91846,8.73
            135.14724,33.91756,8.95
            135.1479,33.91593,9.56
            135.14805,33.91561,8.22
            135.14866,33.91413,8.91
            135.14884,33.91366,11.01
            135.14897,33.91331,13.59
            135.14912,33.91278,12.5
            135.14914,33.91273,12.4
            135.14938,33.91175,8.44
            135.1495,33.91128,7.24
            135.14962,33.91079,7
            135.14975,33.91039,7.58
            135.14992,33.91003,7.29
            135.14999,33.9099,7.36
            135.1505,33.90899,8
            135.1506,33.90881,7.89
            135.15073,33.90856,8.14
            135.15091,33.90805,7.01
            135.15118,33.90712,7.75
            135.1513,33.90672,7.32
            135.15141,33.90669,6.93
            135.15146,33.90661,6.74
            135.15152,33.9064,6.53
            135.15153,33.90637,6.63
            135.1516,33.90612,8.18
            135.15164,33.90578,10
            135.15167,33.90556,9.99
            135.15189,33.90489,7.51
            135.1521,33.90429,8.18
            135.15246,33.9032,7
            135.15267,33.90256,6.44
            135.15279,33.9022,7.2
            135.15295,33.90171,8.06
            135.15309,33.90132,6.12
            135.15343,33.9004,7
            135.15361,33.89992,6.71
            135.15363,33.89985,6.46
            135.15385,33.89914,6.1
            135.15391,33.89896,6.93
            135.15405,33.89845,10.89
            135.15412,33.8982,10.21
            135.15436,33.89751,7.7
            135.15458,33.89666,9.99
            135.15484,33.89591,9.68
            135.1551,33.89517,8.89
            135.15513,33.8951,8.42
            135.15518,33.89496,7.46
            135.1552,33.89489,6.94
            135.15523,33.89483,6.52
            135.15539,33.89441,6.4
            135.15561,33.89386,6.94
            135.15566,33.89372,6.85
            135.15602,33.8928,9.65
            135.15645,33.89164,8
            135.1568,33.89072,5.59
            135.1569,33.89034,5
            135.15705,33.88972,7.01
            135.15709,33.88943,8.5
            135.15715,33.88886,7.4
            135.15715,33.88883,7.32
            135.15718,33.88863,6.91
            135.15719,33.8886,6.85
            135.15722,33.88829,6.01
            135.15726,33.888,6.2
            135.1573,33.88784,6.78
            135.15732,33.88769,7.32
            135.15736,33.88746,7.86
            135.15743,33.88695,6.27
            135.15744,33.88682,6.57
            135.15746,33.88678,6.65
            135.15756,33.88622,6.39
            135.15759,33.8861,6.69
            135.1576,33.88604,6.73
            135.1576,33.88597,6.82
            135.1577,33.88542,7.21
            135.15772,33.88521,7.99
            135.15778,33.88481,7.63
            135.15783,33.88446,7.18
            135.15786,33.88426,7.3
            135.1579,33.88406,7.61
            135.15795,33.88382,8.03
            135.15814,33.88336,7
            135.15838,33.88288,6.92
            135.15847,33.88263,8.02
            135.15848,33.88251,8.49
            135.15847,33.88243,7.12
            135.15836,33.88222,5.44
            135.15835,33.88216,6.06
            135.15839,33.88208,5.59
            135.15849,33.88201,3.28
            135.15795,33.88117,1.51
            135.15807,33.88112,0.63
            135.15928,33.88052,6.46
            135.1609,33.87967,5.86
            135.16095,33.87964,5.83
            135.16119,33.87951,6.5
            135.1613,33.87942,7.33
            135.16137,33.87933,7.51
            135.16144,33.87921,6.91
            135.1615,33.87903,7.49
            135.16152,33.8789,8.39
            135.16153,33.87869,8.51
            135.16149,33.87856,8.25
            135.16143,33.8784,7.5
            135.161,33.87771,7.06
            135.16071,33.87725,6.44
            135.16057,33.877,6.27
            135.16029,33.8766,8.24
            135.16002,33.87638,10.82
            135.15863,33.87559,9
            135.15849,33.8755,8.22
            135.1583,33.8753,7.92
            135.15819,33.87509,9.02
            135.15817,33.87493,8.79
            135.15818,33.87478,7.09
            135.15823,33.87455,6.24
            135.15833,33.8743,6
            135.15901,33.87236,5.84
            135.15939,33.87125,7.4
            135.15966,33.87047,7.54
            135.16011,33.8692,6.53
            135.16028,33.86871,7.34
            135.16032,33.86853,6.78
            135.16054,33.86772,6.54
            135.16056,33.8676,5.72
            135.16057,33.86751,5.12
            135.16061,33.86713,6.27
            135.16068,33.8661,6.65
            135.16066,33.86567,8.66
            135.16061,33.86534,8.14
            135.16057,33.86514,7.5
            135.16054,33.86484,8.85
            135.16057,33.86456,10.52
            135.16064,33.86434,10.39
            135.16079,33.86407,9.02
            135.16087,33.86392,8.13
            135.16104,33.86362,8.25
            135.16115,33.86341,7.96
            135.16116,33.86339,7.96
            135.16125,33.86308,10.28
            135.16131,33.86285,10.72
            135.16147,33.86223,9.03
            135.16147,33.8622,8.95
            135.16159,33.8619,7.67
            135.16166,33.86171,7.87
            135.1618,33.8614,8.94
            135.162,33.86093,8.63
            135.16205,33.86074,8
            135.16208,33.86052,8.07
            135.16205,33.86032,8.53
            135.16191,33.86005,9.02
            135.16174,33.8599,9.62
            135.1614,33.85969,11.45
            135.16128,33.85962,12.62
            135.16097,33.85936,19.09
            135.16085,33.85919,24.32
            135.16082,33.85911,25.03
            135.16078,33.85901,24.66
            135.16076,33.85891,24.4
            135.16076,33.85878,22.85
            135.16077,33.85866,21.34
            135.16081,33.85854,19.79
            135.16088,33.85843,18.17
            135.16096,33.8583,16.41
            135.16125,33.85803,15.95
            135.16152,33.85782,17
            135.16223,33.85724,15.09
            135.16236,33.85714,14.9
            135.16258,33.85696,14.35
            135.16265,33.8569,14.31
            135.16289,33.85669,12.91
            135.16322,33.85642,11.89
            135.16351,33.85616,11.81
            135.16361,33.85599,11.13
            135.16375,33.85583,10.48
            135.16399,33.8556,9.99
            135.16424,33.85541,10.61
            135.16451,33.85523,11.63
            135.16462,33.85518,12.45
            135.16476,33.8551,12.67
            135.16516,33.85486,11.07
            135.16553,33.85462,12.82
            135.16555,33.85452,12.96
            135.1657,33.85428,10.8
            135.16597,33.85386,10.04
            135.1661,33.85368,10.26
            135.16617,33.85354,10.83
            135.16618,33.85352,10.99
            135.16631,33.85322,12.47
            135.16651,33.85276,12.37
            135.16669,33.85251,11.96
            135.16704,33.85224,10.75
            135.16709,33.85218,11.04
            135.16715,33.85211,11.29
            135.16721,33.85179,10.98
            135.16727,33.85152,12.31
            135.16732,33.85122,14.21
            135.16733,33.8511,15.01
            135.16725,33.85078,15.7
            135.1672,33.85053,13.29
            135.16719,33.85043,14.98
            135.16719,33.85017,18.04
            135.16716,33.84993,17.99
            135.16713,33.84969,16.92
            135.16718,33.84947,16.23
            135.16723,33.84909,15.65
            135.16719,33.84884,11.88
            135.16744,33.84859,11.79
            135.16756,33.84808,9.2
            135.16764,33.84777,8.57
            135.16771,33.84744,11.48
            135.16788,33.84672,18.64
            135.16797,33.84637,17.18
            135.16803,33.8461,15.78
            135.16811,33.84595,16.01
            135.16833,33.84567,16.2
            135.1685,33.84555,16.11
            135.16866,33.84548,15.94
            135.16886,33.84541,15.7
            135.16954,33.84528,14.07
            135.16995,33.84521,13.6
            135.17025,33.84493,12.44
            135.17065,33.84438,9.74
            135.17082,33.84418,9.95
            135.17098,33.84396,11.27
            135.17113,33.84374,13.07
            135.17153,33.84316,15.26
            135.17173,33.8429,17.33
            135.17194,33.84268,16.93
            135.17209,33.8425,16.57
            135.17267,33.84178,12.7
            135.17281,33.84156,12.85
            135.17302,33.84127,11.22
            135.1731,33.84114,9.82
            135.17315,33.84107,8.25
            135.17324,33.84099,5.82
            135.17355,33.84094,4.52
            135.17422,33.84079,5.87
            135.17489,33.84056,8.21
            135.17509,33.8405,10.23
            135.17532,33.84042,12.97
            135.17554,33.83928,10.43
            135.17566,33.83876,8.54
            135.17582,33.83838,7.21
            135.1759,33.83795,8.62
            135.17597,33.83773,8.43
            135.17605,33.83754,10.38
            135.17613,33.83741,11.3
            135.17627,33.83728,11.34
            135.1765,33.83702,12.02
            135.17658,33.83692,12.54
            135.17665,33.83677,11.72
            135.17672,33.83669,11.17
            135.17688,33.83646,12.49
            135.17693,33.83637,13.06
            135.17727,33.8359,14.28
            135.17733,33.83584,14.25
            135.17733,33.83579,14.01
            135.17742,33.83573,14.76
            135.17798,33.83526,13.77
            135.17836,33.83483,17.76
            135.17844,33.83475,18.05
            135.17867,33.83442,16.72
            135.17907,33.83461,21.82
            135.17914,33.83451,22.64
            135.17929,33.83435,23.9
            135.1798,33.83385,22.64
            135.18066,33.83301,13.96
            135.18114,33.83255,18.77
            135.18127,33.83242,17.42
            135.18162,33.83209,13.92
            135.18206,33.83166,14.83
            135.18211,33.83159,15.19
            135.1823,33.83136,16.04
            135.18247,33.83112,14.09
            135.18261,33.83092,10.85
            135.18272,33.83071,9.21
            135.18288,33.83037,8.88
            135.18315,33.82986,8.83
            135.18334,33.82958,7.48
            135.18351,33.82937,6.27
            135.18381,33.82906,7.48
            135.18398,33.82891,6.82
            135.18423,33.82869,7.4
            135.18431,33.82863,7.45
            135.18438,33.82858,7.32
            135.18451,33.8285,7.4
            135.18465,33.82839,7.8
            135.18513,33.82808,9.38
            135.18526,33.828,9.74
            135.18594,33.82755,8.49
            135.18717,33.82677,13.44
            135.18746,33.82659,14.28
            135.1881,33.82617,16.7
            135.18869,33.82578,18.95
            135.18899,33.82556,17.66
            135.18921,33.82538,17.59
            135.18963,33.82499,16.04
            135.18986,33.82474,18.96
            135.19014,33.82439,18.22
            135.19053,33.82381,20.17
            135.19083,33.82335,23.08
            135.19129,33.82261,20.99
            135.19148,33.82238,19.52
            135.19175,33.82207,16.49
            135.19254,33.82142,14.56
            135.19306,33.82112,15.02
            135.19314,33.82107,14.73
            135.19363,33.8208,15.39
            135.19425,33.82045,9.86
            135.19438,33.82027,7.98
            135.1945,33.82012,7.35
            135.1946,33.81991,6.68
            135.19463,33.81973,6.03
            135.19467,33.81958,7.34
            135.19468,33.81928,8.19
            135.19469,33.81921,8.02
            135.1947,33.81896,6.55
            135.19479,33.81847,7.86
            135.19496,33.81809,10.23
            135.1951,33.81789,9.73
            135.19521,33.81775,9.58
            135.19536,33.81759,8.46
            135.19554,33.81743,8
            135.19574,33.81731,8.66
            135.19605,33.81716,11.34
            135.19628,33.81707,13.49
            135.19663,33.81695,14.05
            135.19812,33.81642,19.41
            135.19965,33.81588,19.83
            135.19983,33.81582,20.24
            135.20101,33.81539,27.42
            135.20224,33.815,20.87
            135.20241,33.81494,19.29
            135.20259,33.81482,19
            135.20299,33.81437,15.16
            135.20321,33.81412,15.78
            135.20331,33.81404,16
            135.20354,33.81393,15.33
            135.20468,33.81353,18.14
            135.20494,33.81342,17.44
            135.20509,33.81335,15.65
            135.2055,33.81318,8.48
            135.20587,33.81301,7.48
            135.20626,33.8128,6.26
            135.2065,33.81266,6.32
            135.2069,33.81241,8.22
            135.20713,33.8123,8.75
            135.20737,33.81223,10.62
            135.20759,33.8122,12.65
            135.2078,33.81221,14.25
            135.208,33.81225,15.5
            135.20832,33.81234,16.38
            135.20878,33.81243,21.17
            135.20916,33.81245,22.64
            135.20945,33.81243,22.77
            135.20975,33.81236,23.3
            135.21003,33.81227,21.41
            135.21069,33.81204,19.5
            135.21093,33.81198,19.43
            135.21114,33.81197,18.66
            135.21139,33.812,13.19
            135.21159,33.81206,12.75
            135.21179,33.81216,11.16
            135.21195,33.8123,10.75
            135.21201,33.81236,10.54
            135.2121,33.81251,11.35
            135.21234,33.81317,12.91
            135.2124,33.81334,16.82
            135.21249,33.8135,16.32
            135.2126,33.81365,15.39
            135.21283,33.81385,13.02
            135.213,33.81398,11.32
            135.21319,33.81408,9.59
            135.2134,33.81415,7.7
            135.21392,33.81426,9.13
            135.21431,33.81433,8.9
            135.21475,33.81438,12.11
            135.21511,33.81438,13.4
            135.21582,33.81439,10.68
            135.21637,33.81441,0.96
            135.21651,33.81441,2.02
            135.21684,33.81442,4
            135.21726,33.81434,4.22
            135.21772,33.81412,7.68
            135.21788,33.81401,9.45
            135.21811,33.81383,9.81
            135.21831,33.81361,9.83
            135.21845,33.81343,9.07
            135.21859,33.81326,8.04
            135.21881,33.81299,9.03
            135.21901,33.81271,9.45
            135.21907,33.81262,10.15
            135.21912,33.81253,10.65
            135.21913,33.8125,10.74
            135.21916,33.81241,9.67
            135.21919,33.81232,8.44
            135.21919,33.81183,6.03
            135.21919,33.81147,6.32
            135.21919,33.8114,6.41
            135.21939,33.81147,9.08
            135.21958,33.81157,10.85
            135.21981,33.81166,12.12
            135.21992,33.81169,12.74
            135.21993,33.81154,16.44
            135.21991,33.8115,17.23
            135.21992,33.81144,18.85
            135.22,33.81143,19.96
            135.22006,33.81143,20.12
            135.22038,33.81149,19.94
            135.22045,33.81149,19.71
            135.22068,33.81141,18.66
            135.22076,33.81141,18.4
            135.22099,33.81142,17.72
            135.2212,33.8114,17.43
            135.22147,33.81143,18.79
            135.22152,33.81123,19.55
            135.22159,33.81102,19.91
            135.22172,33.81077,19.44
            135.22177,33.81069,18.98
            135.22182,33.81063,18.79
            135.22193,33.81049,18.7
            135.22215,33.81021,17.76
            135.22385,33.80893,13.19
            135.22477,33.80827,19.15
            135.225,33.8081,19.64
            135.22529,33.80787,16.4
            135.22568,33.80757,14.68
            135.22591,33.80739,16.04
            135.22613,33.80715,17.69
            135.22642,33.80676,22.26
            135.22655,33.80647,24.45
            135.22667,33.80613,26.98
            135.22674,33.80574,25.5
            135.22687,33.80497,28.09
            135.22693,33.80472,33.04
            135.22705,33.8044,33.04
            135.2272,33.80415,32.55
            135.22746,33.80388,30.49
            135.22776,33.80357,26.26
            135.22788,33.80346,26.14
            135.22822,33.80323,24.04
            135.22845,33.80309,23.88
            135.2288,33.80293,22.26
            135.22909,33.80284,22.03
            135.22946,33.80276,22.92
            135.22976,33.80271,23.92
            135.23002,33.8027,23.18
            135.23041,33.80271,23.99
            135.23075,33.80275,25.01
            135.23072,33.8027,24.94
            135.23104,33.80248,27.15
            135.23115,33.80244,26.92
            135.2315,33.80234,25.69
            135.23191,33.80232,27.25
            135.23211,33.80223,27.27
            135.23235,33.80211,26.68
            135.23249,33.80203,26.44
            135.23259,33.80179,18.36
            135.23267,33.8017,14.91
            135.23287,33.80154,12.2
            135.23287,33.80147,11.03
            135.23336,33.80121,9.58
            135.23374,33.80106,10.94
            135.23412,33.80098,12.42
            135.23466,33.8007,10.12
            135.23499,33.80055,9.96
            135.23508,33.80052,9.78
            135.23491,33.80028,8.02
            135.23473,33.80007,5.8
            135.23526,33.7998,4.93
            135.23529,33.79975,4.34
            135.2354,33.79968,4.61
            135.23682,33.79885,8.04
            135.23774,33.79832,9
            135.23824,33.79806,9
            135.23923,33.79746,7.77
            135.23932,33.7974,7.45
            135.23916,33.79711,8.82
            135.23889,33.79668,10
            135.23878,33.79648,10.28
            135.23867,33.79627,10.46
            135.23863,33.79617,10.75
            135.23861,33.79607,11
            135.23861,33.79597,11
            135.23863,33.79587,10.93
            135.23873,33.79561,11.95
            135.23881,33.7954,11.79
            135.23902,33.79481,8.51
            135.23914,33.79451,8.79
            135.23924,33.7942,8.2
            135.23939,33.79382,8.56
            135.23945,33.79371,8.36
            135.23959,33.79361,8
            135.24006,33.79336,10.48
            135.24014,33.79332,11.54
            135.23996,33.79303,10.65
            135.23982,33.79285,9.92
            135.23961,33.79261,8.91
            135.23929,33.79232,7.94
            135.23908,33.79213,8.87
            135.23852,33.79163,11.06
            135.23828,33.79145,9.35
            135.23802,33.79128,9.36
            135.237,33.79066,12.65
            135.23674,33.79052,13.8
            135.23686,33.79041,14.03
            135.23711,33.79015,16.24
            135.23716,33.79003,15.94
            135.23715,33.78992,16.39
            135.23713,33.78985,16.93
            135.23707,33.78979,17.38
            135.23698,33.78973,17.92
            135.23682,33.78971,16.53
            135.23656,33.78979,13.51
            135.23649,33.78974,13.87
            135.23646,33.78963,16.25
            135.23646,33.78948,19.9
            135.23646,33.78937,21.37
            135.23647,33.78925,22.48
            135.23643,33.78867,21.29
            135.23642,33.78843,22.03
            135.23641,33.78834,22.21
            135.23642,33.78816,19.98
            135.23648,33.78808,19.93
            135.23654,33.78788,19.98
            135.2365,33.78766,20.16
            135.23651,33.78748,21.08
            135.23663,33.78722,20.87
            135.23664,33.78718,20.89
            135.23684,33.78716,22.59
            135.23688,33.78712,22.74
            135.23703,33.7871,22.98
            135.23731,33.78715,23.15
            135.23762,33.78727,22.81
            135.23836,33.78597,27.06
            135.23898,33.78483,22.43
            135.23928,33.78435,30.28
            135.23942,33.7842,29.52
            135.23963,33.78407,32.52
            135.23986,33.78399,35.62
            135.23998,33.78397,37.15
            135.24162,33.78383,49
            135.24178,33.78385,49.41
            135.24198,33.78389,50.01
            135.24281,33.78417,55.17
            135.2436,33.78443,60.69
            135.24393,33.78451,62.92
            135.24412,33.78451,63.08
            135.24424,33.7845,62.43
            135.24456,33.78437,61.11
            135.2458,33.78323,51.29
            135.24636,33.7827,50.32
            135.24654,33.78259,48.56
            135.24668,33.78255,47.11
            135.24679,33.78256,45.15
            135.24685,33.78245,41.96
            135.24701,33.78234,37.04
            135.24718,33.78203,22.87
            135.24731,33.78207,23.73
            135.24748,33.78211,25.19
            135.24823,33.78223,19.63
            135.24988,33.78252,24.03
            135.25076,33.78269,24.56
            135.252,33.78296,20.22
            135.25238,33.78304,15.31
            135.25332,33.78325,24.61
            135.25391,33.78338,29.67
            135.25418,33.78343,31.15
            135.25449,33.78348,33.18
            135.25492,33.7835,31.92
            135.25537,33.7835,30.8
            135.25626,33.78346,25.68
            135.25688,33.78343,19.89
            135.25727,33.78342,20.1
            135.25733,33.78342,20.38
            135.25794,33.78339,20.07
            135.25881,33.78332,21.27
            135.25921,33.78327,22.64
            135.25983,33.78317,22.18
            135.26042,33.78307,19.98
            135.26074,33.78302,20.09
            135.26098,33.78298,19.81
            135.2613,33.78295,20.3
            135.26174,33.78294,17.58
            135.26224,33.78294,16.19
            135.26273,33.78296,17.22
            135.26316,33.783,21.2
            135.26339,33.78303,23.08
            135.26374,33.78307,21.54
            135.26391,33.78309,21.32
            135.26445,33.78318,23
            135.26472,33.78325,23.93
            135.26494,33.78331,23.85
            135.26514,33.7834,25.97
            135.26532,33.78351,29.49
            135.26552,33.78362,33.58
            135.26567,33.7837,35.92
            135.26595,33.78379,38.27
            135.26645,33.78385,38.6
            135.26672,33.78386,37.77
            135.26707,33.78389,37.56
            135.26728,33.78391,37.23
            135.26776,33.78393,38.38
            135.26823,33.78388,37.44
            135.26878,33.78374,34.04
            135.26954,33.78355,24.23
            135.27002,33.78347,20.01
            135.27075,33.78343,25.99
            135.27125,33.78341,30.97
            135.27151,33.78335,29.83
            135.27183,33.78323,26.61
            135.27197,33.78315,24.78
            135.27216,33.78301,22.17
            135.27237,33.78285,22.1
            135.27258,33.78268,23.03
            135.27285,33.78248,24.55
            135.27307,33.78234,24.78
            135.27332,33.78222,26.7
            135.27358,33.78216,27.18
            135.27398,33.78208,25.77
            135.27472,33.78199,17.19
            135.27544,33.78188,12.07
            135.27618,33.78176,9.68
            135.27654,33.78171,6.6
            135.27668,33.78169,6
            135.27702,33.78168,6.25
            135.27748,33.78168,6.12
            135.27785,33.78168,6.75
            135.27881,33.78176,9.38
            135.27964,33.78183,15.47
            135.28005,33.78187,16.29
            135.28058,33.78192,18.92
            135.28153,33.78201,27.2
            135.28242,33.78209,24.43
            135.2828,33.78214,20.46
            135.28295,33.78217,17.81
            135.2832,33.78224,14.43
            135.28343,33.78235,15.01
            135.28425,33.78276,16.37
            135.28458,33.78295,10.9
            135.28493,33.78313,8.3
            135.28519,33.78322,7.41
            135.28547,33.78326,9.16
            135.28565,33.78323,10.77
            135.2858,33.7832,11.8
            135.28619,33.78305,9.97
            135.28642,33.78293,9.76
            135.28662,33.78283,11.37
            135.28678,33.78273,12.75
            135.28784,33.7822,12.63
            135.28819,33.78202,16.7
            135.28844,33.78189,19.45
            135.28896,33.78161,21.05
            135.28912,33.78151,21.07
            135.28924,33.78145,22.24
            135.28992,33.78107,34.43
            135.29013,33.78093,36.91
            135.29024,33.78081,38.9
            135.29037,33.78061,41.34
            135.29042,33.78043,42.78
            135.29047,33.78019,43.62
            135.29048,33.77977,37.97
            135.29052,33.77935,35.71
            135.29059,33.77918,35.92
            135.29062,33.77911,37.09
            135.29077,33.77893,40.99
            135.29101,33.77876,41.93
            135.29128,33.77866,41.09
            135.29152,33.77863,40.48
            135.29168,33.77864,40.68
            135.2921,33.77875,42.44
            135.29289,33.77905,49.5
            135.29364,33.77933,53.1
            135.29402,33.77946,54.78
            135.29459,33.77965,52.61
            135.2952,33.77976,58.77
            135.29541,33.77976,61.91
            135.29594,33.77974,66.26
            135.29618,33.77973,66.7
            135.29665,33.77968,65.52
            135.29703,33.77972,64.02
            135.29735,33.77984,65.73
            135.29771,33.78005,67.6
            135.29805,33.78024,67.75
            135.29827,33.78029,69.73
            135.29853,33.78029,73.88
            135.29883,33.78022,77.74
            135.29901,33.78016,78.08
            135.29919,33.78011,78
            135.29961,33.77997,73.95
            135.29988,33.77993,74.16
            135.30006,33.77995,75.78
            135.30076,33.78025,70.07
            135.30168,33.78071,68.58
            135.30224,33.78097,66.36
            135.30259,33.78104,63.43
            135.3029,33.78108,62.71
            135.30315,33.78106,61.7
            135.30354,33.78097,55.72
            135.30384,33.7808,50.65
            135.30564,33.77956,30.28
            135.30607,33.77923,27.92
            135.30648,33.77899,26.46
            135.30693,33.77875,22.08
            135.30735,33.77852,24.22
            135.30778,33.77826,25.96
            135.30828,33.77783,25.27
            135.30841,33.77772,24.58
            135.3088,33.7774,22.28
            135.30913,33.77718,21.7
            135.30921,33.77713,21.46
            135.30947,33.77696,22.59
            135.30995,33.77666,19.92
            135.31075,33.77618,13.56
            135.3108,33.77615,13.7
            135.31099,33.77597,11.64
            135.31135,33.77558,7.93
            135.31169,33.77511,8.65
            135.31182,33.77491,9.55
            135.31214,33.77449,9.03
            135.31222,33.7744,8.67
            135.3123,33.77429,8.04
            135.3125,33.77403,7.51
            135.31273,33.77367,6.86
            135.31305,33.77308,7.81
            135.31364,33.77199,7.45
            135.31369,33.77191,7.16
            135.314,33.77134,7.89
            135.31404,33.77126,7.79
            135.31455,33.77031,11.6
            135.31481,33.76982,5.35
            135.31483,33.76978,5.21
            135.31485,33.76973,5.03
            135.31512,33.76925,5.46
            135.31518,33.76917,5.32
            135.31533,33.769,4.31
            135.31541,33.76892,3.76
            135.31545,33.76889,3.63
            135.31556,33.76881,4.01
            135.31577,33.76874,4.36
            135.31588,33.7687,4.49
            135.31604,33.76863,4.81
            135.31648,33.76845,6.69
            135.3168,33.76831,7.93
            135.31764,33.76788,6.47
            135.31807,33.76764,9.11
            135.31906,33.76698,7.71
            135.3193,33.7668,7.46
            135.31977,33.76646,8.43
            135.32011,33.76622,7.87
            135.32091,33.76542,6.79
            135.32147,33.76485,7
            135.32198,33.7643,6.93
            135.32272,33.7635,6.68
            135.32314,33.76298,9.69
            135.32363,33.76241,9.37
            135.32443,33.76138,8
            135.32468,33.76095,9.52
            135.32492,33.76043,9.16
            135.32553,33.76059,8.35
            135.32571,33.76,8.44
            135.32582,33.75968,9.3
            135.32599,33.7594,9.64
            135.32606,33.75925,8.54
            135.32638,33.75889,5.04
            135.32653,33.75873,6.29
            135.32687,33.75841,7.46
            135.32692,33.75829,8.21
            135.32695,33.75804,10.26
            135.32699,33.75751,15.13
            135.32702,33.75711,19.48
            135.32688,33.75708,19.53
            135.32699,33.75685,21.39
            135.32706,33.75654,24.03
            135.32706,33.75598,24.15
            135.32694,33.75521,19.2
            135.3268,33.75464,21.61
            135.32676,33.75446,21.34
            135.32669,33.75414,18.15
            135.3266,33.75386,15.64
            135.32648,33.75347,15.18
            135.32613,33.75265,15.96
            135.32585,33.7519,11.79
            135.32585,33.75154,10.28
            135.32594,33.75123,8.86
            135.32626,33.75088,8.65
            135.32645,33.75068,8.87
            135.3269,33.74999,10.27
            135.32729,33.74927,7.72
            135.32741,33.74912,5.74
            135.3277,33.74873,5.13
            135.32822,33.74835,10.4
            135.32855,33.74814,12.1
            135.32863,33.74814,12.91
            135.32887,33.74801,11.49
            135.32905,33.74789,10.32
            135.32931,33.74797,10.53
            135.32944,33.7479,9.89
            135.32953,33.74785,9.06
            135.3298,33.74772,6.72
            135.33008,33.74752,6.29
            135.33054,33.74727,7.78
            135.33061,33.74724,7.75
            135.33074,33.74717,7.46
            135.33087,33.74708,7.58
            135.3309,33.74707,7.68
            135.33096,33.74703,8.01
            135.33124,33.74692,10.66
            135.33148,33.74683,13.54
            135.33187,33.74671,14.27
            135.33264,33.74649,16.15
            135.33372,33.7463,12.65
            135.3342,33.74619,10.15
            135.33488,33.74605,11.93
            135.33511,33.74602,12.47
            135.33533,33.74601,12.34
            135.33557,33.74603,11.74
            135.33608,33.74611,8.97
            135.33633,33.74615,7.2
            135.33675,33.74622,2.35
            135.33718,33.74627,3.92
            135.33721,33.74616,1.22
            135.33773,33.74622,4.5
            135.33811,33.74627,8.12
            135.33856,33.74634,13.08
            135.33863,33.74613,5.74
            135.33898,33.74606,6.25
            135.33918,33.74603,7.4
            135.33937,33.74596,7.47
            135.33955,33.74588,6.4
            135.33982,33.74579,3.58
            135.33999,33.74575,0.18
            135.34011,33.74574,0
            135.34022,33.74574,0
            135.34034,33.74576,0
            135.34045,33.7458,0
            135.34113,33.74616,0
            135.34136,33.74623,0
            135.34162,33.74627,0
            135.34244,33.74629,0
            135.34344,33.74623,4.34
            135.34423,33.74616,8.3
            135.34453,33.74617,13
            135.34489,33.7462,17.61
            135.34526,33.7463,16.91
            135.34551,33.74641,13.93
            135.34569,33.74649,6.9
            135.34594,33.7466,0
            135.34702,33.74706,0
            135.34737,33.7472,0
            135.34811,33.74742,0
            135.34912,33.74761,0
            135.3496,33.74771,1.69
            135.35009,33.74792,4.49
            135.35095,33.7483,7.14
            135.351,33.74833,6.8
            135.35135,33.7477,8.52
            135.35141,33.74759,9.35
            135.35162,33.7472,9.1
            135.35174,33.74694,7.74
            135.35185,33.74682,7.64
            135.35206,33.7464,8.56
            135.35208,33.74637,8.55
            135.35288,33.74553,7.87
            135.35296,33.74546,7.43
            135.35315,33.74528,6.69
            135.35338,33.74506,7.87
            135.35361,33.74482,7
            135.35388,33.74455,7
            135.35417,33.74428,7.4
            135.35494,33.74354,6.74
            135.3554,33.74311,6.55
            135.35553,33.74304,6.91
            135.35568,33.74301,7.9
            135.35583,33.74301,8.98
            135.35601,33.74304,9.07
            135.3561,33.74309,8.88
            135.35621,33.74258,11.81
            135.35632,33.74216,10.25
            135.35636,33.74204,9.52
            135.35705,33.74121,8.12
            135.35741,33.74078,10.25
            135.3578,33.74029,7.09
            135.35788,33.74011,7
            135.35821,33.73931,6.77
            135.3583,33.73883,8.93
            135.35846,33.73736,8.23
            135.35845,33.73716,8.22
            135.35848,33.73686,8.55
            135.35859,33.73655,7.57
            135.35939,33.73578,7.77
            135.35964,33.73562,8.54
            135.35989,33.73548,8.73
            135.36014,33.7354,9
            135.36032,33.73537,9.41
            135.36056,33.73536,8
            135.36098,33.73541,7.47
            135.36115,33.73544,6.92
            135.36118,33.7353,6.98
            135.36127,33.73522,7.51
            135.36155,33.73514,6.55
            135.36179,33.7351,5.2
            135.36184,33.73509,5.12
            135.36195,33.73507,5
            135.36216,33.73499,5.04
            135.36233,33.7349,5.5
            135.36255,33.73473,6.77
            135.3626,33.73469,6.99
            135.36266,33.73464,7.31
            135.36285,33.7345,7.72
            135.36321,33.73423,5.91
            135.36323,33.73421,5.78
            135.36329,33.73417,5.32
            135.36352,33.73401,5.86
            135.36366,33.73395,6.25
            135.36394,33.73386,7.45
            135.36419,33.73378,8.73
            135.36447,33.73369,7.8
            135.3647,33.73362,7.11
            135.36485,33.73358,7.05
            135.36492,33.73356,7.13
            135.36506,33.73353,7.79
            135.36539,33.73348,10.35
            135.36554,33.7335,10.74
            135.36622,33.73363,10.08
            135.36627,33.73364,9.65
            135.36649,33.73366,8.28
            135.36716,33.73367,6.95
            135.3672,33.73366,6.99
            135.36752,33.73365,8.74
            135.36776,33.73365,8.98
            135.36782,33.73364,8.86
            135.36979,33.7336,5.3
            135.37104,33.73357,6.6
            135.37116,33.73357,6.7
            135.37123,33.7337,6.39
            135.37131,33.73385,6.04
            135.37149,33.73403,6.55
            135.3716,33.73401,6.99
            135.37291,33.73388,18.57
            135.37311,33.73386,14.53
            135.37407,33.73377,10.2
            135.37441,33.73373,7.87
            135.37545,33.73363,10.88
            135.3755,33.734,8.96
            135.37669,33.73389,8
            135.37779,33.7338,11.25
            135.37861,33.73371,10.07
            135.37868,33.7337,10.54
            135.37873,33.7337,10.95
            135.37891,33.73368,11.97
            135.37957,33.73362,10.97
            135.37965,33.73361,11.47
            135.37973,33.7336,11.85
            135.37981,33.73359,11.5
            135.38017,33.73356,11.54
            135.3807,33.7335,17.48
            135.38085,33.73336,19.96
            135.38099,33.73321,19.37
            135.38102,33.73318,19.01
            135.38132,33.73287,13.41
            135.3814,33.73279,12.17
            135.38145,33.73274,12.41
            135.38154,33.73263,12.8
            135.38164,33.73253,13
          </coordinates>
        </LineString>
      </Placemark>
      <Placemark>
        <name>Chikatsuyu-oji to Hosshinmon-oji</name>
        <description><![CDATA[description: Distance: 10.1 miles<br>Minimum Elevation: 860 feet<br>Maximum Elevation: 2165 feet<br>Total climb: 2142 feet<br>Total descent: 2150 feet<br>説明: <br>nom: ]]></description>
        <styleUrl>#line-7CB342-5000</styleUrl>
        <ExtendedData>
          <Data name="description">
            <value>Distance: 10.1 miles
Minimum Elevation: 860 feet
Maximum Elevation: 2165 feet
Total climb: 2142 feet
Total descent: 2150 feet</value>
          </Data>
          <Data name="説明">
            <value/>
          </Data>
          <Data name="nom">
            <value/>
          </Data>
        </ExtendedData>
        <LineString>
          <tessellate>1</tessellate>
          <coordinates>
            135.605853,33.814239,290.33
            135.606184,33.814328,290.33
            135.606859,33.814565,290.33
            135.607007,33.814605,291.25
            135.607097,33.814605,291.79
            135.607213,33.814629,292.5
            135.607546,33.814729,294.62
            135.607783,33.814808,296.14
            135.608127,33.815005,298.64
            135.608452,33.815225,301.14
            135.608607,33.815298,302.21
            135.608852,33.815344,304.02
            135.608842,33.815397,304.67
            135.60895,33.8154,305.76
            135.6092,33.815377,308.3
            135.609463,33.815242,311.43
            135.609598,33.815202,312.88
            135.609842,33.815197,315.34
            135.61001,33.815225,317.08
            135.610382,33.81536,321.18
            135.610753,33.815541,325.6
            135.611306,33.815913,334.06
            135.611414,33.815913,335.34
            135.611583,33.815856,337.51
            135.611853,33.815806,340.8
            135.612369,33.815806,346.94
            135.612376,33.815971,349.3
            135.612483,33.816074,351.03
            135.61279,33.816231,352.7
            135.612878,33.816315,353.33
            135.612871,33.816418,353.9
            135.612893,33.816474,354.23
            135.612994,33.816547,354.86
            135.613012,33.816516,355.05
            135.613174,33.81661,355.97
            135.61351,33.816749,357.71
            135.614107,33.816899,360.61
            135.61512,33.81708,362.4
            135.615228,33.817125,362.58
            135.615356,33.817226,362.85
            135.615881,33.817764,364.11
            135.615994,33.817808,364.65
            135.616145,33.817824,365.87
            135.616225,33.818133,368.93
            135.616663,33.818439,373.52
            135.616919,33.818995,379.28
            135.61697,33.819072,380.13
            135.61706,33.819117,380.97
            135.617092,33.819224,382.28
            135.617205,33.819314,384.25
            135.617799,33.819617,393.01
            135.617889,33.819679,394.48
            135.617927,33.819764,395.86
            135.617941,33.81991,398.07
            135.618049,33.820096,401.2
            135.618472,33.820445,408.69
            135.618811,33.82064,413.27
            135.619182,33.820711,417.48
            135.619797,33.820688,424.28
            135.620087,33.820716,427.51
            135.620289,33.820834,430.24
            135.62058,33.820841,433.08
            135.620695,33.820897,433.77
            135.620982,33.821138,435.87
            135.621285,33.821261,437.6
            135.621403,33.821302,438.26
            135.621637,33.821339,439.49
            135.62196,33.821339,441.15
            135.622434,33.821435,443.66
            135.622696,33.821518,444.04
            135.62289,33.821689,444.21
            135.62303,33.821889,444.37
            135.623162,33.822023,444.49
            135.623346,33.822119,444.62
            135.623704,33.822165,444.84
            135.624013,33.822175,445.02
            135.624214,33.822217,445.14
            135.624297,33.822258,445.21
            135.624471,33.822405,445.45
            135.625263,33.822757,446.32
            135.625546,33.822706,446.61
            135.6261,33.822915,447.2
            135.626153,33.82296,447.27
            135.626207,33.823072,447.83
            135.626255,33.823247,448.73
            135.626262,33.823417,449.59
            135.62606,33.823772,451.56
            135.625973,33.824085,453.17
            135.625951,33.82425,454
            135.625971,33.824408,454.8
            135.626018,33.824477,455.2
            135.626201,33.824545,456.04
            135.626485,33.824555,456.1
            135.626558,33.82459,456.02
            135.62672,33.824787,455.74
            135.626801,33.824943,455.54
            135.626845,33.825025,455.43
            135.62697,33.825085,455.29
            135.627071,33.825069,455.19
            135.627113,33.825034,455.13
            135.627598,33.824623,454.45
            135.627713,33.824565,454.32
            135.62793,33.8245,454.2
            135.628128,33.824379,454.2
            135.629016,33.824532,454.21
            135.629139,33.824597,454.21
            135.629347,33.824775,454.21
            135.629408,33.824882,454.21
            135.629536,33.825339,454.9
            135.629691,33.825605,455.91
            135.629807,33.825693,456.36
            135.629975,33.825733,456.86
            135.630449,33.825778,458.22
            135.630623,33.82582,458.73
            135.630784,33.825895,459.26
            135.631286,33.826208,461.39
            135.631925,33.826755,465.34
            135.632323,33.827059,467.67
            135.632519,33.827178,468.72
            135.632863,33.827572,471.97
            135.633555,33.827887,476.96
            135.633764,33.828012,478.59
            135.634062,33.828094,480.58
            135.634356,33.828142,482.48
            135.63426,33.828316,483.62
            135.634098,33.828356,484.03
            135.633823,33.828335,484.69
            135.634098,33.828356,485.36
            135.63426,33.828316,485.77
            135.634356,33.828142,486.32
            135.634627,33.82821,487.01
            135.634867,33.828299,487.64
            135.635434,33.828593,488.83
            135.635785,33.828803,489.13
            135.636614,33.829072,489.77
            135.636945,33.8291,490.01
            135.637316,33.829162,490.06
            135.63783,33.82932,489.46
            135.638019,33.829416,489.22
            135.638444,33.829737,488.6
            135.638674,33.829771,488.34
            135.639052,33.829777,487.93
            135.639314,33.829822,487.37
            135.639885,33.829992,485.78
            135.640115,33.830071,485.12
            135.640267,33.830161,484.63
            135.640414,33.83033,483.98
            135.640582,33.830437,483.42
            135.640725,33.830701,482.51
            135.640819,33.830825,482.06
            135.64092,33.83091,481.74
            135.6414,33.831186,480.46
            135.641771,33.831361,479.51
            135.64196,33.831513,478.93
            135.642095,33.831547,478.62
            135.642466,33.831541,477.8
            135.642541,33.831564,477.63
            135.642912,33.831818,476.67
            135.643013,33.831846,476.46
            135.643108,33.831812,476.26
            135.643411,33.831575,475.45
            135.643627,33.831237,474.56
            135.643749,33.831248,474.33
            135.643836,33.831282,474.14
            135.643904,33.831344,473.94
            135.644086,33.831829,473.19
            135.644187,33.831947,473.19
            135.644241,33.831976,473.19
            135.644356,33.831964,473.19
            135.644773,33.831659,473.2
            135.644905,33.831653,473.21
            135.645034,33.831668,473.21
            135.64547,33.831818,473.21
            135.645679,33.831863,473.22
            135.646212,33.831913,475.06
            135.646347,33.831993,475.73
            135.646408,33.832071,476.19
            135.646455,33.83219,476.8
            135.646455,33.832353,477.6
            135.646313,33.832759,479.67
            135.646279,33.832985,480.79
            135.646576,33.833345,483.14
            135.646644,33.833558,484.48
            135.646732,33.833688,485.38
            135.646846,33.83375,486.07
            135.647083,33.833762,487.26
            135.647555,33.833694,489.67
            135.647744,33.833643,490.67
            135.648593,33.833165,493.88
            135.648769,33.833154,494.17
            135.648857,33.833182,494.33
            135.649167,33.833385,494.98
            135.649262,33.833391,495.13
            135.649342,33.833363,495.28
            135.649633,33.833171,495.89
            135.650044,33.832866,496.8
            135.650207,33.832828,497.09
            135.650347,33.832855,497.33
            135.650497,33.832979,497.69
            135.650849,33.833492,498.89
            135.650875,33.83356,499.03
            135.650869,33.834017,499.96
            135.650929,33.834084,500.13
            135.651361,33.834264,500.85
            135.651456,33.83436,501.07
            135.651557,33.834698,501.69
            135.651564,33.834974,502.18
            135.651625,33.835115,502.45
            135.651713,33.835222,502.68
            135.651834,33.835312,502.92
            135.651949,33.835346,503.1
            135.652138,33.83534,503.38
            135.652596,33.83512,504.01
            135.652994,33.834963,504.54
            135.653116,33.834946,504.69
            135.653264,33.835064,504.93
            135.653447,33.835352,505.4
            135.653534,33.835414,505.54
            135.653651,33.835429,505.68
            135.654101,33.835317,508.06
            135.654248,33.835382,509.49
            135.654531,33.835769,514.18
            135.654743,33.836192,518.93
            135.654736,33.83644,521.49
            135.654776,33.836559,522.77
            135.654878,33.83661,523.8
            135.65508,33.836615,525.47
            135.655195,33.836575,526.46
            135.655532,33.836115,531.64
            135.655793,33.836086,533.74
            135.655898,33.836021,534.79
            135.656296,33.83564,539.64
            135.656477,33.835526,541.45
            135.656617,33.835482,541.69
            135.656845,33.835476,541.27
            135.65705,33.835443,540.89
            135.657368,33.83555,540.26
            135.657476,33.835567,540.06
            135.657651,33.835669,539.66
            135.657823,33.835705,539.34
            135.658002,33.835631,538.97
            135.658142,33.83564,538.71
            135.658327,33.835729,538.32
            135.658343,33.835836,538.08
            135.658562,33.83599,538.71
            135.658712,33.836474,541.4
            135.658949,33.836602,542.67
            135.659381,33.836446,544.78
            135.659405,33.836147,546.39
            135.659754,33.836259,549.1
            135.660022,33.836142,553.32
            135.660397,33.836115,558.56
            135.660562,33.836217,561.43
            135.660844,33.836175,565.42
            135.66081,33.836369,568.71
            135.66112,33.836449,573.23
            135.661706,33.836487,580.1
            135.662,33.836843,584.71
            135.66275,33.836953,591.48
            135.663228,33.836961,595.73
            135.663627,33.836905,595.43
            135.664104,33.837101,592.26
            135.664559,33.837178,589.49
            135.664802,33.83706,587.81
            135.664995,33.837332,585.55
            135.66539,33.837527,579.03
            135.665618,33.838031,563.75
            135.666195,33.838117,549.93
            135.666367,33.838247,544.45
            135.66662,33.838335,537.98
            135.666869,33.838589,529.63
            135.666978,33.83831,523.11
            135.667222,33.838472,517.34
            135.66712,33.838922,507.16
            135.667205,33.838982,505.11
            135.667621,33.83879,496.32
            135.667724,33.838625,492.8
            135.667786,33.838438,491.52
            135.667824,33.838099,489.28
            135.668001,33.838022,488.19
            135.66839,33.837956,486.02
            135.668442,33.837819,485.07
            135.668442,33.837675,484.12
            135.667997,33.837011,483.25
            135.667994,33.836942,483.7
            135.66824,33.836783,485.36
            135.668319,33.836687,486.1
            135.668364,33.83664,486.49
            135.66847,33.836413,488.05
            135.668429,33.836125,489.91
            135.668427,33.835742,492.36
            135.668531,33.83605,497.95
            135.668736,33.835992,501.54
            135.669426,33.836254,514.14
            135.669644,33.836112,518.74
            135.669663,33.835989,521.22
            135.669532,33.835818,525.27
            135.670237,33.836069,541.97
            135.670523,33.835803,552.14
            135.670667,33.835772,555.66
            135.670817,33.835802,559.31
            135.670869,33.835941,563.46
            135.67105,33.836047,568.71
            135.67142,33.836176,578.21
            135.671616,33.83619,582.69
            135.671732,33.836271,586.07
            135.671942,33.836415,592.14
            135.671971,33.836561,596.11
            135.672109,33.836634,599.76
            135.672275,33.836616,603.49
            135.672236,33.836402,609.3
            135.672511,33.836486,615.83
            135.67292,33.836763,627.59
            135.673539,33.837052,637.9
            135.674066,33.837174,645.66
            135.674277,33.837497,651.93
            135.674709,33.837751,658.97
            135.675093,33.838066,659.24
            135.675331,33.838472,659.52
            135.675397,33.838784,659.72
            135.675462,33.839091,659.91
            135.675814,33.83977,655.2
            135.676449,33.839896,649.9
            135.676612,33.840326,645.49
            135.676678,33.840956,638.73
            135.677039,33.841432,632.21
            135.677572,33.841572,626.83
            135.678147,33.841586,621.1
            135.678354,33.841497,617.63
            135.678273,33.841386,615.3
            135.679011,33.841371,604.31
            135.680058,33.841395,588.51
            135.680256,33.841331,584.46
            135.680527,33.840999,575.27
            135.680888,33.840852,567.61
            135.680745,33.840807,564.7
            135.680806,33.840661,561.15
            135.680981,33.840559,557.08
            135.681064,33.8404,553.11
            135.681093,33.840211,548.74
            135.681206,33.840105,545.88
            135.681389,33.840042,542.67
            135.681402,33.840418,535.32
            135.681457,33.840524,533.07
            135.681575,33.840555,531.06
            135.681876,33.84057,526.17
            135.681985,33.840615,524.2
            135.68214,33.840829,519.32
            135.682213,33.841026,515.29
            135.682268,33.841056,514.23
            135.682349,33.841049,512.92
            135.682614,33.840919,508.83
            135.682776,33.840738,505.22
            135.683011,33.840675,501.93
            135.683132,33.840668,500.32
            135.683549,33.840807,494.34
            135.683602,33.840858,493.26
            135.683727,33.841085,489.26
            135.683782,33.841363,484.75
            135.683769,33.84161,480.99
            135.683723,33.841739,478.96
            135.683768,33.841814,477.69
            135.68392,33.841884,475.52
            135.684302,33.841811,470.6
            135.68467,33.841889,465.85
            135.685149,33.841929,459.81
            135.685369,33.842036,456.56
            135.685543,33.842207,452.71
            135.685652,33.842378,449.39
            135.685759,33.842376,447.87
            135.685657,33.842129,443.38
            135.685682,33.842089,442.61
            135.685857,33.842115,440.08
            135.686057,33.842253,436.37
            135.686107,33.842354,434.49
            135.686027,33.842463,432.3
            135.68686,33.842824,421.87
            135.687571,33.84321,414.68
            135.68814,33.843447,409.29
            135.688652,33.843542,408.67
            135.688608,33.843547,408.77
            135.688652,33.843542,408.87
            135.688975,33.843716,409.73
            135.689306,33.843974,410.76
            135.690243,33.844062,413.24
            135.690642,33.844446,418.17
            135.691956,33.844673,429.01
            135.692235,33.844829,432.03
            135.69219,33.844966,433.7
            135.692544,33.845197,438.09
            135.692831,33.845194,440.88
            135.69306,33.84532,443.56
            135.693473,33.845382,447.65
            135.693677,33.845525,450.25
            135.693719,33.845658,452.05
            135.69359,33.845862,455.7
            135.694113,33.845762,462.76
            135.694522,33.845921,468.7
            135.694742,33.846035,472.12
            135.694904,33.846329,477.24
            135.694936,33.846557,481.26
            135.694989,33.846609,482.75
            135.695116,33.846638,485.12
            135.695247,33.846559,488.04
            135.695516,33.846656,493.34
            135.695707,33.846563,497.33
            135.696035,33.846713,504.09
            135.696224,33.847129,513.76
            135.696502,33.84737,520
            135.696705,33.847628,523.45
            135.696876,33.847842,526.33
            135.696941,33.848216,530.56
            135.696973,33.848279,531.33
            135.697102,33.848405,533.18
            135.697229,33.848323,534.68
            135.697507,33.848288,537.29
            135.698607,33.8486,527.07
            135.698166,33.848632,521.6
            135.697834,33.849053,514.12
            135.697887,33.849278,509.12
            135.698155,33.849375,501.93
            135.698043,33.84961,494.45
            135.698122,33.849776,489.17
            135.698466,33.849968,478.99
            135.699051,33.850144,463.7
            135.699461,33.850164,455.14
            135.699595,33.850461,448.38
            135.699602,33.850716,442.94
            135.699426,33.850889,438.11
            135.699306,33.851093,433.27
            135.69935,33.851233,430.18
            135.699233,33.851403,426
            135.699151,33.851586,421.84
            135.699399,33.851637,417.89
            135.699628,33.851543,414.12
            135.699884,33.851605,410.18
            135.700244,33.851554,404.79
            135.700773,33.851611,396.91
            135.701105,33.851569,391.96
            135.70152,33.851618,386.4
            135.701723,33.851607,384.02
            135.701888,33.851699,381.7
            135.702007,33.851991,377.37
            135.702021,33.852218,374.17
            135.701998,33.85239,371.74
            135.701885,33.852518,369.51
            135.701747,33.852615,367.4
            135.701662,33.85274,365.38
            135.701708,33.852869,363.49
            135.702515,33.85313,357.81
            135.702958,33.853018,354.78
            135.703134,33.853042,353.61
            135.703217,33.853198,352.26
            135.703235,33.853339,351.14
            135.703352,33.853449,349.98
            135.703615,33.853508,348.01
            135.703698,33.853593,346.99
            135.703744,33.853593,346.63
            135.703818,33.853508,345.66
            135.703938,33.853293,343.46
            135.704039,33.853239,342.53
            135.704113,33.853223,341.94
            135.704138,33.853226,341.75
            135.704399,33.853262,339.71
            135.704648,33.853354,337.6
            135.704722,33.853446,336.58
            135.704796,33.853623,334.84
            135.704894,33.853761,333.35
            135.705049,33.853829,332.08
            135.705162,33.853941,330.93
            135.705228,33.854197,328.86
            135.705361,33.854413,326.94
            135.705331,33.854548,325.86
            135.705366,33.854651,325.02
            135.705518,33.854729,323.84
            135.705666,33.854749,322.86
            135.705768,33.854811,322.03
            135.705795,33.854957,320.86
            135.705851,33.854996,320.38
            135.706183,33.854926,318.3
            135.706312,33.854919,318.02
            135.706653,33.85498,317.27
            135.706997,33.855205,316.33
            135.707248,33.855091,315.71
            135.707746,33.85521,314.59
            135.708402,33.855596,312.54
            135.709167,33.856529,308.52
            135.709706,33.856789,306.24
            135.709965,33.857126,303.83
            135.710664,33.85741,299.94
            135.711001,33.85739,298.25
            135.711696,33.857294,294.4
            135.712392,33.857155,290.17
            135.712631,33.857276,288.52
            135.712893,33.857217,286.91
            135.713598,33.857049,282.83
            135.713906,33.856918,281.26
            135.714433,33.857033,278.8
            135.715206,33.857069,275.3
            135.71553,33.856952,273.79
            135.715681,33.856929,273.48
            135.716286,33.856746,272.17
            135.716561,33.856746,271.62
            135.716726,33.856711,271.27
            135.71696,33.856619,270.75
            135.717235,33.856562,270.17
            135.717502,33.856561,269.63
            135.717575,33.85656,269.49
            135.718117,33.856622,268.25
            135.718308,33.856685,267.79
            135.718475,33.856783,267.32
            135.71873,33.857027,266.44
            135.718873,33.857104,266.06
            135.719007,33.857104,265.76
            135.719124,33.857069,265.47
            135.719743,33.856657,263.96
            135.719969,33.85656,263.57
            135.720178,33.856553,263.24
            135.720387,33.856594,262.91
            135.720672,33.856708,262.42
            135.721498,33.857125,261.79
            135.721584,33.857168,262.09
            135.721609,33.857245,262.38
            135.721601,33.857329,262.69
            135.721384,33.857587,263.83
            135.721317,33.857852,264.81
            135.721258,33.857985,265.32
            135.721065,33.858155,266.17
            135.720789,33.858309,267.16
            135.720638,33.858434,267.97
            135.720496,33.858685,271.06
            135.72038,33.859066,275.43
            135.720527,33.859128,276.96
            135.720495,33.859304,278.94
            135.720554,33.85946,280.76
            135.720502,33.859515,281.54
            135.720502,33.859554,281.97
            135.720586,33.859588,282.84
            135.720597,33.859651,283.55
            135.720774,33.859801,285.88
            135.720882,33.859966,287.75
            135.721008,33.860007,287.75
            135.72102,33.860029,287.75
            135.721014,33.860143,287.75
            135.720989,33.860169,287.75
            135.720922,33.860181,287.75
            135.720797,33.860111,287.75
            135.720537,33.860085,287.75
            135.720492,33.860099,287.75
            135.720435,33.86028,287.75
            135.72059,33.860698,287.75
            135.720628,33.860977,287.75
            135.720706,33.861075,287.75
            135.72079,33.86112,287.75
            135.720856,33.861229,287.75
            135.720908,33.861638,287.75
            135.720588,33.861712,287.75
          </coordinates>
        </LineString>
      </Placemark>
      <Placemark>
        <name>Hosshinmon-oji to Hongu Taisha and Oyunohara Torii</name>
        <description><![CDATA[description: Distance: 5.5 miles<br>Average Speed: 1.8 mph<br>Minimum Elevation: 183 feet<br>Maximum Elevation: 1056 feet<br>Total climb: 487 feet<br>Total descent: 1197 feet<br>説明: <br>nom: ]]></description>
        <styleUrl>#line-7CB342-5000</styleUrl>
        <ExtendedData>
          <Data name="description">
            <value>Distance: 5.5 miles
Average Speed: 1.8 mph
Minimum Elevation: 183 feet
Maximum Elevation: 1056 feet
Total climb: 487 feet
Total descent: 1197 feet</value>
          </Data>
          <Data name="説明">
            <value/>
          </Data>
          <Data name="nom">
            <value/>
          </Data>
        </ExtendedData>
        <LineString>
          <tessellate>1</tessellate>
          <coordinates>
            135.729461,33.861109,273.13
            135.728955,33.861242,273.13
            135.728335,33.861496,274.35
            135.728075,33.861716,277.62
            135.727927,33.861885,279.83
            135.72778,33.861979,281.46
            135.72738,33.862132,285.34
            135.727104,33.862185,287.83
            135.726846,33.862185,290.1
            135.726385,33.862109,293.35
            135.725851,33.862062,296.04
            135.725712,33.862032,296.76
            135.72562,33.861962,297.39
            135.7255,33.861739,298.86
            135.725399,33.86164,299.65
            135.725122,33.861494,301.29
            135.724671,33.861285,303.8
            135.724514,33.86124,304.55
            135.724385,33.86124,305.13
            135.724209,33.861285,305.96
            135.724038,33.861157,307
            135.723769,33.861097,308.26
            135.723571,33.861112,309.16
            135.72349,33.861202,309.77
            135.723248,33.861592,312.16
            135.723104,33.861689,312.99
            135.722773,33.861832,314.58
            135.72253,33.86187,315.64
            135.722297,33.861757,316.79
            135.721834,33.861602,318.91
            135.720908,33.861638,321.73
            135.720588,33.861712,321.14
            135.720908,33.861638,320.56
            135.721834,33.861602,318.91
            135.722297,33.861757,317.64
            135.72253,33.86187,316.22
            135.722773,33.861832,314.92
            135.723104,33.861689,312.96
            135.723248,33.861592,311.99
            135.72349,33.861202,309.21
            135.723571,33.861112,308.5
            135.723769,33.861097,307.45
            135.724038,33.861157,306.23
            135.724209,33.861285,305.36
            135.724385,33.86124,304.66
            135.724514,33.86124,304.17
            135.724671,33.861285,303.54
            135.725122,33.861494,301.58
            135.725399,33.86164,300.34
            135.7255,33.861739,299.75
            135.72562,33.861962,298.63
            135.725712,33.862032,297.7
            135.725851,33.862062,296.62
            135.726385,33.862109,292.6
            135.726846,33.862185,289.09
            135.727104,33.862185,287.16
            135.72738,33.862132,285.04
            135.72778,33.861979,281.83
            135.727927,33.861885,280.62
            135.728075,33.861716,278.98
            135.728335,33.861496,276.55
            135.728955,33.861242,272.04
            135.729461,33.861109,268.57
            135.729546,33.861063,268.39
            135.729706,33.861029,268.7
            135.730285,33.861042,269.79
            135.730377,33.86102,269.97
            135.730621,33.860892,270.51
            135.730796,33.860846,270.86
            135.731047,33.860859,271.33
            135.731473,33.860951,272.16
            135.73202,33.860989,273.25
            135.732408,33.860753,274.23
            135.732689,33.860636,274.86
            135.73283,33.860603,275.16
            135.733176,33.86059,275.86
            135.733342,33.860532,276.23
            135.733901,33.860238,275.47
            135.734815,33.859999,272.5
            135.735277,33.85984,270.95
            135.735463,33.859727,270.23
            135.735548,33.859648,270.03
            135.735865,33.85911,270.18
            135.736161,33.858884,270.26
            135.736694,33.858599,270.38
            135.736749,33.858569,270.4
            135.736914,33.85836,270.57
            135.736949,33.85823,271.69
            135.737316,33.858139,274.36
            135.737608,33.85809,276.43
            135.737748,33.85809,277.41
            135.737943,33.858143,278.84
            135.738111,33.858188,280.07
            135.738742,33.858276,284.52
            135.738999,33.858334,285.92
            135.739197,33.858324,286.54
            135.739477,33.858432,287.52
            135.739606,33.858432,287.93
            135.739793,33.858324,288.65
            135.741009,33.858217,292.08
            135.741259,33.858237,290.29
            135.741469,33.858285,288.73
            135.741925,33.858451,285.16
            135.74259,33.858558,280.31
            135.743258,33.858763,273.67
            135.74369,33.858812,267.65
            135.744438,33.858763,257.3
            135.745261,33.858744,245.97
            135.74587,33.858674,237.77
            135.746488,33.858729,229.47
            135.746768,33.858705,225.72
            135.747181,33.858571,219.8
            135.747497,33.858566,217.51
            135.747707,33.858481,216.8
            135.747963,33.858436,216.01
            135.748174,33.85843,215.37
            135.748186,33.858357,215.1
            135.748713,33.858408,213.49
            135.749043,33.858518,212.41
            135.749198,33.858638,211.77
            135.749267,33.858842,211.77
            135.749321,33.858898,211.91
            135.749895,33.859198,212.98
            135.750274,33.859339,213.63
            135.750544,33.859413,214.08
            135.751403,33.859479,214.58
            135.7517,33.859541,214.27
            135.752268,33.859789,213.62
            135.752653,33.859954,213.18
            135.752903,33.860033,212.9
            135.753625,33.860014,213.93
            135.753793,33.859985,214.33
            135.754254,33.859789,215.51
            135.754416,33.859783,215.88
            135.755396,33.860095,218.54
            135.755643,33.860156,219.39
            135.755717,33.860154,219.63
            135.755905,33.860244,220.34
            135.75615,33.860291,221.16
            135.756713,33.860246,223
            135.756938,33.860168,223.8
            135.757142,33.860204,224.48
            135.757286,33.860157,224.55
            135.757565,33.859907,223.59
            135.757647,33.859775,223.16
            135.75786,33.85983,222.64
            135.757962,33.85983,222.4
            135.758043,33.859795,222.18
            135.758225,33.859643,221.58
            135.758327,33.859598,221.31
            135.758583,33.859565,220.7
            135.758782,33.85947,220.16
            135.758968,33.859277,219
            135.759002,33.859209,218.27
            135.75905,33.8589,215.19
            135.75916,33.858688,212.9
            135.759428,33.85868,210.69
            135.759833,33.85886,206.91
            135.760529,33.859041,200.78
            135.760705,33.859029,199.13
            135.760915,33.858967,197.04
            135.76105,33.8589,195.57
            135.761225,33.858736,193.1
            135.761314,33.858505,190.37
            135.761347,33.85824,187.37
            135.761483,33.85797,184.07
            135.761996,33.857485,177.97
            135.762064,33.857389,177.03
            135.762124,33.85722,175.54
            135.762205,33.857129,174.58
            135.762442,33.857023,172.69
            135.762692,33.856724,169.61
            135.762813,33.856628,168.43
            135.763009,33.85638,166.33
            135.763293,33.856138,166.46
            135.763462,33.855951,166.55
            135.763577,33.855754,166.64
            135.763613,33.855536,166.72
            135.763719,33.855432,166.77
            135.763867,33.855337,166.83
            135.763874,33.855196,166.89
            135.763975,33.854886,167.11
            135.764212,33.854396,171.66
            135.764374,33.853927,175.87
            135.764421,33.853882,176.38
            135.764678,33.853769,178.46
            135.765129,33.853661,181.82
            135.765218,33.853566,183.07
            135.765239,33.85324,187.62
            135.76536,33.853194,189.15
            135.765892,33.853195,195.3
            135.766088,33.853033,198.5
            135.766174,33.852792,202
            135.766248,33.852424,207.19
            135.766829,33.85221,212.16
            135.767023,33.852072,214.11
            135.767138,33.851862,216.23
            135.767125,33.851647,218.2
            135.767235,33.851472,220.02
            135.767484,33.851338,222.28
            135.767454,33.851064,223.82
            135.767502,33.850946,223.44
            135.767759,33.850726,222.52
            135.767745,33.850636,222.25
            135.76761,33.850467,221.64
            135.767556,33.850235,220.93
            135.767583,33.850111,220.55
            135.767678,33.849959,220.03
            135.768076,33.849655,218.68
            135.768204,33.849491,217.18
            135.768204,33.849367,216.19
            135.768144,33.849159,214.49
            135.768087,33.848706,210.86
            135.76836,33.848439,208.06
            135.768559,33.848422,206.74
            135.768679,33.848495,205.76
            135.768748,33.848379,204.73
            135.769079,33.848196,201.83
            135.769192,33.848219,200.97
            135.769371,33.848108,199.31
            135.769474,33.847923,197.49
            135.769568,33.847749,195.79
            135.769462,33.847655,194.64
            135.769376,33.847579,193.71
            135.769104,33.847613,191.67
            135.769039,33.847471,190.32
            135.769035,33.847385,189.55
            135.76894,33.847266,188.28
            135.768968,33.847184,187.16
            135.769149,33.847107,184.95
            135.76925,33.84696,182.74
            135.76971,33.846604,175.91
            135.769805,33.846497,174.17
            135.769811,33.846221,170.56
            135.769926,33.846085,168.39
            135.77025,33.845826,163.11
            135.77063,33.845478,154.99
            135.770757,33.84541,152.82
            135.771027,33.845343,148.78
            135.771139,33.845255,146.57
            135.771217,33.844981,141.7
            135.771618,33.844503,131.91
            135.772233,33.843768,118.5
            135.772402,33.84353,114.36
            135.772545,33.843133,108.15
            135.772476,33.843074,106.92
            135.77252,33.842823,104.62
            135.772801,33.842161,98.46
            135.773171,33.841354,90.91
            135.773328,33.841221,89.95
            135.773326,33.841034,88.99
            135.773297,33.840926,88.42
            135.773181,33.840702,87.17
            135.77317,33.840608,86.68
            135.773369,33.839987,83.38
            135.773436,33.839926,82.95
            135.77353,33.839935,82.55
            135.773572,33.839892,82.26
            135.773968,33.840015,80.42
            135.773917,33.840115,79.84
            135.7739,33.840161,79.58
            135.773828,33.840347,78.54
            135.773788,33.84042,78.12
            135.773735,33.84052,77.54
            135.773421,33.840398,76
            135.773735,33.84052,74.47
            135.773788,33.84042,73.89
            135.773828,33.840347,73.47
            135.7739,33.840161,72.43
            135.773917,33.840115,72.17
            135.773968,33.840015,71.43
            135.774012,33.839917,70.7
            135.77405,33.839836,70.1
            135.774062,33.839815,69.94
            135.774115,33.839719,69.21
            135.774156,33.839646,68.65
            135.774197,33.839579,68.13
            135.774284,33.83943,66.98
            135.774388,33.839255,65.62
            135.774394,33.839242,65.53
            135.774565,33.838821,62.44
            135.774739,33.838464,59.77
            135.774692,33.838382,59.5
            135.77535,33.837981,58.07
            135.775529,33.837872,57.68
            135.775543,33.837413,56.71
            135.775559,33.836961,55.89
            135.775569,33.8365,56.16
            135.775575,33.836058,56.42
            135.775578,33.835886,56.52
            135.775455,33.83557,56.72
            135.775153,33.834794,56.92
            135.775131,33.834589,56.92
            135.775087,33.834568,56.92
            135.7745,33.834313,56.92
            135.774444,33.834288,56.92
          </coordinates>
        </LineString>
      </Placemark>
      <Placemark>
        <name>Yunomine Onsen to Hongu Taisha</name>
        <description><![CDATA[description: Distance: 1.9 miles<br>Minimum Elevation: 188 feet<br>Maximum Elevation: 975 feet<br>Total climb: 513 feet<br>Total descent: 787 feet<br>説明: <br>nom: ]]></description>
        <styleUrl>#line-7CB342-5000</styleUrl>
        <ExtendedData>
          <Data name="description">
            <value>Distance: 1.9 miles
Minimum Elevation: 188 feet
Maximum Elevation: 975 feet
Total climb: 513 feet
Total descent: 787 feet</value>
          </Data>
          <Data name="説明">
            <value/>
          </Data>
          <Data name="nom">
            <value/>
          </Data>
        </ExtendedData>
        <LineString>
          <tessellate>1</tessellate>
          <coordinates>
            135.757472,33.82873,154.94
            135.757491,33.828794,154.94
            135.757538,33.828785,154.94
            135.757557,33.82878,154.94
            135.757598,33.828767,154.94
            135.757618,33.828758,154.94
            135.757646,33.828749,154.94
            135.757696,33.829114,154.94
            135.757788,33.829213,154.94
            135.757981,33.829202,154.94
            135.758074,33.82927,156.2
            135.758228,33.829304,159.02
            135.75828,33.829371,160.71
            135.758296,33.829415,161.69
            135.758279,33.829453,162.55
            135.758411,33.829652,167.39
            135.758655,33.829651,171.7
            135.75887,33.829716,175.74
            135.758921,33.8298,177.74
            135.758979,33.829836,179.02
            135.759093,33.829832,181.03
            135.759079,33.829689,184.08
            135.759202,33.829751,186.62
            135.759278,33.82971,188.22
            135.759406,33.829722,190.5
            135.759529,33.829804,193.3
            135.75966,33.829821,195.94
            135.759615,33.82962,200.84
            135.759633,33.829521,203.23
            135.759791,33.829407,207.4
            135.759864,33.829707,214.73
            135.759941,33.829636,217.02
            135.760048,33.829602,219.3
            135.760072,33.829696,221.6
            135.760444,33.830213,236.03
            135.760678,33.83033,240.93
            135.760835,33.830313,243.76
            135.760983,33.830522,248.97
            135.761168,33.830658,253.38
            135.761238,33.830803,256.74
            135.761342,33.830796,258.6
            135.761448,33.830837,260.69
            135.761493,33.830977,263.8
            135.761507,33.83128,270.32
            135.761479,33.831578,276.05
            135.761413,33.831685,277.64
            135.761412,33.831747,278.47
            135.761831,33.831685,283.16
            135.762064,33.831514,286.6
            135.762392,33.83163,290.53
            135.762708,33.831584,294.07
            135.763284,33.831411,297.79
            135.763349,33.831286,296.86
            135.763514,33.831211,295.8
            135.763935,33.830785,292.04
            135.76422,33.830716,290.36
            135.764405,33.830716,289.31
            135.76469,33.830794,287.61
            135.76473,33.830752,287.24
            135.764947,33.830903,282.96
            135.765176,33.83097,277.56
            135.765261,33.83095,275.59
            135.765602,33.831035,267.68
            135.766,33.831067,258.78
            135.766162,33.831286,251.9
            135.766359,33.831376,246.9
            135.766478,33.831502,242.61
            135.766667,33.831517,238.39
            135.766814,33.831456,234.71
            135.766854,33.831349,231.69
            135.766962,33.831311,229.07
            135.766893,33.831184,225.31
            135.766916,33.831012,220.65
            135.766868,33.830915,217.82
            135.766968,33.830875,215.34
            135.767018,33.831028,211.06
            135.767171,33.831064,207.5
            135.767113,33.831221,203.08
            135.767392,33.831296,196.51
            135.767652,33.831221,190.35
            135.767721,33.831237,188.61
            135.767713,33.831398,183.77
            135.767772,33.831445,181.73
            135.76771,33.831494,179.6
            135.767727,33.831557,177.66
            135.767828,33.831574,175.09
            135.767849,33.831656,172.57
            135.768016,33.831665,168.39
            135.76806,33.831751,165.59
            135.76811,33.831714,163.92
            135.768332,33.831829,157.39
            135.768464,33.831993,151.46
            135.768654,33.832013,146.69
            135.768694,33.83208,144.44
            135.768829,33.83217,140.12
            135.769048,33.832229,134.39
            135.769131,33.832202,132.18
            135.769268,33.832245,128.55
            135.769329,33.832198,126.49
            135.769577,33.832165,120.27
            135.769711,33.832229,116.44
            135.769756,33.832209,115.17
            135.769821,33.83226,112.96
            135.769915,33.83224,110.55
            135.769947,33.832291,108.84
            135.770086,33.832289,105.39
            135.770207,33.832447,99.81
            135.770427,33.832519,93.95
            135.770556,33.832481,90.56
            135.770594,33.832411,88.27
            135.770947,33.832559,80.75
            135.771078,33.8329,76.51
            135.771083,33.832978,75.58
            135.771156,33.833093,74.04
            135.771254,33.833159,72.8
            135.771337,33.833173,71.96
            135.771381,33.833528,67.73
            135.771465,33.83357,66.77
            135.771442,33.833695,65.27
            135.771651,33.834093,60.86
            135.771689,33.834122,60.82
            135.77175,33.83412,60.77
            135.772363,33.833907,60.22
            135.772721,33.834563,59.51
            135.772826,33.834783,59.28
            135.773529,33.836123,57.74
            135.77366,33.836363,57.46
            135.773679,33.836398,57.42
            135.773732,33.836493,57.3
            135.773959,33.836955,57.6
            135.77415,33.837351,57.94
            135.774291,33.83762,58.18
            135.77462,33.838248,59.02
            135.774692,33.838382,60.04
            135.774739,33.838464,60.67
            135.774565,33.838821,63.35
            135.774394,33.839242,66.44
            135.774388,33.839255,66.53
            135.774284,33.83943,67.89
            135.774197,33.839579,69.04
            135.774156,33.839646,69.56
            135.774115,33.839719,70.12
            135.774062,33.839815,70.86
            135.77405,33.839836,71.02
            135.774012,33.839917,71.19
            135.773968,33.840015,71.19
            135.773917,33.840115,71.19
            135.7739,33.840161,71.19
            135.773828,33.840347,71.19
            135.773788,33.84042,71.19
            135.773735,33.84052,71.19
            135.773421,33.840398,71.19
          </coordinates>
        </LineString>
      </Placemark>
      <Placemark>
        <name>Yunomine Onsen to Hosshinmon-oji</name>
        <description><![CDATA[description: Distance: 4.3 miles<br>Minimum Elevation: 457 feet<br>Maximum Elevation: 1386 feet<br>Total climb: 1136 feet<br>Total descent: 615 feet<br>説明: <br>nom: ]]></description>
        <styleUrl>#line-7CB342-5000</styleUrl>
        <ExtendedData>
          <Data name="description">
            <value>Distance: 4.3 miles
Minimum Elevation: 457 feet
Maximum Elevation: 1386 feet
Total climb: 1136 feet
Total descent: 615 feet</value>
          </Data>
          <Data name="説明">
            <value/>
          </Data>
          <Data name="nom">
            <value/>
          </Data>
        </ExtendedData>
        <LineString>
          <tessellate>1</tessellate>
          <coordinates>
            135.757472,33.82873,139.4
            135.757491,33.828794,139.4
            135.757538,33.828785,139.4
            135.757557,33.82878,139.4
            135.757598,33.828767,139.4
            135.757618,33.828758,139.4
            135.757646,33.828749,139.4
            135.757696,33.829114,139.4
            135.757788,33.829213,139.4
            135.75776,33.829236,139.4
            135.757707,33.829278,139.4
            135.757696,33.829285,139.4
            135.757728,33.82936,139.4
            135.75772,33.829509,140.78
            135.757675,33.829595,141.77
            135.757588,33.829682,142.97
            135.757291,33.829595,145.75
            135.757286,33.829734,147.22
            135.757075,33.830088,151.41
            135.757039,33.830206,152.7
            135.756833,33.830278,154.67
            135.756582,33.830509,157.97
            135.756407,33.830854,165.43
            135.755888,33.831172,176.85
            135.755282,33.831383,188.48
            135.754989,33.831378,193.66
            135.754881,33.831445,196.05
            135.754763,33.831414,197.78
            135.754418,33.831486,202.06
            135.754259,33.831609,204.67
            135.753267,33.831722,216.71
            135.753072,33.831702,219.07
            135.752911,33.83164,221.2
            135.752936,33.831884,224.11
            135.75285,33.832087,226.19
            135.752558,33.832116,228.55
            135.752268,33.832308,231.53
            135.751995,33.832331,233.73
            135.751971,33.832592,236.26
            135.751834,33.832766,238.27
            135.751355,33.832817,242.87
            135.751128,33.832801,245.38
            135.750941,33.832893,247.77
            135.750736,33.832951,250.16
            135.750272,33.832954,255.27
            135.749866,33.833171,260.59
            135.749681,33.833228,262.77
            135.749585,33.8333,264.23
            135.749554,33.833609,269.57
            135.749272,33.833604,273.61
            135.749192,33.833947,279.64
            135.749039,33.834146,283.71
            135.748831,33.83415,286.69
            135.748616,33.834486,293.25
            135.748691,33.834697,296.55
            135.748833,33.835324,304.76
            135.748703,33.836327,317.75
            135.748488,33.836608,320.44
            135.748181,33.837073,324.39
            135.747981,33.837136,325.71
            135.747762,33.837255,327.34
            135.747658,33.837659,330.42
            135.747399,33.837852,332.43
            135.746588,33.838306,337.59
            135.746375,33.83829,338.72
            135.745892,33.838206,341.32
            135.745551,33.838197,343.08
            135.745393,33.838205,343.19
            135.745122,33.838306,343.39
            135.744915,33.838501,343.61
            135.744476,33.838716,343.96
            135.744215,33.838922,344.21
            135.743981,33.839157,344.46
            135.743949,33.839392,344.09
            135.743656,33.839694,342.44
            135.743399,33.839804,341.42
            135.743391,33.840101,340.15
            135.743325,33.840202,339.66
            135.743317,33.840436,338.66
            135.742983,33.840615,337.26
            135.742514,33.840622,333.86
            135.742164,33.840781,330.57
            135.741901,33.841046,327.16
            135.741511,33.841256,323.33
            135.741311,33.841282,321.66
            135.741227,33.841407,320.23
            135.741015,33.841499,318.95
            135.740802,33.841644,318.67
            135.740581,33.841838,318.34
            135.740418,33.842034,318.05
            135.740331,33.842095,317.94
            135.739827,33.842306,317.37
            135.739714,33.842302,317.25
            135.739621,33.842343,317.15
            135.739576,33.842398,317.07
            135.739284,33.842458,317.33
            135.739197,33.842501,317.86
            135.739155,33.843006,321.07
            135.739041,33.843161,322.22
            135.738944,33.843442,324.07
            135.738834,33.843542,324.93
            135.738791,33.843646,325.63
            135.738576,33.843832,327.26
            135.738479,33.84388,327.85
            135.738377,33.843887,328.32
            135.738214,33.843946,328.8
            135.737856,33.843921,329.76
            135.737591,33.844065,330.61
            135.737411,33.844094,331.1
            135.737305,33.844194,331.53
            135.737047,33.844364,332.42
            135.73695,33.844515,332.97
            135.736846,33.844599,333.36
            135.736595,33.845049,335.97
            135.736384,33.845254,337.81
            135.735957,33.84551,340.8
            135.73531,33.845574,344.49
            135.735178,33.845547,345.27
            135.735014,33.846004,350.37
            135.734342,33.846545,360.19
            135.733595,33.846874,369.06
            135.733093,33.847154,374.54
            135.732308,33.847542,382.82
            135.730955,33.847694,393.24
            135.730764,33.847751,394.53
            135.730439,33.848165,398.31
            135.730221,33.848218,399.75
            135.729917,33.848134,401.79
            135.729456,33.847917,404.72
            135.728941,33.847817,407.55
            135.728294,33.847772,411.02
            135.727982,33.847861,412.78
            135.72731,33.848254,416.33
            135.726771,33.848621,419.05
            135.726583,33.848913,420.61
            135.726359,33.84936,422.33
            135.726236,33.849747,421.62
            135.725984,33.849948,421.1
            135.725743,33.850038,420.71
            135.725575,33.850343,420.12
            135.725063,33.850384,419.36
            135.724288,33.850709,417.42
            135.723907,33.850902,416.41
            135.723457,33.851442,414.61
            135.722962,33.851931,414.9
            135.722363,33.852391,415.57
            135.722033,33.85251,415.86
            135.721414,33.852935,416.04
            135.720998,33.852917,415.97
            135.720483,33.852693,415.86
            135.720064,33.852877,415.78
            135.719164,33.853093,411.55
            135.718884,33.853047,409.89
            135.718698,33.85309,408.76
            135.718516,33.853077,407.69
            135.718567,33.853158,407.05
            135.718558,33.853294,406.09
            135.718486,33.853381,405.35
            135.718373,33.853633,403.46
            135.717916,33.854003,391.92
            135.717823,33.854126,388.53
            135.717787,33.854054,386.71
            135.717654,33.854213,382.18
            135.717325,33.854152,375.64
            135.717381,33.854547,366.35
            135.717633,33.854953,354.02
            135.717592,33.855051,350.85
            135.71771,33.855056,347.85
            135.717792,33.85519,343.26
            135.7175,33.855359,334.23
            135.717207,33.85537,326.79
            135.717551,33.855611,315.37
            135.717654,33.855806,308.87
            135.717232,33.855914,300.97
            135.717345,33.856125,296.66
            135.71759,33.856335,291.22
            135.717575,33.85656,287.02
            135.718117,33.856622,278.55
            135.718308,33.856685,275.37
            135.718475,33.856783,272.49
            135.71873,33.857027,270.6
            135.718873,33.857104,269.78
            135.719007,33.857104,269.13
            135.719124,33.857069,268.52
            135.719743,33.856657,264.68
            135.719969,33.85656,263.44
            135.720178,33.856553,262.43
            135.720387,33.856594,262.12
            135.720672,33.856708,262.15
            135.721584,33.857168,262.22
            135.721609,33.857245,262.23
            135.721601,33.857329,262.24
            135.721384,33.857587,262.26
            135.721317,33.857852,263.89
            135.721258,33.857985,264.91
            135.721065,33.858155,266.6
            135.720789,33.858309,268.59
            135.720638,33.858434,269.87
            135.720496,33.858685,271.87
            135.72038,33.859066,274.7
            135.720527,33.859128,276.03
            135.720495,33.859304,278.31
            135.720554,33.85946,280.41
            135.720502,33.859515,281.3
            135.720502,33.859554,281.8
            135.720586,33.859588,282.79
            135.720597,33.859651,283.61
            135.720774,33.859801,286.3
            135.720882,33.859966,288.7
            135.721008,33.860007,290.14
            135.72102,33.860029,290.45
            135.721014,33.860143,291.91
            135.720989,33.860169,292.33
            135.720922,33.860181,293.06
            135.720797,33.860111,294.66
            135.720537,33.860085,297.45
            135.720492,33.860099,297.96
            135.720435,33.86028,298.27
            135.72059,33.860698,298.27
            135.720628,33.860977,298.27
            135.720706,33.861075,298.27
            135.72079,33.86112,298.27
            135.720856,33.861229,298.27
            135.720908,33.861638,298.27
            135.720588,33.861712,298.27
          </coordinates>
        </LineString>
      </Placemark>
      <Placemark>
        <name>Ukegawa to Koguchi</name>
        <description><![CDATA[description: Distance: 7.6 miles<br>Minimum Elevation: 252 feet<br>Maximum Elevation: 1596 feet<br>Total climb: 1600 feet<br>Total descent: 1670 feet<br>説明: <br>nom: ]]></description>
        <styleUrl>#line-7CB342-5000</styleUrl>
        <ExtendedData>
          <Data name="description">
            <value>Distance: 7.6 miles
Minimum Elevation: 252 feet
Maximum Elevation: 1596 feet
Total climb: 1600 feet
Total descent: 1670 feet</value>
          </Data>
          <Data name="説明">
            <value/>
          </Data>
          <Data name="nom">
            <value/>
          </Data>
        </ExtendedData>
        <LineString>
          <tessellate>1</tessellate>
          <coordinates>
            135.791061,33.821239,101.03
            135.791089,33.821078,101.03
            135.79101,33.820926,101.03
            135.791435,33.821038,101.03
            135.791947,33.821079,106.06
            135.792079,33.821034,108.7
            135.792214,33.821032,111.19
            135.792412,33.82115,115.69
            135.792819,33.821248,123.51
            135.792883,33.821054,127.99
            135.793224,33.821054,134.28
            135.793496,33.820998,139.46
            135.794049,33.821072,148.43
            135.794468,33.820887,155.84
            135.794872,33.821041,162.77
            135.795329,33.821064,169.91
            135.795511,33.82131,174.95
            135.795758,33.821464,176.42
            135.796035,33.821544,177.82
            135.796085,33.821813,179.39
            135.796275,33.821939,180.55
            135.796852,33.822096,183.44
            135.797355,33.82184,186.02
            135.797405,33.821495,187.6
            135.79752,33.821254,188.78
            135.798039,33.821017,191.02
            135.798053,33.820607,192.89
            135.798259,33.820504,193.92
            135.798648,33.820487,195.76
            135.799142,33.820523,198.09
            135.799441,33.820373,199.74
            135.799883,33.820324,201.84
            135.800046,33.820259,202.7
            135.800233,33.819962,203.5
            135.800314,33.819899,203.51
            135.800346,33.819744,203.51
            135.800249,33.819558,203.51
            135.800102,33.819482,203.51
            135.800102,33.819359,203.52
            135.800206,33.819324,203.52
            135.800382,33.819344,203.52
            135.800529,33.819093,203.52
            135.800754,33.818867,203.53
            135.800839,33.818891,203.53
            135.801064,33.819073,202.93
            135.801251,33.819088,202.58
            135.801508,33.818924,201.96
            135.801783,33.818644,201.14
            135.801784,33.818504,200.82
            135.801862,33.818412,200.57
            135.802007,33.818443,200.28
            135.80245,33.818263,199.51
            135.802953,33.81851,200.55
            135.80328,33.81847,201.14
            135.803425,33.818488,201.4
            135.803675,33.818452,201.85
            135.803888,33.818326,202.32
            135.804326,33.818172,203.16
            135.804526,33.818163,203.56
            135.804765,33.818033,204.17
            135.804901,33.817774,204.89
            135.805092,33.817644,205.42
            135.805576,33.817232,206.89
            135.805938,33.81701,207.85
            135.806121,33.816825,209.49
            135.806202,33.81663,210.97
            135.806312,33.816533,211.93
            135.806611,33.816414,213.9
            135.806937,33.816173,216.5
            135.80723,33.816103,218.32
            135.80761,33.815882,221.35
            135.807963,33.815801,225.43
            135.808628,33.815567,233.48
            135.809063,33.815756,238.95
            135.80942,33.81572,242.96
            135.809739,33.815568,246.18
            135.810391,33.815596,250.5
            135.811241,33.815721,256.22
            135.811439,33.815599,257.85
            135.811699,33.815393,260.3
            135.811893,33.815039,263.63
            135.812003,33.81462,267.3
            135.812009,33.813843,273.94
            135.812003,33.813471,277.29
            135.81203,33.813224,279.55
            135.812132,33.813026,281.51
            135.812411,33.812755,284.76
            135.812828,33.812518,288.59
            135.813011,33.812359,290.6
            135.813072,33.812106,292.04
            135.813292,33.811922,293.3
            135.813452,33.811832,294.08
            135.813855,33.811828,295.7
            135.814275,33.811765,297.42
            135.81462,33.811557,299.13
            135.815321,33.811424,300.63
            135.816095,33.810887,302.22
            135.816305,33.810669,302.75
            135.816309,33.810416,303.2
            135.816446,33.810207,303.53
            135.816381,33.809665,304.27
            135.816598,33.80929,304.84
            135.816832,33.809007,305.31
            135.817358,33.808662,308.55
            135.81759,33.808427,311.15
            135.817846,33.808276,313.37
            135.818251,33.807926,317.51
            135.818586,33.807875,319.93
            135.819199,33.807496,327.42
            135.819314,33.807477,328.65
            135.81968,33.807383,332.65
            135.819939,33.807214,336.09
            135.820357,33.806712,343.92
            135.820353,33.806288,353.36
            135.820508,33.806151,357.54
            135.820626,33.805854,364.51
            135.82089,33.805386,376.01
            135.82109,33.80516,382.25
            135.821098,33.804917,389.18
            135.821155,33.804773,393.8
            135.821038,33.804607,399.67
            135.820623,33.80449,410.78
            135.820551,33.8044,414.08
            135.820573,33.803803,432.3
            135.82066,33.803576,439.43
            135.820596,33.803396,444.46
            135.820612,33.803207,449.54
            135.820671,33.802998,455.3
            135.820753,33.802878,459
            135.821497,33.803055,476.24
            135.821497,33.802807,482.89
            135.821734,33.802265,486.4
            135.821734,33.802045,486.26
            135.821632,33.801915,486.16
            135.821423,33.801813,486.03
            135.821086,33.801707,485.84
            135.820762,33.801548,485.64
            135.820439,33.801323,483.54
            135.820236,33.80121,481.24
            135.820129,33.80111,479.73
            135.820115,33.800996,478.43
            135.820156,33.80094,477.69
            135.820565,33.800919,473.84
            135.820368,33.800548,469.25
            135.820419,33.800461,468.16
            135.820636,33.800424,466.08
            135.820661,33.800311,464.91
            135.820891,33.800191,463.24
            135.820949,33.800061,462.21
            135.820777,33.799887,460.54
            135.820744,33.79971,459.21
            135.82087,33.799656,458.34
            135.820999,33.799684,457.51
            135.821041,33.799525,456.31
            135.821017,33.799155,453.56
            135.820903,33.798989,452.14
            135.820822,33.798781,449.68
            135.821082,33.798173,441.84
            135.82114,33.798149,441.18
            135.821587,33.798386,435.83
            135.821767,33.798511,433.46
            135.821963,33.79846,431.39
            135.822527,33.797393,418.09
            135.822619,33.797298,416.71
            135.822655,33.797127,414.75
            135.822648,33.796922,412.42
            135.822502,33.7967,409.6
            135.822557,33.796526,409.33
            135.822543,33.795602,407.96
            135.822422,33.795179,407.31
            135.822409,33.794564,407.21
            135.822369,33.794349,407.37
            135.822252,33.794194,407.51
            135.822251,33.793638,407.94
            135.822147,33.793408,408.13
            135.822053,33.793082,407.65
            135.821827,33.792811,405.44
            135.821603,33.792409,402.47
            135.821432,33.791715,397.73
            135.821082,33.791379,395.47
            135.820818,33.791194,394.46
            135.82058,33.790979,393.42
            135.820439,33.790788,392.63
            135.820134,33.790202,390.38
            135.819842,33.789814,391.55
            135.819684,33.789392,393.77
            135.819654,33.789051,395.49
            135.819407,33.788516,398.37
            135.819191,33.78829,399.4
            135.819178,33.788032,400.06
            135.819495,33.787491,401.61
            135.819742,33.786722,403.46
            135.820893,33.785276,396.46
            135.821079,33.784961,396.07
            135.82116,33.784669,395.83
            135.821054,33.784391,395.6
            135.820788,33.784217,395.38
            135.821163,33.783262,392.64
            135.821567,33.783018,390.26
            135.82212,33.782936,387.59
            135.822437,33.782934,386.08
            135.822899,33.782635,385.01
            135.824299,33.782731,387.13
            135.824888,33.782575,389.12
            135.82614,33.782801,401.14
            135.826111,33.783167,405.28
            135.826834,33.783479,410.69
            135.827143,33.783507,412.24
            135.827218,33.783191,414.17
            135.827199,33.78274,416.88
            135.827365,33.782205,421.17
            135.82726,33.781302,430.94
            135.827793,33.780664,438.14
            135.828463,33.780359,437.02
            135.829395,33.779996,435.5
            135.829303,33.779731,434.16
            135.829731,33.779799,428.31
            135.830174,33.779657,421.94
            135.830522,33.779427,415.97
            135.83107,33.778629,402.5
            135.831613,33.778431,396.74
            135.831764,33.778282,394.47
            135.831858,33.778078,391.92
            135.831791,33.777995,390.75
            135.831805,33.777801,388.48
            135.831417,33.777447,385.83
            135.831109,33.777217,387.24
            135.830562,33.77723,389.11
            135.830423,33.776795,390.95
            135.830563,33.776593,391.91
            135.830355,33.775658,394.82
            135.829928,33.775389,396.11
            135.830145,33.775153,396.98
            135.8304,33.775047,397.64
            135.830694,33.774979,395.46
            135.830954,33.774542,391.28
            135.830934,33.774384,389.91
            135.831023,33.774128,387.63
            135.831367,33.773353,378.55
            135.831355,33.773236,376.36
            135.831773,33.773113,369.46
            135.832148,33.773065,363.56
            135.832124,33.772854,359.6
            135.83237,33.772816,355.71
            135.832938,33.772091,339.06
            135.833506,33.77107,316.94
            135.833923,33.770688,306.54
            135.834099,33.770363,299.25
            135.83475,33.769566,279.55
            135.835334,33.769122,261.8
            135.83695,33.768469,219.02
            135.837024,33.768545,216.42
            135.837213,33.768321,209.12
            135.837426,33.767907,197.12
            135.837843,33.767432,181.45
            135.839179,33.766498,152.38
            135.839756,33.766458,143.21
            135.839994,33.766271,139.63
            135.840282,33.766125,136.36
            135.840752,33.766105,131.8
            135.841272,33.76601,126.63
            135.841536,33.76607,123.98
            135.841817,33.766092,121.24
            135.842046,33.765966,119.05
            135.842248,33.76601,117.38
            135.842745,33.765833,113.07
            135.842975,33.76597,110.82
            135.84395,33.765633,101.56
            135.84417,33.765524,98.41
            135.844471,33.765288,93.31
            135.844538,33.76507,89.98
            135.844803,33.764947,86.24
            135.844972,33.765109,83.06
            135.845271,33.765027,79.19
            135.845509,33.764836,77.26
            135.845709,33.764742,77.21
            135.845985,33.76433,77.1
            135.846074,33.764272,77.08
            135.845878,33.764086,77.02
            135.84592,33.763982,76.99
            135.845759,33.763973,76.96
            135.845664,33.76389,76.93
            135.845424,33.763071,82.84
            135.845369,33.762928,84.46
            135.844719,33.763082,90.52
            135.844158,33.763159,95.62
            135.843389,33.763182,98.31
            135.843196,33.763174,98.88
            135.842999,33.763132,99.47
            135.842763,33.763021,100.27
            135.842604,33.762831,101.08
            135.842388,33.76208,101.24
            135.842151,33.761703,99.53
            135.841988,33.761375,98.1
            135.841899,33.761006,96.59
            135.841878,33.760369,92.47
            135.841801,33.760207,90.95
            135.841877,33.759605,85.69
            135.841771,33.759301,82.94
            135.841781,33.759203,82.08
            135.841918,33.758944,79.74
            135.841979,33.75876,79.74
            135.842219,33.758335,79.74
            135.842234,33.758239,79.74
            135.842214,33.758126,79.74
            135.84216,33.757915,79.74
            135.842095,33.757701,79.74
            135.842009,33.757542,79.74
            135.841852,33.757455,79.74
            135.84213,33.75746,79.74
          </coordinates>
        </LineString>
      </Placemark>
      <Placemark>
        <name>Koguchi to Nachi Taisha</name>
        <description><![CDATA[description: Distance: 8.7 miles<br>Minimum Elevation: 316 feet<br>Maximum Elevation: 2823 feet<br>Total climb: 3068 feet<br>Total descent: 2225 feet<br>説明: <br>nom: ]]></description>
        <styleUrl>#line-7CB342-5000</styleUrl>
        <ExtendedData>
          <Data name="description">
            <value>Distance: 8.7 miles
Minimum Elevation: 316 feet
Maximum Elevation: 2823 feet
Total climb: 3068 feet
Total descent: 2225 feet</value>
          </Data>
          <Data name="説明">
            <value/>
          </Data>
          <Data name="nom">
            <value/>
          </Data>
        </ExtendedData>
        <LineString>
          <tessellate>1</tessellate>
          <coordinates>
            135.84213,33.75746,96.29
            135.842207,33.757374,96.29
            135.842378,33.757279,96.29
            135.84253,33.75716,96.29
            135.842769,33.757056,96.29
            135.842978,33.757081,96.29
            135.843146,33.75694,98.24
            135.843268,33.756887,99.72
            135.843392,33.756655,103
            135.843392,33.756509,104.89
            135.843453,33.756271,108.04
            135.843362,33.755876,113.24
            135.84322,33.755603,117.09
            135.843164,33.755178,125.82
            135.843231,33.755023,130.18
            135.843211,33.754922,132.89
            135.843231,33.754584,141.85
            135.843346,33.754099,154.93
            135.843299,33.753986,158.1
            135.842921,33.753619,171.39
            135.842844,33.753318,180.65
            135.842825,33.753122,186.56
            135.842875,33.752867,194.33
            135.843025,33.752587,203.54
            135.842954,33.75222,214.72
            135.842875,33.751807,224.8
            135.842901,33.751655,227.51
            135.843298,33.750852,242.84
            135.84336,33.750733,245.13
            135.843448,33.750662,246.93
            135.84358,33.75065,248.88
            135.843752,33.750679,251.46
            135.843891,33.750596,253.14
            135.843953,33.750499,253.42
            135.843963,33.750318,253.88
            135.844101,33.75016,254.37
            135.844408,33.749647,255.82
            135.844578,33.749418,256.5
            135.844578,33.74913,257.22
            135.844531,33.748885,257.98
            135.844229,33.748267,260.4
            135.844191,33.748139,260.87
            135.844212,33.747937,261.61
            135.844285,33.747792,262.18
            135.844714,33.747501,263.84
            135.844786,33.74738,264.41
            135.84479,33.747246,265.03
            135.844701,33.747012,266.17
            135.844501,33.746643,268.05
            135.844467,33.746504,268.71
            135.844489,33.746103,270.58
            135.844368,33.745584,273.24
            135.844156,33.745311,275.24
            135.844156,33.74499,277.22
            135.84418,33.744864,278.01
            135.844265,33.744544,280.02
            135.844338,33.7441,282.79
            135.844454,33.743751,288.25
            135.844404,33.743657,290.24
            135.84418,33.743434,295.85
            135.84411,33.743325,298.23
            135.844106,33.74317,301.22
            135.844168,33.742924,306.07
            135.844184,33.742653,311.31
            135.844328,33.741968,327.83
            135.844444,33.741689,336.23
            135.844357,33.741492,342.2
            135.844221,33.741313,348.23
            135.84427,33.740846,361.57
            135.844421,33.740667,367.79
            135.844557,33.740589,370.97
            135.845051,33.740488,379.17
            135.84533,33.740542,383.79
            135.845472,33.740512,386.15
            135.845534,33.740385,388.8
            135.845574,33.740216,392.14
            135.845734,33.740079,395.84
            135.846437,33.739708,409.58
            135.846588,33.739602,412.96
            135.846836,33.739168,422.86
            135.84705,33.738924,429.08
            135.847515,33.73812,449.82
            135.84763,33.738074,452.84
            135.848423,33.737938,472.04
            135.84877,33.73777,481.56
            135.849489,33.737741,496.31
            135.849734,33.737829,500.21
            135.85005,33.737998,505.7
            135.850154,33.737994,507.22
            135.850414,33.737762,512.79
            135.850541,33.737747,514.66
            135.850699,33.737767,517
            135.850778,33.738004,521.32
            135.850832,33.73806,522.58
            135.850977,33.738075,524.59
            135.85108,33.738116,525.86
            135.851207,33.738227,527.92
            135.851334,33.738424,530.92
            135.851703,33.738606,535.71
            135.851913,33.738834,539.57
            135.851957,33.738932,540.97
            135.852064,33.738924,542.17
            135.852121,33.738889,542.96
            135.852103,33.738632,546.42
            135.851937,33.737917,566.65
            135.852103,33.737048,594.17
            135.852138,33.736663,606.46
            135.852217,33.73638,616.73
            135.852205,33.735695,640.94
            135.852156,33.735463,649.26
            135.851987,33.735281,657.38
            135.851381,33.734514,685.96
            135.851019,33.734181,699.01
            135.850353,33.733807,718.43
            135.850329,33.733731,720.64
            135.850692,33.733477,729.21
            135.850686,33.733402,730.85
            135.850608,33.733321,733.1
            135.850542,33.732842,743.59
            135.850293,33.732242,757.38
            135.850335,33.732059,761.21
            135.850317,33.731934,763.62
            135.850174,33.731699,768.67
            135.8495,33.730479,794.3
            135.849216,33.73005,801.15
            135.849082,33.729293,811.84
            135.848398,33.728163,818.36
            135.848385,33.727976,818.16
            135.848452,33.727814,817.98
            135.848761,33.727377,817.44
            135.848755,33.726826,810.89
            135.848876,33.726584,806.28
            135.849331,33.726174,796.47
            135.849396,33.725952,792.45
            135.849387,33.725802,789.81
            135.84918,33.725556,784.85
            135.849185,33.725494,784.09
            135.849342,33.725408,782.17
            135.849329,33.725355,781.5
            135.849146,33.725239,779.15
            135.849151,33.725082,777.23
            135.849064,33.724972,775.61
            135.849078,33.724596,770.99
            135.849142,33.724423,768.77
            135.849092,33.724246,766.54
            135.849393,33.723854,763.52
            135.849576,33.72379,763.52
            135.849677,33.723705,763.52
            135.849574,33.723538,763.52
            135.849604,33.723399,763.52
            135.849604,33.723228,763.52
            135.849337,33.72278,763.53
            135.849387,33.722578,763.53
            135.849131,33.72202,767.43
            135.84907,33.721743,769.59
            135.84902,33.721248,773.4
            135.849055,33.720883,776.21
            135.849171,33.72056,779.75
            135.849337,33.720345,782.99
            135.849638,33.720115,787.29
            135.849759,33.719922,790.05
            135.850116,33.719634,795.28
            135.85016,33.719559,796.34
            135.850129,33.719429,798.02
            135.849939,33.719057,797.98
            135.849872,33.71883,795.91
            135.849866,33.718636,794.19
            135.849952,33.718473,792.62
            135.850016,33.718317,791.16
            135.850222,33.71804,788.27
            135.850438,33.717607,784.03
            135.850869,33.716919,765.77
            135.851049,33.716514,755.6
            135.851395,33.715925,741.22
            135.85141,33.715803,740.16
            135.851316,33.715072,733.78
            135.851362,33.715058,733.43
            135.851415,33.715034,732.99
            135.85154,33.714962,731.9
            135.851416,33.714712,729.55
            135.851398,33.714574,728.35
            135.851467,33.714367,726.49
            135.851605,33.714228,726.88
            135.851713,33.71412,727.47
            135.85246,33.713803,730.42
            135.852593,33.713663,731.18
            135.852676,33.713513,731.88
            135.852677,33.713489,731.98
            135.852684,33.713337,732.62
            135.852609,33.713079,733.74
            135.852689,33.712905,735.13
            135.853076,33.712766,737.91
            135.853157,33.712207,742.37
            135.85322,33.711936,744.56
            135.853384,33.711713,746.63
            135.853634,33.711456,749.26
            135.853763,33.711258,751.05
            135.853843,33.71088,754.11
            135.85398,33.71064,756.22
            135.854176,33.710409,758.47
            135.854508,33.709876,763.23
            135.854693,33.709637,765.43
            135.854731,33.709469,766.76
            135.854582,33.709164,769.31
            135.8546,33.709021,770.42
            135.854786,33.70873,772.97
            135.85539,33.708324,778.4
            135.85555,33.708081,781.11
            135.855619,33.707715,784.73
            135.855706,33.707523,786.74
            135.855817,33.707397,788.27
            135.855972,33.707346,789.63
            135.856368,33.707307,792.87
            135.856493,33.707216,794.25
            135.856579,33.707058,796.12
            135.857011,33.706505,803.24
            135.857698,33.705947,811.86
            135.858014,33.705752,813.81
            135.858192,33.705687,814.2
            135.858335,33.705681,814.49
            135.858665,33.705734,815.16
            135.858765,33.705711,815.37
            135.85881,33.705616,815.61
            135.858721,33.705518,815.91
            135.858507,33.705436,816.38
            135.858408,33.70533,816.7
            135.858421,33.704859,817.39
            135.858479,33.704672,816.51
            135.858597,33.704592,815.92
            135.858767,33.704533,815.22
            135.859053,33.704288,813.65
            135.859047,33.703555,810.29
            135.858917,33.703301,809.35
            135.858961,33.703223,809.28
            135.859114,33.702844,808.93
            135.859261,33.70263,808.72
            135.85924,33.702495,808.61
            135.859265,33.702334,808.47
            135.859333,33.702166,808.32
            135.859364,33.70209,808.25
            135.859622,33.701902,808.01
            135.859773,33.701529,806.27
            135.85997,33.701151,803.66
            135.860064,33.701022,802.7
            135.860063,33.700929,802.12
            135.860266,33.700753,800.57
            135.86028,33.700481,798.85
            135.860184,33.700291,797.55
            135.860122,33.700103,796.17
            135.860135,33.699815,793.07
            135.860225,33.69951,789.68
            135.860501,33.69908,784.43
            135.861299,33.698358,776.26
            135.861851,33.698018,774.62
            135.862152,33.697753,773.58
            135.862209,33.697675,773.32
            135.862305,33.697572,772.95
            135.862385,33.697362,772.32
            135.862581,33.697148,772.61
            135.862804,33.696987,773.64
            135.863026,33.696784,774.78
            135.863018,33.696751,774.92
            135.862943,33.6967,775.26
            135.862844,33.696566,775.91
            135.862785,33.69641,776.59
            135.862788,33.696305,777.03
            135.86279,33.696251,777.26
            135.862919,33.696196,777.76
            135.863139,33.696249,778.55
            135.86325,33.69618,779.03
            135.863321,33.696077,779.66
            135.863399,33.695802,783.83
            135.863328,33.695738,785.12
            135.863365,33.69567,786.22
            135.863683,33.695483,791
            135.863807,33.695422,792.77
            135.863897,33.695425,793.87
            135.863968,33.695312,795.75
            135.86412,33.695245,797.87
            135.864278,33.695251,799.81
            135.864946,33.695459,809.27
            135.865127,33.695495,812.18
            135.865251,33.695463,814.21
            135.865342,33.695382,816.3
            135.86548,33.695367,818.48
            135.865646,33.695388,821.11
            135.865959,33.695302,826.27
            135.86605,33.695227,828.28
            135.866106,33.695,832.64
            135.866343,33.69472,839.08
            135.86644,33.694451,841.93
            135.866658,33.694197,844.62
            135.86697,33.693976,847.56
            135.86791,33.693477,855.43
            135.86803,33.693347,855.97
            135.86841,33.692778,858.11
            135.869161,33.691963,861.03
            135.869191,33.691876,860.68
            135.869155,33.691729,860.1
            135.868926,33.691351,858.47
            135.868903,33.691138,857.64
            135.868943,33.691015,857.15
            135.869467,33.69025,851.78
            135.869613,33.69017,849.32
            135.869941,33.690076,844.44
            135.870291,33.690022,839.43
            135.870398,33.689949,837.49
            135.870919,33.689377,825.35
            135.87116,33.688957,816.16
            135.871435,33.688744,809.79
            135.871558,33.688441,803.27
            135.871716,33.687905,792.03
            135.871614,33.687372,783.32
            135.871627,33.687248,781.71
            135.872172,33.686472,770.09
            135.872738,33.68581,760.79
            135.872813,33.685686,759.48
            135.873116,33.684936,752.01
            135.87321,33.684558,748.37
            135.873446,33.683904,744.89
            135.873521,33.683555,743.48
            135.873521,33.683273,742.35
            135.873399,33.682257,737.43
            135.873352,33.681265,731.38
            135.873399,33.68104,729.99
            135.873541,33.680623,725.62
            135.873676,33.68002,717.79
            135.873777,33.679344,709.09
            135.873736,33.679282,708.19
            135.873143,33.678713,697.21
            135.873062,33.678566,694.76
            135.873035,33.678222,689.55
            135.873125,33.677946,685.22
            135.873487,33.677354,674.53
            135.873399,33.676959,667.35
            135.873386,33.676497,659.09
            135.873359,33.676401,657.33
            135.873318,33.676344,656.14
            135.873076,33.676198,651.7
            135.872981,33.676108,649.56
            135.872799,33.675742,642.38
            135.872597,33.675438,636.02
            135.872549,33.675173,631.11
            135.872664,33.674675,621.83
            135.872698,33.67419,613.42
            135.872509,33.673655,609.85
            135.872509,33.673436,608.45
            135.87259,33.673245,607.15
            135.872684,33.67316,606.41
            135.872826,33.673093,605.54
            135.873426,33.672963,602.24
            135.873763,33.672867,603.39
            135.874444,33.672551,606.16
            135.875186,33.672365,608.91
            135.87553,33.672213,609.27
            135.875995,33.67192,606.64
            135.876676,33.671734,603.4
            135.87675,33.671694,603
            135.876921,33.671535,601.84
            135.877215,33.671272,599.54
            135.877573,33.671024,593.48
            135.87778,33.670922,590.36
            135.877936,33.670872,588.18
            135.878664,33.670748,578.53
            135.878819,33.670674,576.2
            135.879001,33.670544,573.09
            135.879272,33.67029,568.19
            135.879724,33.670042,561.83
            135.879984,33.669926,558.37
            135.880224,33.669877,555.47
            135.880331,33.669834,554.07
            135.880423,33.669757,552.54
            135.880401,33.669702,551.72
            135.88028,33.669592,549.62
            135.880228,33.669484,547.97
            135.880283,33.669429,546.97
            135.880777,33.669238,543.52
            135.88094,33.669208,542.52
            135.881104,33.669097,541.25
            135.881325,33.669145,539.88
            135.881563,33.66904,538.26
            135.881669,33.668897,537.05
            135.881791,33.66887,536.29
            135.881907,33.668876,535.59
            135.882259,33.669154,532.48
            135.882952,33.669848,524.6
            135.883114,33.670186,521.42
            135.883197,33.670277,520.42
            135.883218,33.670388,519.44
            135.883278,33.670458,518.69
            135.883323,33.670585,517.21
            135.883575,33.670668,513.61
            135.883665,33.670663,512.41
            135.883754,33.670585,510.7
            135.883918,33.670659,508.22
            135.88404,33.670663,506.6
            135.884459,33.670479,500.31
            135.884556,33.670465,499
            135.884764,33.67047,496.23
            135.884878,33.670549,494.26
            135.884923,33.670623,492.94
            135.885019,33.670647,491.61
            135.886035,33.670203,470.94
            135.886083,33.67022,469.96
            135.886034,33.670536,462.72
            135.886067,33.670564,461.83
            135.886725,33.670186,446.37
            135.887158,33.669834,432.46
            135.887209,33.669935,429.44
            135.887176,33.670181,422.6
            135.887209,33.670247,420.63
            135.887246,33.670213,419.36
            135.887963,33.669915,400.95
            135.888393,33.66969,390.05
            135.88853,33.669697,387.15
            135.888706,33.669607,382.8
            135.888822,33.669497,379.09
            135.888894,33.669467,377.39
            135.889174,33.669376,371.05
            135.889262,33.6694,369.09
            135.889389,33.669477,365.78
            135.889584,33.669468,361.66
            135.889619,33.669474,360.91
            135.88965,33.669431,359.63
            135.889665,33.66941,359.01
            135.88975,33.669407,357.22
            135.889818,33.669328,354.76
            135.890074,33.669239,353.14
            135.890077,33.669186,353.14
            135.890106,33.669167,353.14
            135.890075,33.669091,353.14
            135.890067,33.669069,353.14
            135.890128,33.669055,353.14
            135.8902,33.668977,353.14
            135.890213,33.668963,353.14
            135.890228,33.668945,353.14
            135.890259,33.668907,353.14
            135.890249,33.668602,353.14
            135.890287,33.668579,353.14
            135.890398,33.668514,353.14
          </coordinates>
        </LineString>
      </Placemark>
      <Placemark>
        <name>Takijiri-oji to Chikatsuyu-oji</name>
        <description><![CDATA[description: Distance: 8.0 miles<br>Minimum Elevation: 404 feet<br>Maximum Elevation: 2299 feet<br>Total climb: 2600 feet<br>Total descent: 2050 feet<br>説明: <br>nom: ]]></description>
        <styleUrl>#line-7CB342-5000</styleUrl>
        <ExtendedData>
          <Data name="description">
            <value>Distance: 8.0 miles
Minimum Elevation: 404 feet
Maximum Elevation: 2299 feet
Total climb: 2600 feet
Total descent: 2050 feet</value>
          </Data>
          <Data name="説明">
            <value/>
          </Data>
          <Data name="nom">
            <value/>
          </Data>
        </ExtendedData>
        <LineString>
          <tessellate>1</tessellate>
          <coordinates>
            135.503625,33.775718,0
            135.503638,33.776041,0
            135.503685,33.77608,0
            135.503976,33.776142,0
            135.504433,33.77628,0
            135.504472,33.776315,0
            135.504466,33.776338,0
            135.504435,33.776402,0
            135.50432,33.77652,0
            135.504327,33.776599,0
            135.504416,33.776626,0
            135.504524,33.776588,0
            135.504782,33.776838,0
            135.505138,33.776806,0
            135.505312,33.776929,0
            135.506052,33.776947,0
            135.506484,33.776992,0
            135.507037,33.777535,0
            135.507612,33.777657,0
            135.508045,33.777607,0
            135.508748,33.777476,0
            135.509215,33.777594,0
            135.509359,33.777775,0
            135.510099,33.778132,0
            135.510924,33.778316,0
            135.511548,33.778563,0
            135.51198,33.778805,0
            135.512266,33.778853,0
            135.512412,33.779159,0
            135.512476,33.779977,0
            135.51243,33.780227,0
            135.512573,33.780677,0
            135.512531,33.781141,0
            135.512621,33.781353,0
            135.512763,33.781505,0
            135.512972,33.78164,0
            135.513273,33.781893,0
            135.513784,33.782144,0
            135.514025,33.782235,0
            135.51412,33.782367,0
            135.514151,33.782594,0
            135.51449,33.782922,0
            135.515184,33.782935,0
            135.516217,33.783066,0
            135.516454,33.783215,0
            135.516867,33.783546,0
            135.518257,33.784488,0
            135.519025,33.785119,0
            135.519646,33.785875,0
            135.520174,33.786206,0
            135.52003,33.786411,0
            135.520268,33.786646,0
            135.52045,33.786904,0
            135.520599,33.787232,0
            135.52126,33.788021,0
            135.521895,33.788596,0
            135.522589,33.789339,0
            135.523,33.789774,0
            135.52346,33.789899,0
            135.523882,33.790317,0
            135.524111,33.790746,0
            135.524216,33.791171,0
            135.524694,33.791376,0
            135.525122,33.791748,0
            135.525323,33.791955,0
            135.525466,33.792535,0
            135.52562,33.792814,0
            135.525883,33.793034,0
            135.526066,33.793442,0
            135.526349,33.79373,0
            135.526725,33.793878,0
            135.527164,33.793882,0
            135.527382,33.793942,0
            135.527753,33.794086,0
            135.528094,33.794105,0
            135.528551,33.794276,0
            135.529776,33.794525,0
            135.530045,33.794618,0
            135.53023,33.794758,0
            135.530554,33.794793,0
            135.530631,33.794853,0
            135.530853,33.79491,0
            135.530996,33.795001,0
            135.531401,33.79513,0
            135.531828,33.795062,0
            135.532038,33.795103,0
            135.532408,33.795038,0
            135.532575,33.794988,0
            135.532644,33.795038,0
            135.532836,33.795028,0
            135.533028,33.795081,0
            135.533253,33.795274,0
            135.533402,33.795051,0
            135.533389,33.795113,0
            135.533593,33.79518,0
            135.53398,33.79515,0
            135.534172,33.795097,0
            135.5343,33.795108,0
            135.534587,33.795088,0
            135.534992,33.795124,0
            135.535425,33.795221,0
            135.536037,33.795285,0
            135.536484,33.795499,0
            135.536775,33.795569,0
            135.537201,33.79552,0
            135.537612,33.795376,0
            135.537981,33.795495,0
            135.538128,33.795419,0
            135.538414,33.795642,0
            135.538762,33.795789,0
            135.539797,33.796349,0
            135.540071,33.796458,0
            135.540517,33.796769,0
            135.541191,33.797369,0
            135.541352,33.797744,0
            135.541569,33.798106,0
            135.541713,33.798181,0
            135.542031,33.798202,0
            135.542439,33.798136,0
            135.543303,33.797939,0
            135.543799,33.797971,0
            135.543997,33.798026,0
            135.544502,33.797969,0
            135.544748,33.798063,0
            135.544937,33.798099,0
            135.545264,33.798061,0
            135.545572,33.79817,0
            135.545875,33.798216,0
            135.546442,33.7984,0
            135.546586,33.798367,0
            135.546702,33.798248,0
            135.546744,33.797831,0
            135.547145,33.797329,0
            135.547557,33.797175,0
            135.547994,33.796844,0
            135.548662,33.796752,0
            135.550086,33.796155,0
            135.55072,33.796306,0
            135.551056,33.796203,0
            135.551378,33.796199,0
            135.551932,33.795894,0
            135.552339,33.795854,0
            135.552629,33.79594,0
            135.553289,33.795891,0
            135.554053,33.796044,0
            135.554529,33.796,0
            135.555401,33.79669,0
            135.556347,33.797192,0
            135.557089,33.797856,0
            135.557878,33.798352,0
            135.558272,33.798861,0
            135.558598,33.799057,0
            135.558729,33.799242,0
            135.558924,33.799802,0
            135.55915,33.799946,0
            135.559353,33.800299,0
            135.559585,33.800621,0
            135.559683,33.800826,0
            135.559927,33.800917,0
            135.560204,33.800987,0
            135.560349,33.801212,0
            135.560375,33.801377,0
            135.560484,33.801494,0
            135.560804,33.801547,0
            135.561091,33.801406,0
            135.561335,33.801475,0
            135.561498,33.801647,0
            135.561827,33.801812,0
            135.562052,33.801762,0
            135.562624,33.802062,0
            135.562951,33.802204,0
            135.563357,33.802219,0
            135.563688,33.802154,0
            135.56393,33.802162,0
            135.564225,33.802205,0
            135.564521,33.802474,0
            135.564954,33.802715,0
            135.565253,33.80303,0
            135.565569,33.80327,0
            135.565909,33.803314,0
            135.566262,33.803271,0
            135.566311,33.803763,0
            135.566714,33.804033,0
            135.567124,33.804206,0
            135.567284,33.804426,0
            135.567957,33.804708,0
            135.568347,33.804918,0
            135.56895,33.805111,0
            135.56948,33.805074,0
            135.570214,33.804991,0
            135.570441,33.805,0
            135.570893,33.805335,0
            135.571163,33.805493,0
            135.571473,33.805918,0
            135.571407,33.806133,0
            135.571586,33.806413,0
            135.572908,33.807518,0
            135.573251,33.80768,0
            135.573988,33.80756,0
            135.57421,33.807416,0
            135.574849,33.807411,0
            135.575088,33.80739,0
            135.575351,33.807905,0
            135.576327,33.808406,0
            135.576389,33.808377,0
            135.576614,33.808642,0
            135.577163,33.808772,0
            135.577881,33.809148,0
            135.578222,33.80916,0
            135.578658,33.809358,0
            135.578845,33.809332,0
            135.579206,33.809493,0
            135.579561,33.809507,0
            135.579625,33.80964,0
            135.579577,33.809868,0
            135.579913,33.810278,0
            135.580579,33.811371,0
            135.580595,33.811544,0
            135.580875,33.811598,0
            135.581166,33.811924,0
            135.581366,33.812028,0
            135.581874,33.812131,0
            135.582099,33.812261,0
            135.582367,33.812495,0
            135.58246,33.812658,0
            135.582595,33.812793,0
            135.583019,33.813179,0
            135.583277,33.813217,0
            135.5835,33.813528,0
            135.583621,33.814409,0
            135.583641,33.814565,0
            135.583722,33.814616,0
            135.58459,33.814547,0
            135.585152,33.814069,0
            135.585535,33.814,0
            135.585688,33.814041,0
            135.585899,33.813905,0
            135.585971,33.8137,0
            135.586213,33.81367,0
            135.586352,33.813631,0
            135.586482,33.813472,0
            135.586558,33.813567,0
            135.58662,33.813786,0
            135.586821,33.813685,0
            135.586938,33.813935,0
            135.58712,33.813888,0
            135.587174,33.813593,0
            135.587366,33.81371,0
            135.587591,33.814107,0
            135.587495,33.814356,0
            135.58761,33.814436,0
            135.587833,33.814436,0
            135.587967,33.814589,0
            135.588173,33.814644,0
            135.588299,33.814383,0
            135.588495,33.814593,0
            135.588535,33.814734,0
            135.588825,33.814862,0
            135.589102,33.8149,0
            135.589706,33.814876,0
            135.59029,33.814903,0
            135.590463,33.814626,0
            135.591152,33.814417,0
            135.591423,33.814064,0
            135.591653,33.813851,0
            135.592109,33.813511,0
            135.592804,33.81335,0
            135.593012,33.813142,0
            135.593401,33.813051,0
            135.593648,33.812801,0
            135.5941,33.813019,0
            135.594329,33.812979,0
            135.594925,33.812505,0
            135.595207,33.812481,0
            135.595472,33.81241,0
            135.595551,33.81243,0
            135.595867,33.812389,0
            135.59626,33.812256,0
            135.596367,33.812239,0
            135.596501,33.812329,0
            135.596751,33.812626,0
            135.596907,33.812658,0
            135.597053,33.812637,0
            135.597096,33.812593,0
            135.597142,33.812521,0
            135.597111,33.81243,0
            135.597309,33.81213,0
            135.597389,33.812079,0
            135.597541,33.812073,0
            135.597701,33.812065,0
            135.597911,33.812149,0
            135.598243,33.812121,0
            135.598313,33.811981,0
            135.59891,33.811687,0
            135.59905,33.811855,0
            135.59919,33.811864,0
            135.599409,33.81172,0
            135.60009,33.811472,0
            135.600217,33.811346,0
            135.600366,33.811256,0
            135.600777,33.811306,0
            135.600885,33.811289,0
            135.601061,33.811199,0
            135.601234,33.811059,0
            135.601649,33.81103,0
            135.602155,33.811092,0
            135.602601,33.811256,0
            135.602884,33.811414,0
            135.602957,33.811471,0
            135.602999,33.811617,0
            135.603003,33.811904,0
            135.603147,33.811928,0
            135.602938,33.812013,0
            135.60284,33.812126,0
            135.602712,33.812191,0
            135.60269,33.812259,0
            135.602768,33.812385,0
            135.602957,33.812587,0
            135.603117,33.812711,0
            135.603188,33.812846,0
            135.603188,33.813103,0
            135.603315,33.813532,0
            135.603733,33.813746,0
            135.604092,33.814029,0
            135.604209,33.814093,0
            135.604429,33.814092,0
            135.604686,33.814106,0
            135.605563,33.814171,0
            135.605629,33.814179,0
            135.60607,33.814297,0
          </coordinates>
        </LineString>
      </Placemark>
      <Placemark>
        <name>Oyunohara</name>
        <description><![CDATA[description: <br>説明: <br>nom: ]]></description>
        <styleUrl>#icon-1804-A52714</styleUrl>
        <ExtendedData>
          <Data name="description">
            <value/>
          </Data>
          <Data name="説明">
            <value/>
          </Data>
          <Data name="nom">
            <value/>
          </Data>
        </ExtendedData>
        <Point>
          <coordinates>
            135.774392,33.834441,0
          </coordinates>
        </Point>
      </Placemark>
      <Placemark>
        <name>Kamikura Shrine</name>
        <description><![CDATA[description: <br>説明: <br>nom: ]]></description>
        <styleUrl>#icon-1804-A52714</styleUrl>
        <ExtendedData>
          <Data name="description">
            <value/>
          </Data>
          <Data name="説明">
            <value/>
          </Data>
          <Data name="nom">
            <value/>
          </Data>
        </ExtendedData>
        <Point>
          <coordinates>
            135.982769,33.722167,0
          </coordinates>
        </Point>
      </Placemark>
      <Placemark>
        <name>Seiganto-ji Temple</name>
        <description><![CDATA[description: <br>説明: <br>nom: ]]></description>
        <styleUrl>#icon-1804-A52714</styleUrl>
        <ExtendedData>
          <Data name="description">
            <value/>
          </Data>
          <Data name="説明">
            <value/>
          </Data>
          <Data name="nom">
            <value/>
          </Data>
        </ExtendedData>
        <Point>
          <coordinates>
            135.889849,33.669148,0
          </coordinates>
        </Point>
      </Placemark>
      <Placemark>
        <name>Shorei-sha Shrine Tainai-Kuguri</name>
        <description><![CDATA[description: <br>説明: <br>nom: ]]></description>
        <styleUrl>#icon-1804-A52714</styleUrl>
        <ExtendedData>
          <Data name="description">
            <value/>
          </Data>
          <Data name="説明">
            <value/>
          </Data>
          <Data name="nom">
            <value/>
          </Data>
        </ExtendedData>
        <Point>
          <coordinates>
            135.89028,33.668837,0
          </coordinates>
        </Point>
      </Placemark>
      <Placemark>
        <name>Hiro Shrine</name>
        <description><![CDATA[description: <br>説明: <br>nom: ]]></description>
        <styleUrl>#icon-1804-A52714</styleUrl>
        <ExtendedData>
          <Data name="description">
            <value/>
          </Data>
          <Data name="説明">
            <value/>
          </Data>
          <Data name="nom">
            <value/>
          </Data>
        </ExtendedData>
        <Point>
          <coordinates>
            135.888166,33.673761,0
          </coordinates>
        </Point>
      </Placemark>
      <Placemark>
        <name>Takahara Kumano Shrine</name>
        <description><![CDATA[description: <br>説明: <br>nom: ]]></description>
        <styleUrl>#icon-1804-A52714</styleUrl>
        <ExtendedData>
          <Data name="description">
            <value/>
          </Data>
          <Data name="説明">
            <value/>
          </Data>
          <Data name="nom">
            <value/>
          </Data>
        </ExtendedData>
        <Point>
          <coordinates>
            135.52937,33.794257,0
          </coordinates>
        </Point>
      </Placemark>
      <Placemark>
        <name>Tsugizakura Shrine</name>
        <description><![CDATA[description: <br>説明: <br>nom: ]]></description>
        <styleUrl>#icon-1804-A52714</styleUrl>
        <ExtendedData>
          <Data name="description">
            <value/>
          </Data>
          <Data name="説明">
            <value/>
          </Data>
          <Data name="nom">
            <value/>
          </Data>
        </ExtendedData>
        <Point>
          <coordinates>
            135.634172,33.82832,0
          </coordinates>
        </Point>
      </Placemark>
      <Placemark>
        <name>Funatama Shrine</name>
        <description><![CDATA[description: <br>説明: <br>nom: ]]></description>
        <styleUrl>#icon-1804-A52714</styleUrl>
        <ExtendedData>
          <Data name="description">
            <value/>
          </Data>
          <Data name="説明">
            <value/>
          </Data>
          <Data name="nom">
            <value/>
          </Data>
        </ExtendedData>
        <Point>
          <coordinates>
            135.718381,33.856662,0
          </coordinates>
        </Point>
      </Placemark>
      <Placemark>
        <name>Inohana Shrine</name>
        <description><![CDATA[description: <br>説明: <br>nom: ]]></description>
        <styleUrl>#icon-1804-A52714</styleUrl>
        <ExtendedData>
          <Data name="description">
            <value/>
          </Data>
          <Data name="説明">
            <value/>
          </Data>
          <Data name="nom">
            <value/>
          </Data>
        </ExtendedData>
        <Point>
          <coordinates>
            135.722515,33.856893,0
          </coordinates>
        </Point>
      </Placemark>
      <Placemark>
        <name>Chikatsuyu Shrine</name>
        <description><![CDATA[description: <br>説明: <br>nom: ]]></description>
        <styleUrl>#icon-1804-A52714</styleUrl>
        <ExtendedData>
          <Data name="description">
            <value/>
          </Data>
          <Data name="説明">
            <value/>
          </Data>
          <Data name="nom">
            <value/>
          </Data>
        </ExtendedData>
        <Point>
          <coordinates>
            135.605628,33.814381,0
          </coordinates>
        </Point>
      </Placemark>
      <Placemark>
        <name>Tsugizakura-Oji</name>
        <description><![CDATA[description: <br>説明: <br>nom: ]]></description>
        <styleUrl>#icon-1804-A52714</styleUrl>
        <ExtendedData>
          <Data name="description">
            <value/>
          </Data>
          <Data name="説明">
            <value/>
          </Data>
          <Data name="nom">
            <value/>
          </Data>
        </ExtendedData>
        <Point>
          <coordinates>
            135.634172,33.82832,0
          </coordinates>
        </Point>
      </Placemark>
      <Placemark>
        <name>Oyunohara</name>
        <description><![CDATA[description: <br>説明: <br>nom: ]]></description>
        <styleUrl>#icon-1804-A52714</styleUrl>
        <ExtendedData>
          <Data name="description">
            <value/>
          </Data>
          <Data name="説明">
            <value/>
          </Data>
          <Data name="nom">
            <value/>
          </Data>
        </ExtendedData>
        <Point>
          <coordinates>
            135.774392,33.834441,0
          </coordinates>
        </Point>
      </Placemark>
      <Placemark>
        <name>Sei’un-ji Temple</name>
        <description><![CDATA[description: <br>説明: <br>nom: ]]></description>
        <styleUrl>#icon-1804-A52714</styleUrl>
        <ExtendedData>
          <Data name="description">
            <value/>
          </Data>
          <Data name="説明">
            <value/>
          </Data>
          <Data name="nom">
            <value/>
          </Data>
        </ExtendedData>
        <Point>
          <coordinates>
            135.53295,33.797415,0
          </coordinates>
        </Point>
      </Placemark>
      <Placemark>
        <name>Takijiri Ōji</name>
        <description><![CDATA[description: Picturesque Shinto shrine hidden away in old growth pine trees beside the Tonda River<br>説明: <br>nom: ]]></description>
        <styleUrl>#icon-1671-F9A825</styleUrl>
        <ExtendedData>
          <Data name="description">
            <value>Picturesque Shinto shrine hidden away in old growth pine trees beside the Tonda River</value>
          </Data>
          <Data name="説明">
            <value/>
          </Data>
          <Data name="nom">
            <value/>
          </Data>
        </ExtendedData>
        <Point>
          <coordinates>
            135.503722,33.775554,0
          </coordinates>
        </Point>
      </Placemark>
      <Placemark>
        <name>Hosshinmon-Oji</name>
        <description><![CDATA[description: <br>説明: <br>nom: ]]></description>
        <styleUrl>#icon-1671-F9A825</styleUrl>
        <ExtendedData>
          <Data name="description">
            <value/>
          </Data>
          <Data name="説明">
            <value/>
          </Data>
          <Data name="nom">
            <value/>
          </Data>
        </ExtendedData>
        <Point>
          <coordinates>
            135.720693,33.861761,0
          </coordinates>
        </Point>
      </Placemark>
      <Placemark>
        <name>Hosshinmon-oji bus stop</name>
        <description><![CDATA[description: <br>説明: <br>nom: ]]></description>
        <styleUrl>#icon-1532-F9A825</styleUrl>
        <ExtendedData>
          <Data name="description">
            <value/>
          </Data>
          <Data name="説明">
            <value/>
          </Data>
          <Data name="nom">
            <value/>
          </Data>
        </ExtendedData>
        <Point>
          <coordinates>
            135.723774,33.861114,0
          </coordinates>
        </Point>
      </Placemark>
      <Placemark>
        <name>Daimonzaka bus stop</name>
        <description><![CDATA[description: <br>説明: <br>nom: ]]></description>
        <styleUrl>#icon-1532-F9A825</styleUrl>
        <ExtendedData>
          <Data name="description">
            <value/>
          </Data>
          <Data name="説明">
            <value/>
          </Data>
          <Data name="nom">
            <value/>
          </Data>
        </ExtendedData>
        <Point>
          <coordinates>
            135.902665,33.668862,0
          </coordinates>
        </Point>
      </Placemark>
      <Placemark>
        <name>Ukegawa bus stop</name>
        <description><![CDATA[description: <br>説明: <br>nom: ]]></description>
        <styleUrl>#icon-1532-F9A825</styleUrl>
        <ExtendedData>
          <Data name="description">
            <value/>
          </Data>
          <Data name="説明">
            <value/>
          </Data>
          <Data name="nom">
            <value/>
          </Data>
        </ExtendedData>
        <Point>
          <coordinates>
            135.788332,33.821679,0
          </coordinates>
        </Point>
      </Placemark>
      <Placemark>
        <name>Takijiri bus stop</name>
        <description><![CDATA[description: <br>説明: <br>nom: ]]></description>
        <styleUrl>#icon-1532-F9A825</styleUrl>
        <ExtendedData>
          <Data name="description">
            <value/>
          </Data>
          <Data name="説明">
            <value/>
          </Data>
          <Data name="nom">
            <value/>
          </Data>
        </ExtendedData>
        <Point>
          <coordinates>
            135.503008,33.774988,0
          </coordinates>
        </Point>
      </Placemark>
      <Placemark>
        <name>Kumano Hongu Taisha</name>
        <description><![CDATA[description: Kumano Hongū Taisha is located in the centre of the Kii Mountains, at the confluence of the Kumano and Otonashi Rivers. Its original entrance is marked by the world's largest shrine gate (called Torii) - the Ōyu no hara Torii - which is 34 metres high and 42 metres wide. Being destroyed by floods (and rebuilt) a few times in its history, Kumano Hongū Taisha was relocated from its original position by the Kumano River to higher ground nearby in 1889. Among others, Kumano Hongū Taisha enshrines Izanagi, the founding father deity of Japan.<br>説明: <br>nom: ]]></description>
        <styleUrl>#icon-1671-E65100</styleUrl>
        <ExtendedData>
          <Data name="description">
            <value><![CDATA[Kumano Hongū Taisha is located in the centre of the Kii Mountains, at the confluence of the Kumano and Otonashi Rivers. Its original entrance is marked by the world's largest shrine gate (called Torii) - the Ōyu no hara Torii - which is 34 metres high and 42 metres wide. Being destroyed by floods (and rebuilt) a few times in its history, Kumano Hongū Taisha was relocated from its original position by the Kumano River to higher ground nearby in 1889. Among others, Kumano Hongū Taisha enshrines Izanagi, the founding father deity of Japan.]]></value>
          </Data>
          <Data name="説明">
            <value/>
          </Data>
          <Data name="nom">
            <value/>
          </Data>
        </ExtendedData>
        <Point>
          <coordinates>
            135.773644,33.840641,0
          </coordinates>
        </Point>
      </Placemark>
      <Placemark>
        <name>Kumano Hayatama Taisha</name>
        <description><![CDATA[description: Kumano Hayatama Taisha is located on the east coast of the Kii Peninsula, in Shingū City near the mouth of the Kumano River. The Grand Shrine is home to a sacred 850-year-old Podocarp tree, called Nagi no Ki. It is said that Izanagi and Izanami, the mythological couple that created Japan, first arrived in the area on a rock named Gotobiki Iwa. The rock marks the location of Kamikura-jinja, the original shrine, which pilgrims can reach by climbing a narrow 500-step stairway a few hundred meters south of the main complex.<br>説明: <br>nom: ]]></description>
        <styleUrl>#icon-1671-E65100</styleUrl>
        <ExtendedData>
          <Data name="description">
            <value>Kumano Hayatama Taisha is located on the east coast of the Kii Peninsula, in Shingū City near the mouth of the Kumano River. The Grand Shrine is home to a sacred 850-year-old Podocarp tree, called Nagi no Ki. It is said that Izanagi and Izanami, the mythological couple that created Japan, first arrived in the area on a rock named Gotobiki Iwa. The rock marks the location of Kamikura-jinja, the original shrine, which pilgrims can reach by climbing a narrow 500-step stairway a few hundred meters south of the main complex.</value>
          </Data>
          <Data name="説明">
            <value/>
          </Data>
          <Data name="nom">
            <value/>
          </Data>
        </ExtendedData>
        <Point>
          <coordinates>
            135.98351,33.732222,0
          </coordinates>
        </Point>
      </Placemark>
      <Placemark>
        <name>Kumano-Nachi Taisha</name>
        <description><![CDATA[description: Kumano Nachi Taisha is uniquely positioned on the side of a mountain high above the Nachi River and next to Nachi Falls - at 133 metres, Japan's tallest single-drop waterfall and the home of Hiryū Gongen, another important Shinto deity. Nachi-san (as the sacred complex is often called), is also home to Seiganto-ji, a Temple of the Tendai School of Buddhism, and a sacred 850-year-old Camphor tree, which is said to grant wishes to worshippers who walk through its hollow trunk.<br>説明: <br>nom: ]]></description>
        <styleUrl>#icon-1671-E65100</styleUrl>
        <ExtendedData>
          <Data name="description">
            <value><![CDATA[Kumano Nachi Taisha is uniquely positioned on the side of a mountain high above the Nachi River and next to Nachi Falls - at 133 metres, Japan's tallest single-drop waterfall and the home of Hiryū Gongen, another important Shinto deity. Nachi-san (as the sacred complex is often called), is also home to Seiganto-ji, a Temple of the Tendai School of Buddhism, and a sacred 850-year-old Camphor tree, which is said to grant wishes to worshippers who walk through its hollow trunk.]]></value>
          </Data>
          <Data name="説明">
            <value/>
          </Data>
          <Data name="nom">
            <value/>
          </Data>
        </ExtendedData>
        <Point>
          <coordinates>
            135.890133,33.668651,0
          </coordinates>
        </Point>
      </Placemark>
      <Placemark>
        <name>Kumano Kodo Nakahechi Museum of Art</name>
        <description><![CDATA[description: <br>説明: <br>nom: ]]></description>
        <styleUrl>#icon-1526-757575</styleUrl>
        <ExtendedData>
          <Data name="description">
            <value/>
          </Data>
          <Data name="説明">
            <value/>
          </Data>
          <Data name="nom">
            <value/>
          </Data>
        </ExtendedData>
        <Point>
          <coordinates>
            135.606116,33.813396,0
          </coordinates>
        </Point>
      </Placemark>
      <Placemark>
        <name>Chikatsuyu Cherry Garden “Sakura-no-Sono”</name>
        <description><![CDATA[description: <br>説明: <br>nom: ]]></description>
        <styleUrl>#icon-1720-0F9D58</styleUrl>
        <ExtendedData>
          <Data name="description">
            <value/>
          </Data>
          <Data name="説明">
            <value/>
          </Data>
          <Data name="nom">
            <value/>
          </Data>
        </ExtendedData>
        <Point>
          <coordinates>
            135.60368,33.813828,0
          </coordinates>
        </Point>
      </Placemark>
      <Placemark>
        <name>産巣日武道場 (Musuhi Budojo)</name>
        <description><![CDATA[description: Budo Experience! Must! https://ars-budojo.com/plan/budoexperience/<br>説明: <br>nom: ]]></description>
        <styleUrl>#icon-1788-A52714</styleUrl>
        <ExtendedData>
          <Data name="description">
            <value>Budo Experience! Must! https://ars-budojo.com/plan/budoexperience/</value>
          </Data>
          <Data name="説明">
            <value/>
          </Data>
          <Data name="nom">
            <value/>
          </Data>
        </ExtendedData>
        <Point>
          <coordinates>
            135.610576,33.816402,0
          </coordinates>
        </Point>
      </Placemark>
      <Placemark>
        <name>Trail Change</name>
        <description><![CDATA[description: <br>説明: <br>nom: ]]></description>
        <styleUrl>#icon-503-FF5252</styleUrl>
        <ExtendedData>
          <Data name="description">
            <value/>
          </Data>
          <Data name="説明">
            <value/>
          </Data>
          <Data name="nom">
            <value/>
          </Data>
        </ExtendedData>
        <Point>
          <coordinates>
            135.819234,33.807521,0
          </coordinates>
        </Point>
      </Placemark>
      <Placemark>
        <name>Iseji Route - Ushiro-ji to Banze-toge Pass</name>
        <description><![CDATA[description: Statistics computed from imported data<br><br>Distance: 16.1 miles<br>Minimum Elevation: 83 feet<br>Maximum Elevation: 1389 feet<br>Total climb: 2932 feet<br>Total descent: 2699 feet<br>説明: <br>nom: ]]></description>
        <styleUrl>#line-000000-1200</styleUrl>
        <ExtendedData>
          <Data name="description">
            <value>Statistics computed from imported data

Distance: 16.1 miles
Minimum Elevation: 83 feet
Maximum Elevation: 1389 feet
Total climb: 2932 feet
Total descent: 2699 feet</value>
          </Data>
          <Data name="説明">
            <value/>
          </Data>
          <Data name="nom">
            <value/>
          </Data>
        </ExtendedData>
        <LineString>
          <tessellate>1</tessellate>
          <coordinates>
            135.96255,33.86216,0
            135.96259,33.86211,0
            135.96206,33.86185,0
            135.96195,33.86182,0
            135.96187,33.86181,0
            135.96173,33.86186,0
            135.96164,33.86192,0
            135.96146,33.86211,0
            135.96133,33.86219,0
            135.96118,33.86219,0
            135.961,33.86209,0
            135.96058,33.86201,0
            135.96021,33.86197,0
            135.96014,33.86197,0
            135.96007,33.86201,0
            135.95984,33.86213,0
            135.95973,33.86212,0
            135.95954,33.86197,0
            135.95946,33.86194,0
            135.95908,33.86188,0
            135.95884,33.86179,0
            135.95857,33.86168,0
            135.95851,33.86166,0
            135.95822,33.86151,0
            135.95816,33.86146,0
            135.95804,33.86124,0
            135.95799,33.86119,0
            135.9579,33.86118,0
            135.95773,33.86127,0
            135.95748,33.86127,0
            135.95736,33.86125,0
            135.95728,33.8613,0
            135.95719,33.86138,0
            135.95713,33.8614,0
            135.95682,33.86143,0
            135.95669,33.86159,0
            135.95653,33.86171,0
            135.95644,33.86173,0
            135.95621,33.86175,0
            135.95613,33.86179,0
            135.9561,33.8619,0
            135.95601,33.86208,0
            135.95594,33.86212,0
            135.95585,33.8621,0
            135.9558,33.86205,0
            135.95572,33.862,0
            135.95564,33.862,0
            135.95557,33.86218,0
            135.9555,33.86231,0
            135.95542,33.86264,0
            135.95537,33.86283,0
            135.95531,33.86288,0
            135.95523,33.86288,0
            135.95484,33.86263,0
            135.95474,33.86262,0
            135.95467,33.86265,0
            135.95462,33.86271,0
            135.95461,33.86282,0
            135.95454,33.86321,0
            135.95452,33.86328,0
            135.95449,33.86332,0
            135.95445,33.86333,0
            135.95439,33.86333,0
            135.95433,33.86329,0
            135.95402,33.86295,0
            135.95394,33.86286,0
            135.9539,33.86282,0
            135.95383,33.8628,0
            135.95376,33.8628,0
            135.9537,33.86282,0
            135.95363,33.8629,0
            135.95333,33.86345,0
            135.95321,33.86346,0
            135.95305,33.86336,0
            135.95289,33.8633,0
            135.95288,33.8633,0
            135.95278,33.86325,0
            135.95264,33.86296,0
            135.95255,33.86292,0
            135.95232,33.8629,0
            135.95225,33.86293,0
            135.95203,33.86358,0
            135.95199,33.86363,0
            135.95193,33.86365,0
            135.95188,33.86363,0
            135.95182,33.86355,0
            135.95174,33.86334,0
            135.95169,33.86327,0
            135.95164,33.86324,0
            135.95156,33.86324,0
            135.95143,33.86338,0
            135.95125,33.86353,0
            135.95097,33.86367,0
            135.95091,33.86384,0
            135.95085,33.8641,0
            135.95085,33.86425,0
            135.95092,33.86444,0
            135.95088,33.86456,0
            135.95081,33.86462,0
            135.95063,33.8647,0
            135.95052,33.86473,0
            135.95036,33.86482,0
            135.95031,33.86488,0
            135.95026,33.86507,0
            135.9499,33.86592,0
            135.94986,33.86607,0
            135.94977,33.86639,0
            135.94973,33.86663,0
            135.94952,33.86674,0
            135.94933,33.86671,0
            135.94867,33.86617,0
            135.9485,33.86615,0
            135.94822,33.86588,0
            135.94805,33.86572,0
            135.94736,33.86509,0
            135.94723,33.865,0
            135.94705,33.86489,0
            135.94688,33.86482,0
            135.9468,33.86479,0
            135.9467,33.86474,0
            135.94641,33.86453,0
            135.94584,33.86421,0
            135.94568,33.86415,0
            135.9455,33.86414,0
            135.94542,33.86417,0
            135.94518,33.86423,0
            135.94509,33.86425,0
            135.94499,33.86428,0
            135.9448,33.86429,0
            135.94453,33.86424,0
            135.94401,33.86409,0
            135.94299,33.86391,0
            135.94243,33.86385,0
            135.94204,33.86386,0
            135.94192,33.86387,0
            135.94164,33.864,0
            135.94157,33.86404,0
            135.94136,33.86417,0
            135.9412,33.86434,0
            135.94109,33.86451,0
            135.94103,33.86467,0
            135.941,33.8649,0
            135.94099,33.86493,0
            135.94098,33.86513,0
            135.94094,33.8653,0
            135.94089,33.86545,0
            135.94076,33.86564,0
            135.94058,33.86587,0
            135.9403,33.86615,0
            135.94007,33.86633,0
            135.93978,33.86657,0
            135.93972,33.86661,0
            135.93962,33.86664,0
            135.93945,33.86664,0
            135.93869,33.86663,0
            135.93849,33.86662,0
            135.93847,33.86662,0
            135.9383,33.86663,0
            135.93797,33.86663,0
            135.93762,33.86657,0
            135.93727,33.86657,0
            135.93703,33.86663,0
            135.93664,33.86679,0
            135.93645,33.86689,0
            135.93631,33.86698,0
            135.93609,33.86729,0
            135.93585,33.86753,0
            135.93555,33.86779,0
            135.9351,33.86805,0
            135.93491,33.86811,0
            135.93441,33.86822,0
            135.93408,33.86831,0
            135.93387,33.8684,0
            135.93356,33.86853,0
            135.93328,33.86865,0
            135.93316,33.86869,0
            135.93274,33.8688,0
            135.93254,33.86884,0
            135.93223,33.86898,0
            135.93189,33.86911,0
            135.93178,33.86915,0
            135.93146,33.86922,0
            135.93117,33.86924,0
            135.93084,33.86924,0
            135.93063,33.86922,0
            135.93029,33.86915,0
            135.93013,33.86915,0
            135.92998,33.86918,0
            135.92899,33.86969,0
            135.92897,33.86973,0
            135.92888,33.86985,0
            135.92884,33.86995,0
            135.92882,33.87004,0
            135.92881,33.87014,0
            135.92865,33.87015,0
            135.92856,33.87015,0
            135.92848,33.87023,0
            135.92841,33.87039,0
            135.92835,33.87063,0
            135.92824,33.87088,0
            135.92797,33.87131,0
            135.92766,33.87173,0
            135.92759,33.87182,0
            135.92751,33.87187,0
            135.92735,33.87187,0
            135.92729,33.8718,0
            135.92725,33.87169,0
            135.92725,33.87152,0
            135.92746,33.87103,0
            135.92748,33.8709,0
            135.92742,33.87082,0
            135.92723,33.87078,0
            135.92712,33.87079,0
            135.92706,33.87082,0
            135.9269,33.87095,0
            135.92655,33.87129,0
            135.92649,33.87132,0
            135.92643,33.87134,0
            135.92624,33.87138,0
            135.926,33.87129,0
            135.9255,33.87109,0
            135.92502,33.87042,0
            135.92498,33.87034,0
            135.92504,33.87019,0
            135.92509,33.87011,0
            135.92539,33.86988,0
            135.92553,33.86973,0
            135.92559,33.86962,0
            135.92563,33.86949,0
            135.92568,33.86939,0
            135.92595,33.86913,0
            135.92604,33.869,0
            135.92607,33.86894,0
            135.92607,33.86884,0
            135.92603,33.8688,0
            135.92592,33.86878,0
            135.9258,33.8688,0
            135.92556,33.86883,0
            135.92532,33.86881,0
            135.92501,33.86883,0
            135.9241,33.86937,0
            135.92326,33.86981,0
            135.92308,33.86991,0
            135.9229,33.86997,0
            135.9228,33.87,0
            135.92264,33.87001,0
            135.92242,33.87001,0
            135.92219,33.86997,0
            135.92205,33.86993,0
            135.92188,33.86984,0
            135.92142,33.86949,0
            135.92121,33.86938,0
            135.92107,33.86932,0
            135.92094,33.86929,0
            135.92063,33.86925,0
            135.92031,33.86908,0
            135.92009,33.86901,0
            135.91998,33.86895,0
            135.91985,33.86886,0
            135.91957,33.8686,0
            135.91941,33.86843,0
            135.91933,33.86838,0
            135.91919,33.86832,0
            135.91902,33.86822,0
            135.91884,33.86807,0
            135.91869,33.868,0
            135.91844,33.86792,0
            135.91832,33.86781,0
            135.91815,33.86771,0
            135.91784,33.86756,0
            135.9178,33.86751,0
            135.91772,33.86733,0
            135.91765,33.86723,0
            135.91758,33.86717,0
            135.91744,33.86708,0
            135.91697,33.86686,0
            135.91693,33.86679,0
            135.91686,33.86659,0
            135.9168,33.86647,0
            135.91665,33.86629,0
            135.91644,33.86608,0
            135.91637,33.86603,0
            135.91626,33.86604,0
            135.91624,33.86614,0
            135.91636,33.8665,0
            135.91637,33.86661,0
            135.91637,33.86691,0
            135.91635,33.86695,0
            135.91629,33.867,0
            135.91622,33.867,0
            135.91601,33.8669,0
            135.91593,33.86685,0
            135.91584,33.86675,0
            135.91576,33.86663,0
            135.91573,33.86661,0
            135.91569,33.86659,0
            135.9156,33.86662,0
            135.91555,33.86737,0
            135.91548,33.8674,0
            135.9152,33.86726,0
            135.91508,33.86721,0
            135.91499,33.86721,0
            135.91491,33.8672,0
            135.91494,33.86703,0
            135.91489,33.86696,0
            135.91482,33.86692,0
            135.91468,33.8669,0
            135.91462,33.86692,0
            135.91443,33.86717,0
            135.91429,33.86726,0
            135.91408,33.86738,0
            135.91405,33.86745,0
            135.91416,33.86778,0
            135.91417,33.86787,0
            135.91414,33.86792,0
            135.91407,33.86801,0
            135.91388,33.86813,0
            135.91371,33.86823,0
            135.91369,33.86829,0
            135.91371,33.86838,0
            135.91378,33.86853,0
            135.91397,33.86876,0
            135.91399,33.86884,0
            135.91395,33.8689,0
            135.91383,33.86894,0
            135.91371,33.86894,0
            135.91353,33.86886,0
            135.91341,33.86881,0
            135.91324,33.86877,0
            135.91302,33.86864,0
            135.91288,33.86861,0
            135.91283,33.86859,0
            135.91266,33.86852,0
            135.91255,33.86843,0
            135.91234,33.86819,0
            135.91226,33.86819,0
            135.91222,33.8682,0
            135.91217,33.86825,0
            135.91211,33.86843,0
            135.91211,33.86864,0
            135.91224,33.86898,0
            135.91224,33.86907,0
            135.91222,33.8691,0
            135.91214,33.86914,0
            135.91207,33.86913,0
            135.91196,33.86906,0
            135.91185,33.86891,0
            135.91175,33.86879,0
            135.91151,33.86861,0
            135.91139,33.86848,0
            135.91126,33.86829,0
            135.91114,33.86786,0
            135.91106,33.86776,0
            135.91097,33.8677,0
            135.91086,33.86766,0
            135.91072,33.86767,0
            135.91063,33.86769,0
            135.91053,33.86778,0
            135.91045,33.86783,0
            135.91038,33.86785,0
            135.90999,33.86786,0
            135.90967,33.86799,0
            135.90957,33.86799,0
            135.90947,33.8679,0
            135.9093,33.8677,0
            135.90922,33.86761,0
            135.90916,33.86758,0
            135.90907,33.86756,0
            135.90883,33.86755,0
            135.90867,33.86758,0
            135.90855,33.86764,0
            135.90851,33.86771,0
            135.9084,33.86789,0
            135.90826,33.86797,0
            135.90821,33.86797,0
            135.90816,33.86797,0
            135.90806,33.86786,0
            135.90799,33.86776,0
            135.9079,33.86764,0
            135.90783,33.86764,0
            135.90778,33.86767,0
            135.90768,33.86776,0
            135.90758,33.86784,0
            135.90747,33.86788,0
            135.90735,33.86788,0
            135.90729,33.8678,0
            135.90726,33.8677,0
            135.90725,33.86742,0
            135.90726,33.86726,0
            135.90721,33.8672,0
            135.90713,33.86709,0
            135.90712,33.86703,0
            135.90717,33.86694,0
            135.9072,33.86689,0
            135.90722,33.86682,0
            135.90708,33.86655,0
            135.90699,33.86644,0
            135.90688,33.86642,0
            135.90663,33.8664,0
            135.90651,33.86638,0
            135.90645,33.86635,0
            135.90637,33.86628,0
            135.90616,33.86604,0
            135.90614,33.86597,0
            135.90615,33.86591,0
            135.90625,33.86574,0
            135.90625,33.86571,0
            135.90624,33.86564,0
            135.90621,33.8656,0
            135.90598,33.86526,0
            135.90582,33.86507,0
            135.9057,33.86493,0
            135.90564,33.8648,0
            135.90557,33.86445,0
            135.90552,33.86432,0
            135.90539,33.86411,0
            135.90529,33.864,0
            135.90512,33.8639,0
            135.90497,33.86382,0
            135.90476,33.86375,0
            135.90466,33.86377,0
            135.90439,33.86393,0
            135.90433,33.86394,0
            135.90424,33.86389,0
            135.90422,33.86382,0
            135.90453,33.86315,0
            135.90462,33.86292,0
            135.90463,33.86281,0
            135.9046,33.86274,0
            135.9045,33.86264,0
            135.90428,33.86245,0
            135.90423,33.8624,0
            135.90411,33.8622,0
            135.90403,33.8621,0
            135.90397,33.86208,0
            135.90359,33.8621,0
            135.90355,33.86209,0
            135.90347,33.86206,0
            135.90329,33.86194,0
            135.90317,33.86184,0
            135.90312,33.8619,0
            135.90317,33.86184,0
            135.90314,33.86182,0
            135.90314,33.86155,0
            135.90321,33.8614,0
            135.90334,33.86126,0
            135.90345,33.86116,0
            135.90355,33.86111,0
            135.90387,33.861,0
            135.9041,33.86095,0
            135.90414,33.86093,0
            135.90426,33.86089,0
            135.90484,33.8606,0
            135.90507,33.8605,0
            135.90519,33.86044,0
            135.90534,33.86034,0
            135.90552,33.86016,0
            135.90591,33.8597,0
            135.90606,33.8596,0
            135.9065,33.85933,0
            135.90669,33.85923,0
            135.90675,33.85916,0
            135.90676,33.85911,0
            135.90668,33.85899,0
            135.90662,33.85892,0
            135.90654,33.85887,0
            135.90634,33.85878,0
            135.90622,33.8587,0
            135.90605,33.85852,0
            135.90588,33.85839,0
            135.90565,33.85829,0
            135.90539,33.85821,0
            135.90524,33.85813,0
            135.90506,33.85795,0
            135.90496,33.85782,0
            135.90485,33.85764,0
            135.90472,33.85735,0
            135.90471,33.85723,0
            135.90474,33.85712,0
            135.90479,33.85702,0
            135.90491,33.85688,0
            135.9051,33.85673,0
            135.90529,33.85659,0
            135.90538,33.85647,0
            135.90543,33.85634,0
            135.90546,33.85617,0
            135.90546,33.85612,0
            135.90545,33.85591,0
            135.90537,33.85554,0
            135.90531,33.8553,0
            135.90531,33.85504,0
            135.90535,33.85484,0
            135.90534,33.85447,0
            135.90527,33.85408,0
            135.9052,33.85368,0
            135.90515,33.85357,0
            135.90509,33.85351,0
            135.90504,33.85346,0
            135.90495,33.85343,0
            135.90475,33.85339,0
            135.90443,33.85329,0
            135.90414,33.85325,0
            135.90399,33.85326,0
            135.90376,33.85329,0
            135.90364,33.85329,0
            135.90355,33.85321,0
            135.90348,33.85307,0
            135.90333,33.85288,0
            135.90325,33.85272,0
            135.90321,33.85259,0
            135.90304,33.85237,0
            135.90301,33.8523,0
            135.90303,33.85218,0
            135.90308,33.85208,0
            135.90319,33.85197,0
            135.90327,33.85192,0
            135.90354,33.8519,0
            135.90362,33.85185,0
            135.90366,33.85177,0
            135.90365,33.85168,0
            135.90355,33.85147,0
            135.90348,33.85137,0
            135.90348,33.85131,0
            135.90355,33.85112,0
            135.90355,33.85107,0
            135.90354,33.85103,0
            135.90348,33.85099,0
            135.90345,33.85095,0
            135.90339,33.85103,0
            135.90333,33.85109,0
            135.9033,33.85118,0
            135.90323,33.8514,0
            135.90319,33.85147,0
            135.9031,33.85155,0
            135.90268,33.85178,0
            135.90262,33.8518,0
            135.90258,33.85183,0
            135.9024,33.85192,0
            135.90234,33.85189,0
            135.90216,33.85172,0
            135.90191,33.85152,0
            135.90184,33.85145,0
            135.9018,33.85137,0
            135.90175,33.85123,0
            135.9017,33.85104,0
            135.90162,33.85096,0
            135.90146,33.85085,0
            135.90124,33.85076,0
            135.90112,33.85066,0
            135.90099,33.85046,0
            135.90092,33.8504,0
            135.90068,33.85033,0
            135.90054,33.85028,0
            135.90039,33.85018,0
            135.90024,33.85005,0
            135.90018,33.84998,0
            135.90003,33.84993,0
            135.89981,33.8499,0
            135.89972,33.84987,0
            135.89968,33.84983,0
            135.89966,33.84958,0
            135.89958,33.84944,0
            135.89957,33.84905,0
            135.89952,33.84893,0
            135.89941,33.84884,0
            135.89937,33.84883,0
            135.89923,33.84878,0
            135.89883,33.84872,0
            135.8987,33.84868,0
            135.8986,33.8486,0
            135.89844,33.84829,0
            135.89839,33.84813,0
            135.89828,33.84777,0
            135.89826,33.84751,0
            135.89827,33.84726,0
            135.89824,33.84707,0
            135.89823,33.84705,0
            135.89817,33.84689,0
            135.89804,33.84661,0
            135.89777,33.84609,0
            135.89758,33.84581,0
            135.89758,33.84539,0
            135.89754,33.84512,0
            135.89756,33.84449,0
            135.89756,33.84406,0
            135.89753,33.84396,0
            135.89746,33.84386,0
            135.89733,33.84374,0
            135.8973,33.84367,0
            135.8973,33.84349,0
            135.89733,33.84349,0
            135.89769,33.84334,0
            135.89776,33.84323,0
            135.89781,33.84299,0
            135.89786,33.84281,0
            135.89795,33.84259,0
            135.89802,33.84235,0
            135.89803,33.84219,0
            135.89794,33.84201,0
            135.89792,33.84199,0
            135.89787,33.84186,0
            135.89787,33.8418,0
            135.89806,33.84152,0
            135.89814,33.84132,0
            135.89818,33.84114,0
            135.89818,33.84107,0
            135.89819,33.84101,0
            135.8982,33.84085,0
            135.89819,33.84078,0
            135.89816,33.84072,0
            135.89809,33.84067,0
            135.89786,33.84058,0
            135.89779,33.84054,0
            135.89771,33.84046,0
            135.89766,33.84035,0
            135.89763,33.84021,0
            135.89766,33.83998,0
            135.89755,33.8397,0
            135.89754,33.83938,0
            135.89751,33.8393,0
            135.89744,33.83922,0
            135.89733,33.83917,0
            135.89717,33.83909,0
            135.89707,33.83902,0
            135.89682,33.83879,0
            135.89672,33.83874,0
            135.89658,33.83875,0
            135.8964,33.83875,0
            135.89629,33.83873,0
            135.89619,33.83868,0
            135.89608,33.83859,0
            135.89598,33.83846,0
            135.89587,33.83832,0
            135.89579,33.83823,0
            135.89572,33.83817,0
            135.89548,33.83794,0
            135.8954,33.83792,0
            135.89532,33.8379,0
            135.89522,33.83796,0
            135.89515,33.83797,0
            135.89506,33.83795,0
            135.89492,33.83788,0
            135.89475,33.83784,0
            135.89452,33.83781,0
            135.89433,33.83776,0
            135.89419,33.83766,0
            135.89413,33.8375,0
            135.89382,33.83757,0
            135.8935,33.83755,0
            135.8931,33.83754,0
            135.89297,33.8375,0
            135.89291,33.83746,0
            135.89284,33.83743,0
            135.89262,33.83732,0
            135.8925,33.83724,0
            135.89226,33.8372,0
            135.89202,33.83714,0
            135.89187,33.83706,0
            135.89178,33.83694,0
            135.89168,33.83676,0
            135.89159,33.83657,0
            135.89148,33.83634,0
            135.89139,33.83623,0
            135.89128,33.83613,0
            135.89107,33.83604,0
            135.89086,33.83593,0
            135.89071,33.83583,0
            135.8906,33.83569,0
            135.8905,33.83556,0
            135.89041,33.83543,0
            135.89006,33.83481,0
            135.89004,33.83461,0
            135.89006,33.83439,0
            135.89018,33.83416,0
            135.89023,33.83393,0
            135.89022,33.83377,0
            135.89011,33.83364,0
            135.89,33.83355,0
            135.88973,33.83331,0
            135.88932,33.83297,0
            135.88927,33.83292,0
            135.88905,33.83276,0
            135.88881,33.83265,0
            135.88856,33.83258,0
            135.88847,33.83249,0
            135.8884,33.83234,0
            135.88835,33.83226,0
            135.88823,33.83209,0
            135.88794,33.83171,0
            135.88774,33.83149,0
            135.88773,33.83149,0
            135.88764,33.8314,0
            135.88743,33.83122,0
            135.88723,33.8311,0
            135.88706,33.83102,0
            135.88693,33.83098,0
            135.88677,33.83094,0
            135.88663,33.83092,0
            135.88648,33.83093,0
            135.88628,33.83102,0
            135.88614,33.83105,0
            135.88606,33.83106,0
            135.886,33.83104,0
            135.88575,33.83087,0
            135.8854,33.83063,0
            135.88536,33.83061,0
            135.88486,33.83025,0
            135.88443,33.8299,0
            135.88427,33.82974,0
            135.88343,33.8291,0
            135.88325,33.82899,0
            135.88308,33.82896,0
            135.88291,33.82892,0
            135.88263,33.82886,0
            135.88245,33.82881,0
            135.88204,33.82865,0
            135.88161,33.82847,0
            135.88109,33.82824,0
            135.8807,33.82795,0
            135.88035,33.82777,0
            135.88031,33.82776,0
            135.88027,33.82774,0
            135.88004,33.82765,0
            135.87956,33.82744,0
            135.87913,33.82738,0
            135.8787,33.82742,0
            135.87862,33.82743,0
            135.87856,33.82744,0
            135.87836,33.82748,0
            135.87812,33.82748,0
            135.87801,33.82746,0
            135.87747,33.8272,0
            135.87719,33.82706,0
            135.87699,33.82695,0
            135.87691,33.82687,0
            135.87667,33.82651,0
            135.87654,33.82626,0
            135.87651,33.82617,0
            135.87651,33.826,0
            135.87662,33.82535,0
            135.87666,33.82506,0
            135.87668,33.82476,0
            135.87665,33.82435,0
            135.8766,33.82421,0
            135.87644,33.82398,0
            135.87641,33.8239,0
            135.87633,33.82369,0
            135.87623,33.82356,0
            135.87612,33.82347,0
            135.87601,33.82341,0
            135.8757,33.82329,0
            135.87498,33.82296,0
            135.87402,33.82262,0
            135.8737,33.82247,0
            135.87357,33.82237,0
            135.87339,33.82223,0
            135.87329,33.82212,0
            135.87311,33.82189,0
            135.87293,33.82163,0
            135.87283,33.82154,0
            135.87276,33.82149,0
            135.87259,33.82137,0
            135.87221,33.82119,0
            135.8717,33.82092,0
            135.87135,33.82066,0
            135.87121,33.82054,0
            135.87105,33.82031,0
            135.87093,33.81998,0
            135.87091,33.81956,0
            135.87088,33.8192,0
            135.8708,33.81893,0
            135.87068,33.81874,0
            135.87002,33.81784,0
            135.86977,33.81752,0
            135.86962,33.81744,0
            135.86942,33.81737,0
            135.86921,33.81732,0
            135.86899,33.81729,0
            135.86842,33.81725,0
            135.86741,33.81721,0
            135.86714,33.8172,0
            135.86686,33.81716,0
            135.86679,33.81715,0
            135.86666,33.81712,0
            135.86649,33.81705,0
            135.8662,33.8169,0
            135.8657,33.81659,0
            135.86565,33.81655,0
            135.86549,33.81645,0
            135.86531,33.81627,0
            135.86514,33.81607,0
            135.86499,33.81586,0
            135.86487,33.81561,0
            135.86485,33.8155,0
            135.86485,33.81517,0
            135.86491,33.81498,0
            135.86497,33.81486,0
            135.86512,33.81459,0
            135.86531,33.81432,0
            135.86558,33.814,0
            135.8662,33.81324,0
            135.86668,33.81345,0
            135.86717,33.81367,0
            135.8673,33.81369,0
            135.86741,33.81365,0
            135.86747,33.8136,0
            135.86752,33.81355,0
            135.86753,33.81349,0
            135.8678,33.81264,0
            135.86796,33.81214,0
            135.86802,33.81194,0
            135.86809,33.81185,0
            135.86817,33.81178,0
            135.86833,33.8117,0
            135.86844,33.81165,0
            135.8693,33.8113,0
            135.87001,33.81105,0
            135.87125,33.81065,0
            135.87143,33.81062,0
            135.87198,33.81062,0
            135.87217,33.81062,0
            135.87235,33.81054,0
            135.87262,33.81043,0
            135.8729,33.81029,0
            135.87294,33.81027,0
            135.87307,33.8102,0
            135.87315,33.81011,0
            135.87322,33.80997,0
            135.87321,33.80983,0
            135.87317,33.80964,0
            135.87299,33.80941,0
            135.87119,33.80724,0
            135.87114,33.80718,0
            135.8711,33.80714,0
            135.87106,33.80711,0
            135.87101,33.80708,0
            135.87098,33.80705,0
            135.87097,33.80702,0
            135.87097,33.80698,0
            135.87099,33.80694,0
            135.87102,33.80691,0
            135.87107,33.80689,0
            135.87114,33.80688,0
            135.8712,33.8069,0
            135.87125,33.80694,0
            135.87134,33.807,0
            135.87138,33.80703,0
            135.87143,33.80704,0
            135.87148,33.80705,0
            135.87154,33.80704,0
            135.87158,33.80702,0
            135.87164,33.80698,0
            135.8722,33.80654,0
            135.87269,33.8061,0
            135.87272,33.80608,0
            135.87276,33.80606,0
            135.87279,33.80606,0
            135.87281,33.80609,0
            135.87283,33.80611,0
            135.87292,33.80619,0
            135.87218,33.80668,0
            135.8715,33.80716,0
            135.87136,33.80727,0
            135.8712,33.80738,0
            135.87106,33.80747,0
            135.87096,33.80752,0
            135.87083,33.80758,0
            135.87069,33.80763,0
            135.87057,33.80768,0
            135.86956,33.80807,0
            135.86811,33.80869,0
            135.86632,33.80944,0
            135.86585,33.80961,0
            135.86545,33.80973,0
            135.8648,33.8099,0
            135.86442,33.80998,0
            135.86408,33.81005,0
            135.86378,33.81009,0
            135.86353,33.81012,0
            135.86334,33.81015,0
            135.86317,33.81019,0
            135.86304,33.81024,0
            135.86294,33.81032,0
            135.86279,33.81048,0
            135.86262,33.8107,0
            135.86252,33.81081,0
            135.8624,33.81092,0
            135.86225,33.81104,0
            135.86132,33.81172,0
            135.86113,33.81185,0
            135.86093,33.81196,0
            135.8603,33.81232,0
            135.86014,33.81241,0
            135.86,33.81251,0
            135.85987,33.81262,0
            135.85892,33.81363,0
            135.85881,33.81375,0
            135.85873,33.81382,0
            135.85865,33.81388,0
            135.85852,33.81395,0
            135.85838,33.81401,0
            135.85822,33.81407,0
            135.85796,33.81415,0
            135.85767,33.81424,0
            135.85737,33.81407,0
            135.85729,33.81402,0
            135.85721,33.81383,0
            135.85715,33.81361,0
            135.8571,33.81339,0
            135.85703,33.81316,0
            135.85694,33.813,0
            135.85677,33.8128,0
            135.85653,33.81261,0
            135.85638,33.81253,0
            135.85629,33.8125,0
            135.85607,33.81244,0
            135.85587,33.81241,0
            135.8558,33.81239,0
            135.85564,33.81237,0
            135.85557,33.81235,0
            135.8555,33.81229,0
            135.855,33.81182,0
            135.85495,33.81174,0
            135.85481,33.81151,0
            135.85478,33.81117,0
            135.85468,33.81097,0
            135.85461,33.81087,0
            135.85425,33.81085,0
            135.85412,33.81082,0
            135.85408,33.81081,0
            135.85388,33.81067,0
            135.85362,33.81051,0
            135.85354,33.81044,0
            135.85348,33.81037,0
            135.85345,33.81029,0
            135.85344,33.80993,0
            135.85345,33.80948,0
            135.85343,33.80944,0
            135.85338,33.80938,0
            135.85334,33.80936,0
            135.85326,33.80935,0
            135.85271,33.80924,0
            135.85221,33.80917,0
            135.85206,33.80915,0
            135.85195,33.80913,0
            135.85189,33.80911,0
            135.85173,33.809,0
            135.85162,33.80887,0
            135.85137,33.80864,0
            135.85106,33.80837,0
            135.85069,33.80816,0
            135.8505,33.8081,0
            135.85024,33.80798,0
            135.8501,33.80799,0
            135.85004,33.80801,0
            135.84992,33.80805,0
            135.84968,33.80817,0
            135.84961,33.80824,0
            135.84945,33.80835,0
            135.84933,33.80835,0
            135.84922,33.80832,0
            135.8489,33.80819,0
            135.84878,33.80814,0
            135.84875,33.80812,0
            135.84802,33.8078,0
            135.84758,33.80758,0
            135.84733,33.80747,0
            135.84766,33.80779,0
            135.84801,33.80802,0
            135.84806,33.80809,0
            135.84801,33.80816,0
            135.84775,33.8081,0
            135.8475,33.80804,0
            135.84725,33.80797,0
            135.84698,33.80785,0
            135.84669,33.80766,0
            135.84652,33.80757,0
            135.84635,33.80753,0
            135.84609,33.80753,0
            135.84585,33.80756,0
            135.84573,33.8076,0
            135.84565,33.80763,0
            135.84543,33.80771,0
            135.84532,33.80771,0
            135.84525,33.80768,0
            135.84517,33.8076,0
            135.8451,33.80751,0
            135.84505,33.8075,0
            135.84498,33.80751,0
            135.84442,33.80778,0
            135.84422,33.80788,0
            135.84407,33.80789,0
            135.84397,33.80786,0
            135.84397,33.80779,0
            135.84424,33.80761,0
            135.84437,33.80749,0
            135.8445,33.8073,0
            135.84467,33.80716,0
            135.84471,33.80712,0
            135.84467,33.80706,0
            135.84462,33.80706,0
            135.84433,33.80723,0
            135.84409,33.80737,0
            135.84364,33.80756,0
            135.8435,33.8076,0
            135.84324,33.80763,0
            135.84291,33.80765,0
            135.84279,33.80767,0
            135.84268,33.80772,0
            135.84265,33.80774,0
            135.84257,33.80779,0
            135.84217,33.80822,0
            135.84178,33.80874,0
            135.84163,33.80894,0
            135.84159,33.80899,0
            135.84148,33.80911,0
            135.84143,33.8091,0
            135.8414,33.8091,0
            135.84137,33.80908,0
            135.84135,33.80894,0
            135.84128,33.80851,0
            135.84125,33.80829,0
            135.84122,33.80817,0
            135.84115,33.80811,0
            135.8411,33.80811,0
            135.84108,33.8081,0
            135.84096,33.80823,0
            135.84075,33.80863,0
            135.84064,33.80878,0
            135.84052,33.80888,0
            135.84025,33.80902,0
            135.84014,33.80903,0
            135.84005,33.80901,0
            135.83985,33.80887,0
            135.83975,33.80877,0
            135.83969,33.80873,0
            135.83959,33.80872,0
            135.83923,33.80883,0
            135.83905,33.80883,0
            135.83898,33.80882,0
            135.83889,33.80875,0
            135.83903,33.80865,0
            135.83911,33.80858,0
            135.83912,33.80855,0
            135.83958,33.80815,0
            135.83977,33.80794,0
            135.83981,33.80788,0
            135.83977,33.80775,0
            135.83972,33.80774,0
            135.83966,33.8077,0
            135.8395,33.80768,0
            135.83944,33.80767,0
            135.83919,33.80758,0
            135.83911,33.80753,0
            135.83896,33.80737,0
            135.83888,33.80733,0
            135.83857,33.80722,0
            135.83838,33.80711,0
            135.83822,33.80701,0
            135.83812,33.80702,0
            135.83805,33.80707,0
            135.83806,33.80713,0
            135.83809,33.8072,0
            135.83826,33.80733,0
            135.83834,33.80741,0
            135.83838,33.8075,0
            135.83838,33.80765,0
            135.83826,33.80777,0
            135.8382,33.80781,0
            135.83809,33.80786,0
            135.83793,33.80791,0
            135.83772,33.80794,0
            135.83744,33.80795,0
            135.83718,33.80791,0
            135.83697,33.8079,0
            135.83686,33.80788,0
            135.83663,33.80788,0
            135.83651,33.8079,0
            135.83592,33.80816,0
            135.83582,33.80823,0
            135.83573,33.80832,0
            135.83574,33.80845,0
            135.83574,33.80858,0
            135.83569,33.80864,0
            135.83565,33.80867,0
            135.83554,33.80867,0
            135.83546,33.80862,0
            135.83543,33.80854,0
            135.83543,33.80823,0
            135.83539,33.80804,0
            135.83539,33.80794,0
            135.83543,33.80779,0
            135.83547,33.80774,0
            135.83574,33.80751,0
            135.83579,33.80744,0
            135.83585,33.8073,0
            135.83586,33.80723,0
            135.83583,33.80714,0
            135.83581,33.80709,0
            135.8357,33.80692,0
            135.83559,33.80686,0
            135.83529,33.80674,0
            135.83514,33.80672,0
            135.83507,33.8067,0
            135.83475,33.80668,0
            135.83458,33.80664,0
            135.83442,33.80662,0
            135.83429,33.8066,0
            135.83391,33.80654,0
            135.83379,33.80651,0
            135.83352,33.8065,0
            135.83344,33.80654,0
            135.83334,33.80667,0
            135.83333,33.8067,0
            135.83309,33.80665,0
            135.83303,33.80662,0
            135.83283,33.80645,0
            135.83257,33.80631,0
            135.8324,33.80629,0
            135.83217,33.80629,0
            135.83199,33.80632,0
            135.83186,33.80633,0
            135.83159,33.80631,0
            135.83127,33.80604,0
            135.83108,33.80581,0
            135.83094,33.80563,0
            135.83085,33.80555,0
            135.83054,33.80551,0
            135.83037,33.80547,0
            135.83026,33.80538,0
            135.83001,33.80517,0
            135.8297,33.8051,0
            135.82961,33.80508,0
            135.82954,33.80509,0
            135.8291,33.80518,0
            135.82879,33.80525,0
            135.82856,33.80533,0
            135.82841,33.80535,0
            135.8278,33.80538,0
            135.82773,33.80538,0
            135.82707,33.80544,0
            135.82661,33.80546,0
            135.82638,33.80542,0
            135.82616,33.80535,0
            135.82585,33.80516,0
            135.82574,33.80507,0
            135.82555,33.80502,0
            135.82551,33.80511,0
            135.82539,33.80528,0
            135.82524,33.80544,0
            135.82508,33.80555,0
            135.82466,33.80573,0
            135.82456,33.8058,0
            135.82446,33.8059,0
            135.82438,33.80599,0
            135.82429,33.80621,0
            135.82424,33.80648,0
            135.82404,33.8067,0
            135.824,33.80673,0
            135.82342,33.80684,0
            135.82322,33.80691,0
            135.8231,33.80698,0
            135.82288,33.80716,0
            135.82279,33.8072,0
            135.82269,33.80721,0
            135.8226,33.80718,0
            135.82249,33.80711,0
            135.82244,33.80706,0
            135.8222,33.80674,0
            135.82199,33.80649,0
            135.82176,33.8063,0
            135.82169,33.80629,0
            135.82158,33.80642,0
            135.82153,33.80649,0
            135.8213,33.80671,0
            135.82111,33.80684,0
            135.82101,33.80689,0
            135.82061,33.80711,0
            135.82054,33.80715,0
            135.82053,33.80717,0
            135.82041,33.80721,0
            135.82036,33.80724,0
            135.82018,33.80729,0
            135.81991,33.80741,0
            135.8197,33.80747,0
            135.81947,33.80746,0
            135.81931,33.80748,0
          </coordinates>
        </LineString>
      </Placemark>
      <Placemark>
        <name>End of Trail: River</name>
        <description><![CDATA[description: <br>説明: <br>nom: ]]></description>
        <styleUrl>#icon-503-FF5252</styleUrl>
        <ExtendedData>
          <Data name="description">
            <value/>
          </Data>
          <Data name="説明">
            <value/>
          </Data>
          <Data name="nom">
            <value/>
          </Data>
        </ExtendedData>
        <Point>
          <coordinates>
            135.872769,33.805998,0
          </coordinates>
        </Point>
      </Placemark>
      <Placemark>
        <name>Kumano Boat River Cruise</name>
        <description><![CDATA[description: <br>説明: <br>nom: ]]></description>
        <styleUrl>#icon-1681-FF5252</styleUrl>
        <ExtendedData>
          <Data name="description">
            <value/>
          </Data>
          <Data name="説明">
            <value/>
          </Data>
          <Data name="nom">
            <value/>
          </Data>
        </ExtendedData>
        <Point>
          <coordinates>
            135.896701,33.790477,0
          </coordinates>
        </Point>
      </Placemark>
      <Placemark>
        <name>Boat Arrival</name>
        <description><![CDATA[description: <br>説明: <br>nom: ]]></description>
        <styleUrl>#icon-1681-FF5252</styleUrl>
        <ExtendedData>
          <Data name="description">
            <value/>
          </Data>
          <Data name="説明">
            <value/>
          </Data>
          <Data name="nom">
            <value/>
          </Data>
        </ExtendedData>
        <Point>
          <coordinates>
            135.986469,33.733109,0
          </coordinates>
        </Point>
      </Placemark>
      <Placemark>
        <name>Kiso-Hirasawa Station</name>
        <description><![CDATA[description: <br>説明: <br>nom: ]]></description>
        <styleUrl>#icon-1532-F9A825</styleUrl>
        <ExtendedData>
          <Data name="description">
            <value/>
          </Data>
          <Data name="説明">
            <value/>
          </Data>
          <Data name="nom">
            <value/>
          </Data>
        </ExtendedData>
        <Point>
          <coordinates>
            137.832337,35.978988,0
          </coordinates>
        </Point>
      </Placemark>
      <Placemark>
        <name>Narai juku から Kiso-Hirasawa へのルート</name>
        <description><![CDATA[description: <br>説明: <br>nom: ]]></description>
        <styleUrl>#line-62AF44-2163</styleUrl>
        <ExtendedData>
          <Data name="description">
            <value/>
          </Data>
          <Data name="説明">
            <value/>
          </Data>
          <Data name="nom">
            <value/>
          </Data>
        </ExtendedData>
        <LineString>
          <tessellate>1</tessellate>
          <coordinates>
            137.81447,35.96846,0
            137.81452,35.9685,0
            137.81455,35.96853,0
            137.81456,35.96853,0
            137.81456,35.96854,0
            137.81456,35.96855,0
            137.81454,35.96857,0
            137.81451,35.9686,0
            137.81444,35.96866,0
            137.81447,35.96868,0
            137.81455,35.96874,0
            137.81456,35.96876,0
            137.81464,35.96882,0
            137.81477,35.96893,0
            137.8148,35.96897,0
            137.81483,35.96898,0
            137.81487,35.96895,0
            137.81491,35.96896,0
            137.81498,35.969,0
            137.81506,35.96906,0
            137.8151,35.96908,0
            137.81513,35.96909,0
            137.81507,35.96899,0
            137.81501,35.9689,0
            137.81499,35.96886,0
            137.81497,35.96882,0
            137.81494,35.96879,0
            137.81487,35.96871,0
            137.81484,35.96867,0
            137.81481,35.96864,0
            137.81478,35.96859,0
            137.81474,35.96855,0
            137.81474,35.96853,0
            137.81479,35.9685,0
            137.81482,35.96852,0
            137.81502,35.96874,0
            137.81506,35.96879,0
            137.81518,35.96891,0
            137.81522,35.96895,0
            137.81525,35.96897,0
            137.81529,35.96901,0
            137.81535,35.96908,0
            137.81537,35.9691,0
            137.81541,35.96915,0
            137.81549,35.96926,0
            137.81556,35.96935,0
            137.81563,35.96942,0
            137.81573,35.96952,0
            137.81584,35.96963,0
            137.81588,35.96966,0
            137.81599,35.96977,0
            137.81601,35.96978,0
            137.8161,35.96988,0
            137.81624,35.97001,0
            137.81624,35.97002,0
            137.81634,35.97012,0
            137.81664,35.97043,0
            137.81679,35.97058,0
            137.81692,35.97071,0
            137.81693,35.97072,0
            137.81711,35.97091,0
            137.81727,35.97107,0
            137.81743,35.97123,0
            137.8176,35.97141,0
            137.81774,35.97154,0
            137.81803,35.97182,0
            137.81806,35.97186,0
            137.81818,35.97197,0
            137.81828,35.97206,0
            137.81835,35.97214,0
            137.81837,35.97215,0
            137.81838,35.97215,0
            137.81841,35.97216,0
            137.81845,35.97216,0
            137.81846,35.97217,0
            137.81852,35.97217,0
            137.81863,35.97218,0
            137.81866,35.9722,0
            137.8187,35.97222,0
            137.81877,35.97226,0
            137.81881,35.9723,0
            137.81886,35.97233,0
            137.8189,35.97235,0
            137.81895,35.97239,0
            137.8191,35.97249,0
            137.81935,35.97264,0
            137.81954,35.97275,0
            137.8196,35.97278,0
            137.81963,35.97279,0
            137.81978,35.97286,0
            137.81989,35.9729,0
            137.81994,35.97292,0
            137.82,35.97294,0
            137.82004,35.97295,0
            137.82009,35.97296,0
            137.82013,35.97296,0
            137.82018,35.97296,0
            137.8202,35.97295,0
            137.82023,35.97295,0
            137.82027,35.97294,0
            137.82031,35.97293,0
            137.82036,35.97291,0
            137.82042,35.97289,0
            137.82058,35.97279,0
            137.82063,35.97276,0
            137.82077,35.97268,0
            137.82083,35.97266,0
            137.82087,35.97262,0
            137.82087,35.9726,0
            137.82089,35.97254,0
            137.82091,35.97232,0
            137.82089,35.97225,0
            137.82097,35.97223,0
            137.82103,35.97222,0
            137.82115,35.9722,0
            137.82125,35.97219,0
            137.82132,35.97218,0
            137.82141,35.97218,0
            137.82149,35.97218,0
            137.82153,35.97218,0
            137.8216,35.97218,0
            137.82165,35.97218,0
            137.82169,35.97219,0
            137.82181,35.97223,0
            137.82188,35.97227,0
            137.82194,35.97228,0
            137.82206,35.97233,0
            137.8221,35.97235,0
            137.82216,35.97237,0
            137.82226,35.97244,0
            137.82236,35.9725,0
            137.82244,35.97257,0
            137.8225,35.97262,0
            137.82256,35.97268,0
            137.8227,35.9728,0
            137.82284,35.97293,0
            137.82293,35.97302,0
            137.82305,35.97315,0
            137.82308,35.97318,0
            137.82315,35.97325,0
            137.82318,35.97329,0
            137.82321,35.97332,0
            137.82328,35.9734,0
            137.82332,35.97343,0
            137.82336,35.97347,0
            137.82344,35.97356,0
            137.82351,35.97364,0
            137.8236,35.97371,0
            137.82361,35.97373,0
            137.82372,35.97383,0
            137.82383,35.97392,0
            137.82389,35.97398,0
            137.82419,35.97426,0
            137.82432,35.97437,0
            137.82436,35.9744,0
            137.82448,35.9745,0
            137.82449,35.97451,0
            137.82451,35.97453,0
            137.82457,35.97457,0
            137.82465,35.97462,0
            137.82469,35.97464,0
            137.8247,35.97465,0
            137.82474,35.9747,0
            137.82477,35.97473,0
            137.82482,35.97478,0
            137.82484,35.9748,0
            137.82488,35.97485,0
            137.82522,35.97521,0
            137.82524,35.97523,0
            137.82528,35.97527,0
            137.82547,35.97554,0
            137.82554,35.97558,0
            137.82557,35.97563,0
            137.82563,35.97574,0
            137.82563,35.97575,0
            137.82572,35.9759,0
            137.82574,35.97594,0
            137.82579,35.97602,0
            137.8258,35.97605,0
            137.82582,35.97609,0
            137.82583,35.97613,0
            137.8259,35.97626,0
            137.82597,35.97639,0
            137.82604,35.97651,0
            137.82606,35.97655,0
            137.8261,35.97662,0
            137.82613,35.97667,0
            137.82615,35.97672,0
            137.82622,35.97683,0
            137.82625,35.97687,0
            137.82627,35.97689,0
            137.82628,35.97691,0
            137.82639,35.97705,0
            137.8264,35.97707,0
            137.82646,35.97717,0
            137.8265,35.97723,0
            137.82652,35.97726,0
            137.82655,35.97731,0
            137.82658,35.97734,0
            137.8266,35.97736,0
            137.82663,35.97738,0
            137.82664,35.97739,0
            137.82668,35.97741,0
            137.82681,35.97746,0
            137.8268,35.97748,0
            137.82679,35.97753,0
            137.82679,35.97755,0
            137.82678,35.97759,0
            137.82681,35.97764,0
            137.82684,35.97767,0
            137.82689,35.97771,0
            137.82693,35.97773,0
            137.82708,35.97783,0
            137.82715,35.97789,0
            137.82722,35.97793,0
            137.82735,35.978,0
            137.82746,35.97804,0
            137.82753,35.97803,0
            137.82759,35.97805,0
            137.82772,35.97809,0
            137.82794,35.97819,0
            137.82795,35.9782,0
            137.82809,35.97826,0
            137.82829,35.97833,0
            137.82838,35.97838,0
            137.82857,35.97852,0
            137.82863,35.97855,0
            137.82884,35.97867,0
            137.82896,35.97873,0
            137.829,35.97876,0
            137.82901,35.97877,0
            137.82909,35.97882,0
            137.82909,35.97885,0
            137.8291,35.9789,0
            137.82911,35.97893,0
            137.82912,35.97895,0
            137.82914,35.97898,0
            137.82915,35.97899,0
            137.82917,35.979,0
            137.82928,35.97911,0
            137.8293,35.97912,0
            137.82942,35.97922,0
            137.82959,35.97937,0
            137.82963,35.9794,0
            137.8299,35.97963,0
            137.8301,35.9798,0
            137.83013,35.97978,0
            137.83018,35.97978,0
            137.8302,35.97978,0
            137.83025,35.97979,0
            137.83028,35.9798,0
            137.83035,35.97981,0
            137.83037,35.97981,0
            137.83042,35.97985,0
            137.83053,35.97992,0
            137.83065,35.98,0
            137.83086,35.98014,0
            137.83089,35.98016,0
            137.83104,35.98026,0
            137.83116,35.98035,0
            137.8313,35.98045,0
            137.8315,35.98059,0
            137.83158,35.98066,0
            137.83168,35.98056,0
            137.83189,35.98037,0
            137.83201,35.98027,0
            137.83203,35.98025,0
            137.83215,35.98015,0
          </coordinates>
        </LineString>
      </Placemark>
      <Placemark>
        <name>Narai Station</name>
        <description><![CDATA[description: <br>説明: <br>nom: ]]></description>
        <styleUrl>#icon-1532-F9A825</styleUrl>
        <ExtendedData>
          <Data name="description">
            <value/>
          </Data>
          <Data name="説明">
            <value/>
          </Data>
          <Data name="nom">
            <value/>
          </Data>
        </ExtendedData>
        <Point>
          <coordinates>
            137.81556,35.969107,0
          </coordinates>
        </Point>
      </Placemark>
      <Placemark>
        <name>【Walk】Yabuhara ~ Narai juku</name>
        <description><![CDATA[description: <br>説明: <br>nom: ]]></description>
        <styleUrl>#line-62AF44-1581</styleUrl>
        <ExtendedData>
          <Data name="description">
            <value/>
          </Data>
          <Data name="説明">
            <value/>
          </Data>
          <Data name="nom">
            <value/>
          </Data>
        </ExtendedData>
        <LineString>
          <tessellate>1</tessellate>
          <coordinates>
            137.78484,35.93013,0
            137.78483,35.9301,0
            137.7848,35.93005,0
            137.78478,35.93001,0
            137.78475,35.92995,0
            137.78469,35.92987,0
            137.78464,35.92978,0
            137.78461,35.92973,0
            137.78459,35.9297,0
            137.78455,35.92962,0
            137.7845,35.92953,0
            137.78447,35.92948,0
            137.7844,35.9295,0
            137.78428,35.92957,0
            137.78409,35.92969,0
            137.78398,35.92977,0
            137.78383,35.92987,0
            137.78386,35.92992,0
            137.78389,35.92997,0
            137.78391,35.93003,0
            137.78395,35.9301,0
            137.78399,35.9302,0
            137.78403,35.93027,0
            137.78404,35.93031,0
            137.78405,35.93035,0
            137.78406,35.9304,0
            137.78407,35.93044,0
            137.78409,35.93051,0
            137.7841,35.93059,0
            137.78412,35.93065,0
            137.78412,35.93071,0
            137.78413,35.93074,0
            137.78412,35.93081,0
            137.78412,35.93088,0
            137.78411,35.93095,0
            137.7841,35.93104,0
            137.7842,35.93108,0
            137.78428,35.93111,0
            137.78434,35.93114,0
            137.78439,35.93118,0
            137.78443,35.93121,0
            137.78447,35.93125,0
            137.78449,35.93131,0
            137.7845,35.93137,0
            137.78451,35.93138,0
            137.78449,35.9315,0
            137.78449,35.93155,0
            137.78448,35.93157,0
            137.78447,35.93167,0
            137.78447,35.93172,0
            137.78447,35.93173,0
            137.78447,35.93175,0
            137.78448,35.9318,0
            137.78449,35.93184,0
            137.78452,35.9319,0
            137.78453,35.93194,0
            137.78454,35.93196,0
            137.7847,35.9323,0
            137.78476,35.93243,0
            137.78488,35.9327,0
            137.7849,35.93275,0
            137.78492,35.93279,0
            137.78492,35.93282,0
            137.78498,35.93281,0
            137.78502,35.9328,0
            137.78505,35.9328,0
            137.78507,35.9328,0
            137.78508,35.9328,0
            137.78509,35.93281,0
            137.78509,35.93282,0
            137.7851,35.93287,0
            137.78511,35.93293,0
            137.78519,35.93331,0
            137.78526,35.93365,0
            137.7853,35.93394,0
            137.78531,35.93403,0
            137.7853,35.93411,0
            137.78529,35.93419,0
            137.78528,35.93433,0
            137.78527,35.9344,0
            137.78526,35.93446,0
            137.78526,35.9345,0
            137.78526,35.93461,0
            137.78524,35.93471,0
            137.78524,35.93476,0
            137.78523,35.93477,0
            137.78523,35.93478,0
            137.78522,35.93478,0
            137.78522,35.93484,0
            137.78522,35.93495,0
            137.78522,35.93503,0
            137.78522,35.93506,0
            137.78522,35.93507,0
            137.78521,35.93508,0
            137.7852,35.93509,0
            137.7852,35.93512,0
            137.7852,35.93515,0
            137.7852,35.93519,0
            137.7852,35.93523,0
            137.78519,35.93538,0
            137.78518,35.9355,0
            137.78517,35.93561,0
            137.78517,35.9357,0
            137.78515,35.93581,0
            137.78515,35.93586,0
            137.78513,35.93617,0
            137.78511,35.93634,0
            137.7851,35.9364,0
            137.78509,35.93649,0
            137.78508,35.93658,0
            137.78508,35.9366,0
            137.78507,35.9367,0
            137.78506,35.93676,0
            137.78506,35.93682,0
            137.78505,35.93696,0
            137.78503,35.93701,0
            137.78501,35.93714,0
            137.785,35.93731,0
            137.78499,35.93738,0
            137.78498,35.93749,0
            137.78498,35.93757,0
            137.78504,35.93761,0
            137.7851,35.93766,0
            137.78513,35.93769,0
            137.78513,35.93772,0
            137.78512,35.93775,0
            137.78512,35.93779,0
            137.78507,35.93805,0
            137.78506,35.9381,0
            137.78504,35.93818,0
            137.78502,35.93828,0
            137.78501,35.93833,0
            137.78498,35.93851,0
            137.78495,35.93864,0
            137.78494,35.93867,0
            137.7849,35.93883,0
            137.78489,35.93891,0
            137.78488,35.93895,0
            137.78488,35.93902,0
            137.78489,35.93906,0
            137.78492,35.93916,0
            137.78493,35.93922,0
            137.78494,35.93928,0
            137.78495,35.93932,0
            137.78495,35.93934,0
            137.78495,35.93936,0
            137.78495,35.9394,0
            137.78494,35.93946,0
            137.78494,35.9395,0
            137.78494,35.93953,0
            137.78495,35.93956,0
            137.78496,35.93957,0
            137.78498,35.93959,0
            137.78499,35.9396,0
            137.78501,35.93961,0
            137.78508,35.93965,0
            137.78513,35.93968,0
            137.78515,35.9397,0
            137.78516,35.93971,0
            137.78517,35.93973,0
            137.78518,35.93975,0
            137.78523,35.93986,0
            137.78525,35.93991,0
            137.78529,35.93995,0
            137.78533,35.93997,0
            137.78535,35.93998,0
            137.78541,35.94,0
            137.78548,35.94004,0
            137.78554,35.94006,0
            137.78558,35.94008,0
            137.78562,35.94012,0
            137.78565,35.94016,0
            137.78569,35.94022,0
            137.78574,35.94029,0
            137.78579,35.94034,0
            137.78579,35.94035,0
            137.78584,35.9404,0
            137.78588,35.94044,0
            137.78593,35.94049,0
            137.78594,35.94051,0
            137.78596,35.94055,0
            137.78597,35.94058,0
            137.786,35.94067,0
            137.78602,35.94073,0
            137.78603,35.94075,0
            137.78605,35.94078,0
            137.78608,35.94086,0
            137.78613,35.94092,0
            137.78616,35.94096,0
            137.78622,35.94103,0
            137.78626,35.94107,0
            137.78628,35.9411,0
            137.78629,35.94112,0
            137.78631,35.94115,0
            137.78633,35.94119,0
            137.78635,35.94124,0
            137.78637,35.94128,0
            137.7864,35.94136,0
            137.78642,35.94141,0
            137.78644,35.9415,0
            137.78645,35.94156,0
            137.78645,35.94161,0
            137.78645,35.94163,0
            137.78647,35.94176,0
            137.78648,35.94183,0
            137.78649,35.94192,0
            137.78651,35.94201,0
            137.78652,35.94214,0
            137.78654,35.94221,0
            137.78654,35.94224,0
            137.78655,35.94227,0
            137.78657,35.9423,0
            137.78659,35.94232,0
            137.78661,35.94234,0
            137.78665,35.94237,0
            137.78671,35.94241,0
            137.78675,35.94243,0
            137.78678,35.94245,0
            137.78681,35.94248,0
            137.78685,35.94255,0
            137.78687,35.94259,0
            137.78687,35.94265,0
            137.78688,35.94269,0
            137.78687,35.94287,0
            137.78687,35.94297,0
            137.78687,35.94301,0
            137.78687,35.94304,0
            137.78688,35.94308,0
            137.78691,35.94311,0
            137.78694,35.94315,0
            137.78698,35.94318,0
            137.78702,35.94322,0
            137.78708,35.94327,0
            137.78712,35.9433,0
            137.78715,35.94333,0
            137.78718,35.94336,0
            137.7872,35.94338,0
            137.7872,35.94339,0
            137.78722,35.94341,0
            137.78724,35.94344,0
            137.78726,35.94347,0
            137.78729,35.94351,0
            137.78731,35.94355,0
            137.78731,35.94356,0
            137.78735,35.94363,0
            137.78737,35.94366,0
            137.78739,35.9437,0
            137.78742,35.94375,0
            137.78747,35.94385,0
            137.7875,35.94391,0
            137.78755,35.94399,0
            137.78758,35.94407,0
            137.7876,35.9441,0
            137.78762,35.94416,0
            137.78765,35.94424,0
            137.78767,35.94429,0
            137.78768,35.94433,0
            137.78768,35.94436,0
            137.78771,35.94447,0
            137.78773,35.94454,0
            137.78775,35.9446,0
            137.78776,35.94464,0
            137.78779,35.94469,0
            137.78782,35.94478,0
            137.78784,35.94485,0
            137.78785,35.94488,0
            137.78785,35.94489,0
            137.78787,35.94494,0
            137.7879,35.94502,0
            137.78791,35.94505,0
            137.78792,35.94506,0
            137.78797,35.94516,0
            137.78801,35.94522,0
            137.78803,35.94525,0
            137.7881,35.94536,0
            137.78812,35.94538,0
            137.78817,35.94546,0
            137.78818,35.94548,0
            137.78818,35.94551,0
            137.78819,35.94552,0
            137.78819,35.94555,0
            137.78821,35.94562,0
            137.7882,35.94569,0
            137.7882,35.94573,0
            137.7882,35.94587,0
            137.7882,35.94588,0
            137.7882,35.94591,0
            137.78821,35.94595,0
            137.78823,35.94598,0
            137.78826,35.946,0
            137.78835,35.94603,0
            137.78834,35.94622,0
            137.78837,35.94631,0
            137.78843,35.94637,0
            137.78848,35.94641,0
            137.78857,35.9465,0
            137.78864,35.94657,0
            137.78872,35.94664,0
            137.78878,35.94668,0
            137.7889,35.94674,0
            137.78898,35.94679,0
            137.7891,35.94683,0
            137.78958,35.94699,0
            137.78971,35.94701,0
            137.78972,35.94704,0
            137.78972,35.94707,0
            137.78967,35.9471,0
            137.78959,35.94714,0
            137.78957,35.94715,0
            137.78941,35.94722,0
            137.7894,35.94723,0
            137.78922,35.94734,0
            137.78918,35.94737,0
            137.78907,35.94747,0
            137.78901,35.94751,0
            137.78893,35.94761,0
            137.78884,35.94773,0
            137.78876,35.94784,0
            137.78874,35.94793,0
            137.78871,35.94804,0
            137.78872,35.94811,0
            137.78872,35.94814,0
            137.78872,35.94829,0
            137.78872,35.94845,0
            137.78869,35.94862,0
            137.78867,35.94864,0
            137.78862,35.94868,0
            137.78852,35.94877,0
            137.78851,35.94878,0
            137.78841,35.9489,0
            137.7884,35.94892,0
            137.7884,35.94898,0
            137.78849,35.94908,0
            137.7885,35.94908,0
            137.78866,35.9492,0
            137.78875,35.94926,0
            137.78883,35.94934,0
            137.78887,35.94948,0
            137.78891,35.94964,0
            137.78891,35.94967,0
            137.78889,35.94975,0
            137.78884,35.94984,0
            137.78874,35.95,0
            137.78862,35.95021,0
            137.78857,35.95033,0
            137.78855,35.95038,0
            137.78856,35.95049,0
            137.78858,35.9505,0
            137.78866,35.95055,0
            137.78878,35.95057,0
            137.78899,35.95061,0
            137.789,35.95061,0
            137.78944,35.95061,0
            137.78952,35.95061,0
            137.78966,35.95064,0
            137.78984,35.95068,0
            137.79005,35.95075,0
            137.79014,35.95078,0
            137.79023,35.95081,0
            137.79048,35.95081,0
            137.79056,35.95082,0
            137.7907,35.95082,0
            137.79093,35.95083,0
            137.79145,35.95085,0
            137.79154,35.9508,0
            137.79162,35.95074,0
            137.79169,35.95064,0
            137.79173,35.95058,0
            137.79178,35.95052,0
            137.79184,35.95049,0
            137.79193,35.95052,0
            137.792,35.95059,0
            137.79202,35.95061,0
            137.79222,35.95075,0
            137.79236,35.95077,0
            137.79245,35.95076,0
            137.79254,35.95077,0
            137.79259,35.95082,0
            137.7926,35.95091,0
            137.79255,35.95102,0
            137.79253,35.95109,0
            137.79253,35.95114,0
            137.79253,35.95119,0
            137.79257,35.95129,0
            137.79265,35.95135,0
            137.79273,35.95139,0
            137.79278,35.95138,0
            137.79284,35.95138,0
            137.79299,35.95132,0
            137.79301,35.95132,0
            137.79309,35.95125,0
            137.79319,35.9512,0
            137.79333,35.9511,0
            137.79338,35.95106,0
            137.7936,35.95096,0
            137.79372,35.95092,0
            137.79378,35.95089,0
            137.79387,35.95087,0
            137.79393,35.95087,0
            137.79394,35.95087,0
            137.79401,35.95094,0
            137.79404,35.95102,0
            137.79405,35.95103,0
            137.79405,35.95111,0
            137.7941,35.95115,0
            137.79413,35.95115,0
            137.79418,35.95115,0
            137.79425,35.95112,0
            137.79429,35.95109,0
            137.79434,35.951,0
            137.79436,35.95091,0
            137.79437,35.95089,0
            137.79439,35.95084,0
            137.79445,35.95079,0
            137.79452,35.95078,0
            137.79457,35.95077,0
            137.79468,35.95076,0
            137.79483,35.95076,0
            137.79497,35.95077,0
            137.79527,35.95079,0
            137.79534,35.95082,0
            137.79538,35.95086,0
            137.79542,35.95088,0
            137.79552,35.951,0
            137.79564,35.95115,0
            137.79577,35.9513,0
            137.79589,35.95144,0
            137.79604,35.95162,0
            137.79603,35.95179,0
            137.79617,35.95179,0
            137.79621,35.9518,0
            137.79643,35.95185,0
            137.79647,35.95186,0
            137.79671,35.95193,0
            137.79684,35.95197,0
            137.79685,35.95197,0
            137.79688,35.95198,0
            137.79696,35.95202,0
            137.79704,35.95205,0
            137.79707,35.95207,0
            137.79712,35.95209,0
            137.79716,35.95214,0
            137.7972,35.95234,0
            137.7972,35.95239,0
            137.79719,35.95244,0
            137.7972,35.95254,0
            137.7972,35.95257,0
            137.79722,35.95268,0
            137.79724,35.95277,0
            137.79729,35.95286,0
            137.79732,35.95291,0
            137.79736,35.95297,0
            137.7974,35.95305,0
            137.79742,35.95309,0
            137.79745,35.95315,0
            137.79747,35.95327,0
            137.79746,35.95337,0
            137.79743,35.95346,0
            137.79736,35.95357,0
            137.79734,35.95359,0
            137.79726,35.95373,0
            137.79724,35.95375,0
            137.79721,35.95378,0
            137.79718,35.95385,0
            137.7972,35.95392,0
            137.79732,35.95397,0
            137.7974,35.95398,0
            137.79756,35.954,0
            137.79759,35.954,0
            137.79762,35.95401,0
            137.79771,35.95402,0
            137.7978,35.95406,0
            137.79783,35.95407,0
            137.79803,35.95413,0
            137.79819,35.95422,0
            137.79836,35.95434,0
            137.79837,35.95435,0
            137.79838,35.95436,0
            137.79858,35.95452,0
            137.79867,35.9546,0
            137.79869,35.95462,0
            137.79882,35.95473,0
            137.79884,35.95476,0
            137.79896,35.95487,0
            137.79899,35.95489,0
            137.79901,35.95491,0
            137.79911,35.95502,0
            137.79912,35.95517,0
            137.7991,35.95521,0
            137.79906,35.95529,0
            137.79903,35.95534,0
            137.79902,35.95535,0
            137.799,35.95537,0
            137.79896,35.95541,0
            137.79893,35.95547,0
            137.79893,35.95551,0
            137.79893,35.95553,0
            137.79893,35.95555,0
            137.79909,35.95572,0
            137.79923,35.95579,0
            137.79936,35.95585,0
            137.79939,35.95586,0
            137.79942,35.95588,0
            137.79947,35.9559,0
            137.79954,35.95593,0
            137.79957,35.95596,0
            137.79959,35.95597,0
            137.7996,35.95598,0
            137.79962,35.95601,0
            137.79961,35.95606,0
            137.79958,35.95609,0
            137.79956,35.95611,0
            137.79953,35.95613,0
            137.79951,35.95615,0
            137.79942,35.95621,0
            137.79938,35.95622,0
            137.79936,35.95624,0
            137.79926,35.95629,0
            137.79919,35.95632,0
            137.79918,35.95632,0
            137.79916,35.95633,0
            137.79908,35.95636,0
            137.79902,35.95637,0
            137.79899,35.95638,0
            137.79895,35.95638,0
            137.7989,35.95638,0
            137.79886,35.9564,0
            137.79882,35.95641,0
            137.79878,35.95644,0
            137.79876,35.95645,0
            137.79875,35.95645,0
            137.79869,35.95651,0
            137.79868,35.95656,0
            137.79867,35.95658,0
            137.79867,35.95665,0
            137.79873,35.95675,0
            137.79874,35.95678,0
            137.7988,35.95688,0
            137.79882,35.95691,0
            137.79884,35.95694,0
            137.79893,35.95707,0
            137.79894,35.9571,0
            137.79903,35.95723,0
            137.79904,35.95725,0
            137.79905,35.95726,0
            137.79914,35.95739,0
            137.79915,35.95741,0
            137.79923,35.95752,0
            137.79931,35.9576,0
            137.79939,35.95767,0
            137.79946,35.95771,0
            137.79957,35.95772,0
            137.79961,35.95773,0
            137.79964,35.95773,0
            137.79983,35.95772,0
            137.79985,35.95772,0
            137.79986,35.95772,0
            137.79995,35.95772,0
            137.80005,35.95772,0
            137.80021,35.95774,0
            137.80027,35.95775,0
            137.8004,35.95776,0
            137.80049,35.95777,0
            137.80053,35.95777,0
            137.8006,35.95778,0
            137.80093,35.95784,0
            137.80094,35.95784,0
            137.80096,35.95784,0
            137.80103,35.95785,0
            137.80114,35.9579,0
            137.80116,35.95791,0
            137.80117,35.95791,0
            137.80126,35.95797,0
            137.80129,35.95802,0
            137.8013,35.95805,0
            137.80133,35.95809,0
            137.80136,35.95818,0
            137.80135,35.95819,0
            137.80133,35.95821,0
            137.80126,35.95834,0
            137.80125,35.95835,0
            137.80122,35.95837,0
            137.80108,35.95848,0
            137.80094,35.95853,0
            137.8009,35.95856,0
            137.80102,35.95862,0
            137.80107,35.95864,0
            137.8011,35.95865,0
            137.80117,35.95866,0
            137.80129,35.95866,0
            137.80132,35.95865,0
            137.80141,35.95863,0
            137.80152,35.95859,0
            137.80164,35.95854,0
            137.80172,35.95851,0
            137.80191,35.95844,0
            137.80204,35.9584,0
            137.80213,35.95837,0
            137.80223,35.95834,0
            137.8023,35.95832,0
            137.80236,35.95832,0
            137.80243,35.95834,0
            137.80251,35.95838,0
            137.80252,35.95841,0
            137.80253,35.95842,0
            137.80254,35.9585,0
            137.80256,35.95859,0
            137.8026,35.95867,0
            137.80267,35.95874,0
            137.80271,35.95878,0
            137.80292,35.95891,0
            137.80311,35.95902,0
            137.80321,35.95905,0
            137.80334,35.95911,0
            137.8035,35.95912,0
            137.8036,35.95911,0
            137.80364,35.95911,0
            137.80376,35.95908,0
            137.80402,35.959,0
            137.80406,35.95899,0
            137.80412,35.95898,0
            137.80418,35.95898,0
            137.80424,35.959,0
            137.80427,35.95902,0
            137.80431,35.95904,0
            137.80441,35.9591,0
            137.80445,35.95911,0
            137.80452,35.95913,0
            137.80468,35.95914,0
            137.8048,35.95917,0
            137.80495,35.95923,0
            137.80515,35.95927,0
            137.80536,35.95929,0
            137.80557,35.95929,0
            137.80568,35.95928,0
            137.80575,35.95926,0
            137.80577,35.95926,0
            137.80588,35.95924,0
            137.80597,35.95924,0
            137.80601,35.95925,0
            137.80611,35.95928,0
            137.80629,35.95932,0
            137.80639,35.95936,0
            137.80655,35.95941,0
            137.80659,35.95943,0
            137.80675,35.95952,0
            137.80677,35.95953,0
            137.80697,35.95962,0
            137.807,35.95963,0
            137.80706,35.95965,0
            137.8071,35.95965,0
            137.80719,35.95963,0
            137.80727,35.95962,0
            137.80736,35.95961,0
            137.80742,35.9596,0
            137.80748,35.9596,0
            137.80753,35.95971,0
            137.80757,35.95981,0
            137.8076,35.95988,0
            137.80761,35.95991,0
            137.80764,35.95998,0
            137.80766,35.96006,0
            137.8077,35.96014,0
            137.80771,35.96017,0
            137.80774,35.96019,0
            137.80777,35.96021,0
            137.80777,35.96022,0
            137.80781,35.96023,0
            137.80784,35.96024,0
            137.80787,35.96024,0
            137.80791,35.96024,0
            137.80795,35.96023,0
            137.808,35.96021,0
            137.808,35.9602,0
            137.80807,35.96016,0
            137.80811,35.96013,0
            137.80815,35.96009,0
            137.80816,35.96008,0
            137.80819,35.96004,0
            137.80822,35.96,0
            137.80825,35.95994,0
            137.80826,35.95991,0
            137.80826,35.95988,0
            137.80827,35.95982,0
            137.80827,35.95974,0
            137.80826,35.9596,0
            137.80823,35.95945,0
            137.80821,35.95928,0
            137.8082,35.95916,0
            137.80819,35.95909,0
            137.8082,35.95904,0
            137.80821,35.95902,0
            137.80821,35.95901,0
            137.80822,35.959,0
            137.80824,35.95899,0
            137.80825,35.95898,0
            137.80827,35.95897,0
            137.80829,35.95896,0
            137.80832,35.95895,0
            137.80834,35.95895,0
            137.80837,35.95895,0
            137.80839,35.95895,0
            137.80841,35.95896,0
            137.80844,35.95897,0
            137.80849,35.95901,0
            137.80855,35.95909,0
            137.80862,35.95917,0
            137.80872,35.95932,0
            137.80881,35.95943,0
            137.80883,35.95947,0
            137.80886,35.95951,0
            137.8089,35.95956,0
            137.80893,35.95961,0
            137.80894,35.95963,0
            137.80897,35.95968,0
            137.80898,35.95975,0
            137.80898,35.95976,0
            137.80898,35.95979,0
            137.80897,35.95984,0
            137.80895,35.95989,0
            137.80889,35.95996,0
            137.80867,35.96014,0
            137.80859,35.9602,0
            137.80813,35.96057,0
            137.80801,35.96068,0
            137.80797,35.96074,0
            137.80794,35.96078,0
            137.80793,35.96082,0
            137.80791,35.96086,0
            137.80791,35.9609,0
            137.8079,35.96095,0
            137.80791,35.96102,0
            137.80792,35.96111,0
            137.80794,35.96123,0
            137.80796,35.96131,0
            137.80798,35.96136,0
            137.80801,35.96149,0
            137.80802,35.96153,0
            137.80804,35.96162,0
            137.80805,35.9617,0
            137.80807,35.96179,0
            137.80808,35.96188,0
            137.80809,35.96192,0
            137.8081,35.96197,0
            137.80813,35.96199,0
            137.80813,35.96207,0
            137.80813,35.96212,0
            137.80816,35.9622,0
            137.80818,35.96225,0
            137.8082,35.96228,0
            137.80824,35.96234,0
            137.80828,35.9624,0
            137.80831,35.96245,0
            137.80833,35.96249,0
            137.80836,35.96253,0
            137.80838,35.96257,0
            137.80842,35.96263,0
            137.80851,35.96276,0
            137.80858,35.96286,0
            137.80861,35.96291,0
            137.80863,35.96294,0
            137.80865,35.96299,0
            137.80872,35.9631,0
            137.80895,35.96342,0
            137.809,35.96347,0
            137.80902,35.9635,0
            137.8091,35.96363,0
            137.80926,35.96381,0
            137.8094,35.96398,0
            137.80941,35.96399,0
            137.80943,35.96401,0
            137.80946,35.96402,0
            137.80957,35.96405,0
            137.80964,35.96404,0
            137.80969,35.96407,0
            137.80975,35.96412,0
            137.80981,35.96416,0
            137.80996,35.96428,0
            137.81005,35.96436,0
            137.81008,35.96438,0
            137.81018,35.96447,0
            137.8104,35.96464,0
            137.81063,35.96479,0
            137.81076,35.96489,0
            137.81089,35.96501,0
            137.81094,35.96506,0
            137.81096,35.96508,0
            137.81099,35.96511,0
            137.811,35.96512,0
            137.81114,35.96526,0
            137.81124,35.96537,0
            137.81131,35.96546,0
            137.81137,35.96551,0
            137.81147,35.96562,0
            137.81149,35.96563,0
            137.81163,35.9658,0
            137.81176,35.96593,0
            137.81184,35.96602,0
            137.81188,35.96606,0
            137.812,35.96621,0
            137.81211,35.96634,0
            137.8123,35.96653,0
            137.81241,35.96665,0
            137.81253,35.96676,0
            137.81263,35.96683,0
            137.81274,35.96694,0
            137.8128,35.96698,0
            137.81284,35.96701,0
            137.81295,35.9671,0
            137.81306,35.96719,0
            137.8132,35.96728,0
            137.81331,35.96736,0
            137.81332,35.96736,0
            137.81335,35.96738,0
            137.81348,35.96747,0
            137.81359,35.96755,0
            137.81379,35.96772,0
            137.81388,35.96778,0
            137.81391,35.96781,0
            137.8141,35.96795,0
            137.81413,35.96798,0
            137.81418,35.96801,0
            137.81427,35.96808,0
            137.81444,35.96823,0
            137.8145,35.96827,0
            137.81454,35.96831,0
            137.81459,35.96835,0
            137.81459,35.96836,0
          </coordinates>
        </LineString>
      </Placemark>
      <Placemark>
        <name>Yabuhara Station</name>
        <description><![CDATA[description: <br>説明: <br>nom: ]]></description>
        <styleUrl>#icon-1532-F9A825</styleUrl>
        <ExtendedData>
          <Data name="description">
            <value/>
          </Data>
          <Data name="説明">
            <value/>
          </Data>
          <Data name="nom">
            <value/>
          </Data>
        </ExtendedData>
        <Point>
          <coordinates>
            137.784461,35.930228,0
          </coordinates>
        </Point>
      </Placemark>
      <Placemark>
        <name>Kiso-Fukushima Station</name>
        <description><![CDATA[description: <br>説明: <br>nom: ]]></description>
        <styleUrl>#icon-1532-F9A825</styleUrl>
        <ExtendedData>
          <Data name="description">
            <value/>
          </Data>
          <Data name="説明">
            <value/>
          </Data>
          <Data name="nom">
            <value/>
          </Data>
        </ExtendedData>
        <Point>
          <coordinates>
            137.693348,35.844002,0
          </coordinates>
        </Point>
      </Placemark>
      <Placemark>
        <name>Shintaki Falls</name>
        <description><![CDATA[description: <br>説明: <br>nom: ]]></description>
        <styleUrl>#icon-1720-7CB342</styleUrl>
        <ExtendedData>
          <Data name="description">
            <value/>
          </Data>
          <Data name="説明">
            <value/>
          </Data>
          <Data name="nom">
            <value/>
          </Data>
        </ExtendedData>
        <Point>
          <coordinates>
            137.546737,35.839964,0
          </coordinates>
        </Point>
      </Placemark>
      <Placemark>
        <name>Ontake Ropeway</name>
        <description><![CDATA[description: <br>説明: <br>nom: ]]></description>
        <styleUrl>#icon-1720-7CB342</styleUrl>
        <ExtendedData>
          <Data name="description">
            <value/>
          </Data>
          <Data name="説明">
            <value/>
          </Data>
          <Data name="nom">
            <value/>
          </Data>
        </ExtendedData>
        <Point>
          <coordinates>
            137.524061,35.90065,0
          </coordinates>
        </Point>
      </Placemark>
      <Placemark>
        <name>Torii Pass</name>
        <description><![CDATA[description: <br>説明: <br>nom: ]]></description>
        <styleUrl>#icon-1720-7CB342</styleUrl>
        <ExtendedData>
          <Data name="description">
            <value/>
          </Data>
          <Data name="説明">
            <value/>
          </Data>
          <Data name="nom">
            <value/>
          </Data>
        </ExtendedData>
        <Point>
          <coordinates>
            137.791468,35.953854,0
          </coordinates>
        </Point>
      </Placemark>
      <Placemark>
        <name>Agematsu</name>
        <description><![CDATA[description: <br>説明: <br>nom: ]]></description>
        <styleUrl>#icon-1547-673AB7</styleUrl>
        <ExtendedData>
          <Data name="description">
            <value/>
          </Data>
          <Data name="説明">
            <value/>
          </Data>
          <Data name="nom">
            <value/>
          </Data>
        </ExtendedData>
        <Point>
          <coordinates>
            137.694154,35.784029,0
          </coordinates>
        </Point>
      </Placemark>
      <Placemark>
        <name>Kiso Fukushima Station</name>
        <description><![CDATA[description: Kiso Fukushima Station (http://japanvisitor.blogspot.com/2013/09/kiso-fukushima-station.html) is on the Chuo Main Line from Nagoya to Shiojiri via Ena and Nakatsugawa. Eventually the Chuo Line continues on to Tokyo via Kofu and Mitaka.<br>説明: <br>nom: ]]></description>
        <styleUrl>#icon-1532-F9A825</styleUrl>
        <ExtendedData>
          <Data name="description">
            <value>Kiso Fukushima Station (http://japanvisitor.blogspot.com/2013/09/kiso-fukushima-station.html) is on the Chuo Main Line from Nagoya to Shiojiri via Ena and Nakatsugawa. Eventually the Chuo Line continues on to Tokyo via Kofu and Mitaka.</value>
          </Data>
          <Data name="説明">
            <value/>
          </Data>
          <Data name="nom">
            <value/>
          </Data>
        </ExtendedData>
        <Point>
          <coordinates>
            137.692981,35.843021,0
          </coordinates>
        </Point>
      </Placemark>
      <Placemark>
        <name>Grave of Yoshinaka Kiso</name>
        <description><![CDATA[description: <br>説明: <br>nom: ]]></description>
        <styleUrl>#icon-1804-A52714</styleUrl>
        <ExtendedData>
          <Data name="description">
            <value/>
          </Data>
          <Data name="説明">
            <value/>
          </Data>
          <Data name="nom">
            <value/>
          </Data>
        </ExtendedData>
        <Point>
          <coordinates>
            137.703434,35.853759,0
          </coordinates>
        </Point>
      </Placemark>
      <Placemark>
        <name>【Walk】Nojiri to Tsumago</name>
        <description><![CDATA[description: <br>説明: <br>nom: ]]></description>
        <styleUrl>#line-62AF44-1581</styleUrl>
        <ExtendedData>
          <Data name="description">
            <value/>
          </Data>
          <Data name="説明">
            <value/>
          </Data>
          <Data name="nom">
            <value/>
          </Data>
        </ExtendedData>
        <LineString>
          <tessellate>1</tessellate>
          <coordinates>
            137.59567,35.57759,0
            137.59576,35.5778,0
            137.5958,35.57792,0
            137.59583,35.57799,0
            137.59585,35.57807,0
            137.59587,35.57823,0
            137.59589,35.5783,0
            137.5959,35.57836,0
            137.59593,35.57842,0
            137.59595,35.57848,0
            137.59598,35.57853,0
            137.596,35.57858,0
            137.59602,35.5786,0
            137.59603,35.57865,0
            137.59605,35.57869,0
            137.59598,35.57877,0
            137.59587,35.57887,0
            137.59567,35.57908,0
            137.59563,35.57915,0
            137.59563,35.57918,0
            137.59566,35.57928,0
            137.5957,35.57938,0
            137.59571,35.57939,0
            137.59571,35.57945,0
            137.59569,35.5795,0
            137.59519,35.58002,0
            137.59514,35.58006,0
            137.5951,35.58008,0
            137.59501,35.5801,0
            137.59493,35.58014,0
            137.59491,35.58016,0
            137.59487,35.58023,0
            137.59485,35.58034,0
            137.59478,35.58062,0
            137.59473,35.58092,0
            137.5947,35.58104,0
            137.59469,35.58105,0
            137.59466,35.58116,0
            137.59464,35.5812,0
            137.59463,35.58121,0
            137.59458,35.58128,0
            137.59454,35.58132,0
            137.59452,35.58133,0
            137.59451,35.58142,0
            137.59449,35.58151,0
            137.59446,35.58157,0
            137.59425,35.58213,0
            137.5941,35.58243,0
            137.59405,35.5825,0
            137.59399,35.58261,0
            137.59389,35.58274,0
            137.59384,35.58282,0
            137.59368,35.58304,0
            137.59347,35.58328,0
            137.59312,35.58373,0
            137.59305,35.58385,0
            137.59304,35.58388,0
            137.59302,35.58391,0
            137.59301,35.58397,0
            137.59301,35.58405,0
            137.593,35.58408,0
            137.59301,35.58431,0
            137.59306,35.58476,0
            137.59306,35.58481,0
            137.59304,35.58492,0
            137.59302,35.58499,0
            137.59299,35.58505,0
            137.59297,35.58511,0
            137.59292,35.58518,0
            137.59287,35.58522,0
            137.59284,35.58525,0
            137.59189,35.58583,0
            137.59181,35.5859,0
            137.5918,35.5859,0
            137.5918,35.58594,0
            137.59181,35.58597,0
            137.59181,35.58601,0
            137.59184,35.58607,0
            137.59219,35.58598,0
            137.59229,35.58598,0
            137.5924,35.58596,0
            137.59251,35.58595,0
            137.59265,35.58595,0
            137.5928,35.58594,0
            137.59332,35.58596,0
            137.59376,35.58601,0
            137.59417,35.58613,0
            137.59477,35.58642,0
            137.59479,35.58644,0
            137.59492,35.58651,0
            137.59496,35.58654,0
            137.59534,35.58667,0
            137.59546,35.58669,0
            137.59622,35.58675,0
            137.59629,35.58675,0
            137.59638,35.58677,0
            137.59663,35.5868,0
            137.59671,35.58684,0
            137.59675,35.58685,0
            137.59693,35.58692,0
            137.59701,35.58696,0
            137.59721,35.58709,0
            137.59736,35.58723,0
            137.59749,35.58739,0
            137.5976,35.5876,0
            137.59761,35.58764,0
            137.59761,35.58765,0
            137.59764,35.58772,0
            137.5977,35.58802,0
            137.59782,35.58877,0
            137.59782,35.58882,0
            137.59796,35.58965,0
            137.59796,35.5897,0
            137.59799,35.58983,0
            137.598,35.58993,0
            137.59848,35.59283,0
            137.59851,35.5929,0
            137.59858,35.59311,0
            137.59865,35.59325,0
            137.59877,35.59343,0
            137.5989,35.59358,0
            137.59896,35.59366,0
            137.59903,35.59371,0
            137.59946,35.59408,0
            137.59951,35.59414,0
            137.59984,35.59441,0
            137.59987,35.59443,0
            137.59989,35.59445,0
            137.60008,35.59457,0
            137.60024,35.59464,0
            137.60029,35.59467,0
            137.60038,35.5947,0
            137.60047,35.59472,0
            137.60055,35.59475,0
            137.60088,35.5948,0
            137.60111,35.59482,0
            137.6033,35.5948,0
            137.60453,35.59467,0
            137.6046,35.59467,0
            137.60469,35.59468,0
            137.60476,35.59468,0
            137.605,35.59472,0
            137.60499,35.59481,0
            137.60516,35.59485,0
            137.60543,35.59497,0
            137.60555,35.59504,0
            137.60567,35.59513,0
            137.60582,35.59531,0
            137.6059,35.59543,0
            137.60611,35.59579,0
            137.60613,35.59584,0
            137.60615,35.59586,0
            137.60718,35.59776,0
            137.60721,35.59785,0
            137.60726,35.59794,0
            137.60733,35.59813,0
            137.60734,35.5982,0
            137.60735,35.59822,0
            137.60753,35.59902,0
            137.60755,35.59907,0
            137.60765,35.5995,0
            137.60768,35.59957,0
            137.60775,35.59984,0
            137.60777,35.59989,0
            137.60799,35.60083,0
            137.60804,35.60109,0
            137.60804,35.60115,0
            137.60805,35.60118,0
            137.60806,35.60142,0
            137.60799,35.60367,0
            137.608,35.60374,0
            137.608,35.6039,0
            137.60807,35.60424,0
            137.60808,35.60425,0
            137.60809,35.60429,0
            137.60813,35.6044,0
            137.60815,35.60448,0
            137.60821,35.60463,0
            137.60834,35.6049,0
            137.60836,35.60496,0
            137.60841,35.60502,0
            137.60876,35.60579,0
            137.60879,35.60584,0
            137.60888,35.60604,0
            137.60888,35.60605,0
            137.60935,35.60708,0
            137.60936,35.60715,0
            137.60966,35.60794,0
            137.6101,35.6092,0
            137.61023,35.60949,0
            137.6104,35.6098,0
            137.61085,35.61054,0
            137.61095,35.61073,0
            137.61145,35.61156,0
            137.61153,35.61171,0
            137.61203,35.61255,0
            137.61203,35.61256,0
            137.61218,35.6128,0
            137.61225,35.61289,0
            137.61229,35.61293,0
            137.61242,35.61309,0
            137.6125,35.61315,0
            137.61255,35.6132,0
            137.61359,35.614,0
            137.61376,35.61417,0
            137.61391,35.61435,0
            137.61392,35.61437,0
            137.61398,35.61444,0
            137.6142,35.61483,0
            137.61423,35.61493,0
            137.61424,35.61495,0
            137.61427,35.61504,0
            137.61435,35.61535,0
            137.61437,35.61539,0
            137.6144,35.61552,0
            137.6145,35.61586,0
            137.6145,35.61588,0
            137.61458,35.61619,0
            137.6146,35.61623,0
            137.61464,35.61636,0
            137.61472,35.61673,0
            137.61472,35.61681,0
            137.61473,35.61689,0
            137.61473,35.61711,0
            137.61471,35.61725,0
            137.61458,35.61782,0
            137.61458,35.61783,0
            137.61454,35.61799,0
            137.61454,35.618,0
            137.6144,35.61852,0
            137.6144,35.61853,0
            137.61435,35.61873,0
            137.61433,35.61886,0
            137.61433,35.61888,0
            137.61429,35.6191,0
            137.61423,35.61978,0
            137.61421,35.61991,0
            137.61421,35.62014,0
            137.61424,35.6204,0
            137.61427,35.62056,0
            137.61429,35.62063,0
            137.61431,35.62067,0
            137.61433,35.62074,0
            137.61442,35.62093,0
            137.61453,35.62113,0
            137.61455,35.62115,0
            137.61463,35.62128,0
            137.61468,35.62133,0
            137.61477,35.62144,0
            137.61493,35.6216,0
            137.6153,35.62189,0
            137.61537,35.62196,0
            137.61538,35.62196,0
            137.61636,35.62281,0
            137.61641,35.62287,0
            137.61648,35.62292,0
            137.61655,35.62299,0
            137.61659,35.62305,0
            137.61663,35.62309,0
            137.61685,35.62336,0
            137.6169,35.62346,0
            137.61694,35.62351,0
            137.61704,35.6237,0
            137.61705,35.62374,0
            137.61713,35.62396,0
            137.61717,35.62414,0
            137.61717,35.62416,0
            137.61723,35.62449,0
            137.61723,35.62452,0
            137.61725,35.6246,0
            137.61732,35.6256,0
            137.61732,35.62567,0
            137.61735,35.62596,0
            137.61735,35.62606,0
            137.61737,35.6262,0
            137.61737,35.6263,0
            137.61742,35.62653,0
            137.61745,35.62675,0
            137.61747,35.62681,0
            137.61746,35.62686,0
            137.61746,35.62723,0
            137.61744,35.62749,0
            137.61744,35.62777,0
            137.61742,35.62796,0
            137.61742,35.62801,0
            137.61739,35.6282,0
            137.61738,35.62839,0
            137.61736,35.6285,0
            137.61734,35.62878,0
            137.61732,35.62892,0
            137.61731,35.62911,0
            137.61726,35.62946,0
            137.61721,35.62968,0
            137.61674,35.63102,0
            137.61674,35.63104,0
            137.61654,35.63156,0
            137.61647,35.6317,0
            137.61643,35.63181,0
            137.61596,35.63274,0
            137.61591,35.63282,0
            137.6158,35.63306,0
            137.61562,35.63358,0
            137.61555,35.63392,0
            137.61552,35.63427,0
            137.61552,35.63439,0
            137.61551,35.63452,0
            137.61552,35.63461,0
            137.61552,35.6347,0
            137.61553,35.63476,0
            137.61559,35.63557,0
            137.6156,35.63562,0
            137.61561,35.63586,0
            137.61565,35.63631,0
            137.61565,35.63644,0
            137.61566,35.63649,0
            137.61566,35.63656,0
            137.61565,35.63662,0
            137.61565,35.63667,0
            137.61563,35.63679,0
            137.6155,35.63727,0
            137.61546,35.63738,0
            137.61536,35.63759,0
            137.61519,35.63786,0
            137.61518,35.63789,0
            137.61515,35.63792,0
            137.61462,35.63861,0
            137.6143,35.639,0
            137.61419,35.63912,0
            137.61409,35.63925,0
            137.61403,35.63928,0
            137.61397,35.63934,0
            137.6138,35.63957,0
            137.6138,35.63959,0
            137.61372,35.63971,0
            137.61367,35.63981,0
            137.61363,35.63991,0
            137.61363,35.63992,0
            137.61358,35.64012,0
            137.61356,35.64027,0
            137.61356,35.64044,0
            137.61359,35.64064,0
            137.61366,35.64084,0
            137.61374,35.64101,0
            137.61379,35.64108,0
            137.61383,35.64115,0
            137.61391,35.64125,0
            137.61396,35.6413,0
            137.614,35.64135,0
            137.61405,35.6414,0
            137.61418,35.6415,0
            137.61427,35.64158,0
            137.61452,35.64175,0
            137.61493,35.642,0
            137.61495,35.64202,0
            137.61508,35.64211,0
            137.61528,35.64228,0
            137.6154,35.6424,0
            137.61542,35.64241,0
            137.61546,35.64246,0
            137.6157,35.64269,0
            137.61574,35.64272,0
            137.61594,35.64292,0
            137.61594,35.64293,0
            137.61647,35.6435,0
            137.61725,35.6444,0
            137.61727,35.64443,0
            137.61742,35.64459,0
            137.61745,35.64464,0
            137.61748,35.64467,0
            137.61753,35.64474,0
            137.61759,35.64484,0
            137.61764,35.64495,0
            137.6177,35.64505,0
            137.61777,35.64522,0
            137.61782,35.64542,0
            137.61785,35.64562,0
            137.61787,35.64594,0
            137.61787,35.64605,0
            137.61788,35.64614,0
            137.61801,35.64914,0
            137.61802,35.64919,0
            137.61802,35.6492,0
            137.61805,35.64935,0
            137.61805,35.64937,0
            137.61814,35.64965,0
            137.61819,35.64977,0
            137.61827,35.64993,0
            137.61833,35.65002,0
            137.61844,35.65016,0
            137.61847,35.65021,0
            137.61857,35.65033,0
            137.61864,35.65043,0
            137.61884,35.65068,0
            137.61899,35.65084,0
            137.61919,35.65102,0
            137.61926,35.65106,0
            137.61937,35.65114,0
            137.61949,35.65121,0
            137.61955,35.65123,0
            137.61961,35.65126,0
            137.61964,35.65128,0
            137.61995,35.65138,0
            137.62002,35.65141,0
            137.62016,35.65145,0
            137.62029,35.65151,0
            137.62038,35.65154,0
            137.62056,35.65166,0
            137.62062,35.65171,0
            137.62072,35.65181,0
            137.62081,35.65192,0
            137.62093,35.65222,0
            137.62093,35.65224,0
            137.62101,35.65251,0
            137.62103,35.65262,0
            137.62106,35.65271,0
            137.62128,35.65356,0
            137.62131,35.65371,0
            137.62132,35.65373,0
            137.62133,35.65378,0
            137.62136,35.65387,0
            137.62145,35.65426,0
            137.62147,35.65431,0
            137.6215,35.65448,0
            137.6215,35.65455,0
            137.62152,35.65462,0
            137.6216,35.65516,0
            137.62165,35.65593,0
            137.62165,35.65615,0
            137.62167,35.6564,0
            137.6217,35.65661,0
            137.62176,35.65687,0
            137.62179,35.65696,0
            137.6218,35.65701,0
            137.62191,35.6573,0
            137.622,35.65749,0
            137.62226,35.65793,0
            137.62268,35.65855,0
            137.62276,35.65865,0
            137.62279,35.65868,0
            137.62293,35.65892,0
            137.62501,35.66217,0
            137.62502,35.66218,0
            137.62573,35.6633,0
            137.62578,35.6634,0
            137.62582,35.66345,0
            137.62602,35.6638,0
            137.62605,35.66387,0
            137.62625,35.66423,0
            137.62636,35.6644,0
            137.62638,35.66444,0
            137.62642,35.66449,0
            137.62648,35.66455,0
            137.62653,35.66461,0
            137.62671,35.66478,0
            137.62691,35.66492,0
            137.62678,35.66508,0
            137.62677,35.66514,0
            137.62679,35.66521,0
            137.62681,35.66525,0
            137.62684,35.66529,0
            137.62688,35.66532,0
            137.62691,35.66535,0
            137.62694,35.66536,0
            137.62714,35.66547,0
            137.62763,35.66579,0
            137.62847,35.66644,0
            137.62849,35.66646,0
            137.62886,35.66671,0
            137.62897,35.66677,0
            137.62932,35.667,0
            137.63058,35.66796,0
            137.63063,35.66801,0
            137.63069,35.66809,0
            137.63082,35.66836,0
            137.63083,35.66837,0
            137.63088,35.66844,0
            137.63092,35.66847,0
            137.63123,35.66862,0
            137.63139,35.66868,0
            137.63187,35.66889,0
            137.632,35.66896,0
            137.63203,35.66897,0
            137.63246,35.66926,0
            137.63259,35.66937,0
            137.63291,35.6697,0
            137.63286,35.66975,0
            137.63277,35.6699,0
            137.6327,35.66999,0
            137.63247,35.67033,0
            137.63246,35.67035,0
            137.63246,35.67036,0
            137.63245,35.67036,0
            137.63245,35.67038,0
            137.63246,35.67038,0
            137.63246,35.6704,0
            137.6325,35.67044,0
            137.63255,35.67047,0
            137.63266,35.67056,0
            137.63278,35.67064,0
            137.63288,35.67073,0
            137.63305,35.67086,0
            137.63322,35.67097,0
            137.63327,35.67101,0
            137.63356,35.67117,0
            137.63362,35.67122,0
            137.63421,35.67161,0
            137.63425,35.67163,0
            137.63446,35.67169,0
            137.63447,35.6717,0
            137.6346,35.67177,0
            137.63532,35.67223,0
            137.63544,35.67228,0
            137.63548,35.67231,0
            137.63582,35.67244,0
            137.63637,35.67283,0
          </coordinates>
        </LineString>
      </Placemark>
      <Placemark>
        <name>Fujioto Ryokan, Tsumago</name>
        <description><![CDATA[description: <br>説明: <br>nom: ]]></description>
        <styleUrl>#icon-1547-673AB7</styleUrl>
        <ExtendedData>
          <Data name="description">
            <value/>
          </Data>
          <Data name="説明">
            <value/>
          </Data>
          <Data name="nom">
            <value/>
          </Data>
        </ExtendedData>
        <Point>
          <coordinates>
            137.595645,35.578094,0
          </coordinates>
        </Point>
      </Placemark>
      <Placemark>
        <name>Nojiri</name>
        <description><![CDATA[description: <br>説明: <br>nom: ]]></description>
        <styleUrl>#icon-1547-673AB7</styleUrl>
        <ExtendedData>
          <Data name="description">
            <value/>
          </Data>
          <Data name="説明">
            <value/>
          </Data>
          <Data name="nom">
            <value/>
          </Data>
        </ExtendedData>
        <Point>
          <coordinates>
            137.636365,35.672831,0
          </coordinates>
        </Point>
      </Placemark>
      <Placemark>
        <name>Nojiri Station</name>
        <description><![CDATA[description: Nojiri Station<br>説明: <br>nom: ]]></description>
        <styleUrl>#icon-1532-F9A825</styleUrl>
        <ExtendedData>
          <Data name="description">
            <value>Nojiri Station</value>
          </Data>
          <Data name="説明">
            <value/>
          </Data>
          <Data name="nom">
            <value/>
          </Data>
        </ExtendedData>
        <Point>
          <coordinates>
            137.636204,35.672951,0
          </coordinates>
        </Point>
      </Placemark>
      <Placemark>
        <name>Atera Valley</name>
        <description><![CDATA[description: <br>説明: <br>nom: ]]></description>
        <styleUrl>#icon-1720-7CB342</styleUrl>
        <ExtendedData>
          <Data name="description">
            <value/>
          </Data>
          <Data name="説明">
            <value/>
          </Data>
          <Data name="nom">
            <value/>
          </Data>
        </ExtendedData>
        <Point>
          <coordinates>
            137.623262,35.669324,0
          </coordinates>
        </Point>
      </Placemark>
      <Placemark>
        <name>Tsumago-juku</name>
        <description><![CDATA[description: <br>説明: <br>nom: ]]></description>
        <styleUrl>#icon-1547-673AB7</styleUrl>
        <ExtendedData>
          <Data name="description">
            <value/>
          </Data>
          <Data name="説明">
            <value/>
          </Data>
          <Data name="nom">
            <value/>
          </Data>
        </ExtendedData>
        <Point>
          <coordinates>
            137.595667,35.577588,0
          </coordinates>
        </Point>
      </Placemark>
      <Placemark>
        <name>Magome-juku</name>
        <description><![CDATA[description: 説明: <br>nom:<br>説明: <br>nom: ]]></description>
        <styleUrl>#icon-1547-673AB7</styleUrl>
        <ExtendedData>
          <Data name="description">
            <value>説明: 
nom:</value>
          </Data>
          <Data name="説明">
            <value/>
          </Data>
          <Data name="nom">
            <value/>
          </Data>
        </ExtendedData>
        <Point>
          <coordinates>
            137.566145,35.525792,0
          </coordinates>
        </Point>
      </Placemark>
      <Placemark>
        <name>【Walk】Tsumago to Magome</name>
        <description><![CDATA[description: 説明: <br>nom:<br>説明: <br>nom: ]]></description>
        <styleUrl>#line-62AF44-1388</styleUrl>
        <ExtendedData>
          <Data name="description">
            <value>説明: 
nom:</value>
          </Data>
          <Data name="説明">
            <value/>
          </Data>
          <Data name="nom">
            <value/>
          </Data>
        </ExtendedData>
        <LineString>
          <tessellate>1</tessellate>
          <coordinates>
            137.566188,35.525792,0
            137.571937,35.53015,0
            137.571994,35.530788,0
            137.572104,35.530758,0
            137.572304,35.53063,0
            137.572494,35.530548,0
            137.572544,35.530528,0
            137.572624,35.530508,0
            137.572724,35.530508,0
            137.572834,35.530538,0
            137.572984,35.530628,0
            137.573034,35.530668,0
            137.573044,35.530668,0
            137.573534,35.531048,0
            137.573604,35.531118,0
            137.573744,35.531218,0
            137.573784,35.531238,0
            137.573814,35.531268,0
            137.573954,35.531368,0
            137.573984,35.531398,0
            137.574184,35.531518,0
            137.574374,35.531608,0
            137.574384,35.531608,0
            137.574424,35.531628,0
            137.574474,35.531638,0
            137.574714,35.531748,0
            137.574754,35.531778,0
            137.574794,35.531798,0
            137.574824,35.531838,0
            137.574954,35.531968,0
            137.574984,35.531988,0
            137.575004,35.532008,0
            137.575094,35.532038,0
            137.575174,35.532038,0
            137.575214,35.532028,0
            137.575254,35.532028,0
            137.575294,35.532018,0
            137.575314,35.532008,0
            137.575404,35.531988,0
            137.575424,35.531978,0
            137.575474,35.532038,0
            137.575604,35.532088,0
            137.575994,35.532368,0
            137.576034,35.532388,0
            137.576074,35.532398,0
            137.576204,35.532398,0
            137.576874,35.532618,0
            137.576894,35.532618,0
            137.576924,35.532638,0
            137.577014,35.532678,0
            137.577074,35.532718,0
            137.577084,35.532718,0
            137.577384,35.532808,0
            137.577414,35.532828,0
            137.577444,35.532838,0
            137.577504,35.532878,0
            137.577524,35.532898,0
            137.577574,35.532988,0
            137.577574,35.533028,0
            137.577494,35.533228,0
            137.577474,35.533338,0
            137.577474,35.533448,0
            137.577514,35.533548,0
            137.577764,35.533718,0
            137.577944,35.533788,0
            137.578084,35.533818,0
            137.578364,35.533828,0
            137.578574,35.533858,0
            137.578614,35.533858,0
            137.578644,35.533868,0
            137.578674,35.533858,0
            137.578754,35.533858,0
            137.578834,35.533878,0
            137.579044,35.533898,0
            137.579864,35.534108,0
            137.579884,35.534108,0
            137.580044,35.534168,0
            137.580084,35.534168,0
            137.580114,35.534178,0
            137.580324,35.534188,0
            137.580554,35.534168,0
            137.580694,35.534128,0
            137.580724,35.534108,0
            137.580774,35.534088,0
            137.580814,35.534058,0
            137.580884,35.534028,0
            137.580894,35.534018,0
            137.580964,35.534018,0
            137.581264,35.534138,0
            137.581294,35.534138,0
            137.581634,35.534208,0
            137.581894,35.534348,0
            137.581904,35.534348,0
            137.581974,35.534418,0
            137.582364,35.534928,0
            137.582464,35.535038,0
            137.582514,35.535108,0
            137.582634,35.535378,0
            137.582784,35.535588,0
            137.582914,35.535728,0
            137.583434,35.536168,0
            137.583524,35.536268,0
            137.583544,35.536308,0
            137.583654,35.536468,0
            137.583654,35.536478,0
            137.583734,35.536628,0
            137.583804,35.536728,0
            137.584004,35.537448,0
            137.584004,35.537508,0
            137.584014,35.537538,0
            137.584014,35.537568,0
            137.584034,35.537618,0
            137.584064,35.537648,0
            137.584144,35.537658,0
            137.584144,35.537798,0
            137.584124,35.538008,0
            137.584124,35.538218,0
            137.584154,35.538348,0
            137.584174,35.538388,0
            137.584184,35.538438,0
            137.584204,35.538468,0
            137.584314,35.538738,0
            137.584314,35.538768,0
            137.584324,35.538778,0
            137.584324,35.538858,0
            137.584314,35.538878,0
            137.584314,35.538908,0
            137.584254,35.539018,0
            137.584444,35.539098,0
            137.584474,35.539118,0
            137.584484,35.539138,0
            137.584494,35.539148,0
            137.584514,35.539218,0
            137.584524,35.539228,0
            137.584534,35.539278,0
            137.584534,35.539318,0
            137.584564,35.539388,0
            137.584584,35.539408,0
            137.584614,35.539458,0
            137.584634,35.539468,0
            137.584644,35.539488,0
            137.584714,35.539558,0
            137.584764,35.539638,0
            137.584764,35.539658,0
            137.584784,35.539708,0
            137.584784,35.539778,0
            137.584794,35.539798,0
            137.584794,35.539808,0
            137.584804,35.539828,0
            137.584844,35.539868,0
            137.584864,35.539908,0
            137.584884,35.539928,0
            137.584884,35.539938,0
            137.584894,35.539958,0
            137.584894,35.539968,0
            137.584864,35.539998,0
            137.584844,35.539998,0
            137.584834,35.539988,0
            137.584824,35.539988,0
            137.584674,35.539818,0
            137.584664,35.539798,0
            137.584654,35.539798,0
            137.584634,35.539778,0
            137.584594,35.539778,0
            137.584594,35.539788,0
            137.584584,35.539788,0
            137.584574,35.539798,0
            137.584574,35.539848,0
            137.584584,35.539868,0
            137.584594,35.539938,0
            137.584604,35.539958,0
            137.584594,35.540148,0
            137.584564,35.540228,0
            137.584564,35.540268,0
            137.584604,35.540348,0
            137.584644,35.540458,0
            137.584644,35.540478,0
            137.584684,35.540588,0
            137.584704,35.540698,0
            137.584864,35.541228,0
            137.584884,35.541268,0
            137.585034,35.541488,0
            137.585084,35.541538,0
            137.585194,35.541688,0
            137.585394,35.542108,0
            137.585414,35.542128,0
            137.585444,35.542208,0
            137.585474,35.542258,0
            137.585504,35.542358,0
            137.585504,35.542418,0
            137.585484,35.542478,0
            137.585484,35.542488,0
            137.585474,35.542518,0
            137.585474,35.542548,0
            137.585484,35.542578,0
            137.585494,35.542588,0
            137.585504,35.542618,0
            137.585514,35.542628,0
            137.585514,35.542648,0
            137.585524,35.542668,0
            137.585524,35.542708,0
            137.585514,35.542738,0
            137.585514,35.542758,0
            137.585484,35.542798,0
            137.585464,35.542808,0
            137.585454,35.542818,0
            137.585434,35.542868,0
            137.585424,35.543528,0
            137.585434,35.543638,0
            137.585454,35.543698,0
            137.585434,35.543758,0
            137.585434,35.543838,0
            137.585394,35.543928,0
            137.585394,35.543938,0
            137.585354,35.544058,0
            137.585354,35.544168,0
            137.585364,35.544208,0
            137.585364,35.544258,0
            137.585374,35.544308,0
            137.585414,35.544408,0
            137.585414,35.544418,0
            137.585404,35.544448,0
            137.585404,35.544488,0
            137.585394,35.544538,0
            137.585394,35.544588,0
            137.585434,35.544758,0
            137.585484,35.544878,0
            137.585624,35.545048,0
            137.585694,35.545118,0
            137.585694,35.545128,0
            137.585704,35.545138,0
            137.585704,35.545158,0
            137.585774,35.545218,0
            137.585824,35.545228,0
            137.585884,35.545258,0
            137.586074,35.545278,0
            137.586124,35.545298,0
            137.586164,35.545388,0
            137.586334,35.545528,0
            137.586424,35.545568,0
            137.586484,35.545578,0
            137.586564,35.545618,0
            137.586574,35.545638,0
            137.586704,35.545778,0
            137.586834,35.545968,0
            137.586844,35.546038,0
            137.586844,35.546168,0
            137.586784,35.546448,0
            137.586784,35.546528,0
            137.586814,35.546618,0
            137.586954,35.546728,0
            137.587024,35.546828,0
            137.587074,35.546878,0
            137.587154,35.546998,0
            137.587154,35.547048,0
            137.587134,35.547088,0
            137.587124,35.547098,0
            137.587124,35.547178,0
            137.587194,35.547398,0
            137.587254,35.547528,0
            137.587224,35.547778,0
            137.587224,35.547908,0
            137.587214,35.547978,0
            137.587144,35.548138,0
            137.587024,35.548328,0
            137.586964,35.548498,0
            137.586954,35.548588,0
            137.586984,35.548778,0
            137.587054,35.548958,0
            137.587084,35.548988,0
            137.587194,35.549148,0
            137.587214,35.549168,0
            137.587284,35.549368,0
            137.587284,35.549408,0
            137.587344,35.549378,0
            137.587394,35.549368,0
            137.587444,35.549368,0
            137.587474,35.549378,0
            137.587534,35.549378,0
            137.587644,35.549448,0
            137.587684,35.549498,0
            137.587684,35.549508,0
            137.587704,35.549558,0
            137.587634,35.549828,0
            137.587624,35.549908,0
            137.587584,35.550028,0
            137.587564,35.550068,0
            137.587574,35.550328,0
            137.587624,35.550438,0
            137.587814,35.550648,0
            137.588084,35.550888,0
            137.588114,35.550938,0
            137.588164,35.550988,0
            137.588204,35.551058,0
            137.588254,35.551188,0
            137.588244,35.551378,0
            137.588224,35.551488,0
            137.588194,35.551548,0
            137.588164,35.551648,0
            137.588174,35.551708,0
            137.588154,35.551768,0
            137.588154,35.551828,0
            137.588144,35.551858,0
            137.588144,35.551888,0
            137.588174,35.552028,0
            137.588404,35.552468,0
            137.588414,35.552508,0
            137.588414,35.552538,0
            137.588394,35.552608,0
            137.588414,35.552928,0
            137.588374,35.553198,0
            137.588344,35.553278,0
            137.588314,35.553428,0
            137.588224,35.553618,0
            137.588134,35.553748,0
            137.588114,35.553808,0
            137.588104,35.553818,0
            137.588074,35.553898,0
            137.588054,35.554028,0
            137.588054,35.554138,0
            137.588074,35.554328,0
            137.588064,35.554378,0
            137.588064,35.554458,0
            137.588034,35.554538,0
            137.587504,35.555458,0
            137.587454,35.555578,0
            137.587434,35.555648,0
            137.587434,35.555748,0
            137.587414,35.555818,0
            137.587414,35.555858,0
            137.587404,35.555878,0
            137.587394,35.555928,0
            137.587334,35.556008,0
            137.587294,35.556038,0
            137.587214,35.556078,0
            137.587164,35.556088,0
            137.587164,35.556098,0
            137.587124,35.556108,0
            137.587074,35.556168,0
            137.587064,35.556188,0
            137.587064,35.556298,0
            137.587094,35.556328,0
            137.587214,35.556498,0
            137.587224,35.556528,0
            137.587234,35.556608,0
            137.587224,35.556638,0
            137.587214,35.556728,0
            137.587174,35.556788,0
            137.587114,35.557038,0
            137.587094,35.557088,0
            137.587084,35.557138,0
            137.587044,35.557218,0
            137.586984,35.557298,0
            137.586964,35.557348,0
            137.586954,35.557358,0
            137.586934,35.557408,0
            137.586814,35.557628,0
            137.586814,35.557668,0
            137.586824,35.557668,0
            137.586854,35.557698,0
            137.586894,35.557698,0
            137.586944,35.557678,0
            137.587364,35.557428,0
            137.587404,35.557418,0
            137.587444,35.557418,0
            137.587544,35.557448,0
            137.587604,35.557498,0
            137.587624,35.557558,0
            137.587624,35.557588,0
            137.587614,35.557628,0
            137.587194,35.557958,0
            137.587164,35.558018,0
            137.587164,35.558068,0
            137.587184,35.558108,0
            137.587214,35.558148,0
            137.587294,35.558178,0
            137.587334,35.558178,0
            137.587414,35.558158,0
            137.587744,35.557968,0
            137.587804,35.557918,0
            137.587874,35.557898,0
            137.588004,35.557928,0
            137.588014,35.557948,0
            137.588034,35.557958,0
            137.588084,35.558038,0
            137.588084,35.558078,0
            137.588044,35.558158,0
            137.587984,35.558238,0
            137.587944,35.558318,0
            137.587944,35.558358,0
            137.587964,35.558398,0
            137.587984,35.558418,0
            137.588024,35.558438,0
            137.588094,35.558438,0
            137.588174,35.558408,0
            137.588244,35.558398,0
            137.588324,35.558398,0
            137.588354,35.558408,0
            137.588384,35.558408,0
            137.588464,35.558478,0
            137.588474,35.558538,0
            137.588444,35.558688,0
            137.588384,35.558818,0
            137.588374,35.558858,0
            137.588324,35.558958,0
            137.588314,35.559038,0
            137.588324,35.559068,0
            137.588364,35.559108,0
            137.588424,35.559148,0
            137.588484,35.559158,0
            137.588534,35.559158,0
            137.588634,35.559118,0
            137.588694,35.559048,0
            137.588724,35.558998,0
            137.588734,35.558958,0
            137.588784,35.558838,0
            137.588784,35.558748,0
            137.588794,35.558718,0
            137.588794,35.558648,0
            137.588814,35.558598,0
            137.588874,35.558528,0
            137.588914,35.558508,0
            137.588974,35.558498,0
            137.589034,35.558498,0
            137.589084,35.558518,0
            137.589104,35.558538,0
            137.589114,35.558558,0
            137.589124,35.558568,0
            137.589154,35.558628,0
            137.589134,35.559088,0
            137.589144,35.559148,0
            137.589144,35.559208,0
            137.589164,35.559298,0
            137.589174,35.559318,0
            137.589194,35.559338,0
            137.589254,35.559378,0
            137.589564,35.559508,0
            137.589604,35.559518,0
            137.590354,35.559828,0
            137.590394,35.559858,0
            137.590474,35.559898,0
            137.590634,35.560008,0
            137.590804,35.560158,0
            137.590894,35.560268,0
            137.590984,35.560358,0
            137.591294,35.560588,0
            137.591464,35.560688,0
            137.591474,35.560688,0
            137.591654,35.560788,0
            137.591664,35.560788,0
            137.592074,35.561008,0
            137.592194,35.561118,0
            137.592314,35.561278,0
            137.592324,35.561308,0
            137.592364,35.561378,0
            137.592364,35.561388,0
            137.592484,35.561658,0
            137.592534,35.561868,0
            137.592564,35.562248,0
            137.592624,35.564058,0
            137.592694,35.564438,0
            137.592724,35.564518,0
            137.592724,35.564538,0
            137.592794,35.564698,0
            137.592874,35.564818,0
            137.592884,35.564848,0
            137.592914,35.564878,0
            137.592954,35.564938,0
            137.593004,35.564988,0
            137.593034,35.565008,0
            137.593154,35.565118,0
            137.593274,35.565208,0
            137.594004,35.565638,0
            137.594084,35.565708,0
            137.594324,35.565958,0
            137.594574,35.566278,0
            137.594604,35.566328,0
            137.595114,35.566968,0
            137.595184,35.567038,0
            137.595224,35.567128,0
            137.594854,35.567418,0
            137.594314,35.567788,0
            137.594244,35.567858,0
            137.594204,35.567928,0
            137.594174,35.568018,0
            137.594174,35.568148,0
            137.594624,35.569998,0
            137.594664,35.570248,0
            137.594644,35.570388,0
            137.594604,35.570518,0
            137.594494,35.570678,0
            137.593984,35.571128,0
            137.594044,35.571268,0
            137.594104,35.571368,0
            137.594124,35.571378,0
            137.594214,35.571468,0
            137.595044,35.572158,0
            137.595134,35.572248,0
            137.595154,35.572288,0
            137.595154,35.572308,0
            137.595174,35.572348,0
            137.595174,35.572398,0
            137.595194,35.572478,0
            137.595244,35.572608,0
            137.595344,35.572778,0
            137.595504,35.573248,0
            137.595504,35.573278,0
            137.595474,35.573368,0
            137.595354,35.573538,0
            137.595184,35.573838,0
            137.595154,35.573918,0
            137.595004,35.574518,0
            137.594964,35.574598,0
            137.594754,35.574858,0
            137.594494,35.575488,0
            137.594494,35.575508,0
            137.594474,35.575598,0
            137.594464,35.575858,0
            137.594494,35.575938,0
            137.594584,35.576008,0
            137.594764,35.576088,0
            137.594814,35.576338,0
            137.594914,35.576688,0
            137.595094,35.577088,0
            137.595254,35.577338,0
            137.595264,35.577348,0
            137.595284,35.577388,0
            137.595284,35.577398,0
          </coordinates>
        </LineString>
      </Placemark>
      <Placemark>
        <name>Yabuhara Station</name>
        <description><![CDATA[description: Yabuhara Station on the JR Chuo Honsen (Main Line)<br>説明: <br>nom: ]]></description>
        <styleUrl>#icon-1532-F9A825</styleUrl>
        <ExtendedData>
          <Data name="description">
            <value>Yabuhara Station on the JR Chuo Honsen (Main Line)</value>
          </Data>
          <Data name="説明">
            <value/>
          </Data>
          <Data name="nom">
            <value/>
          </Data>
        </ExtendedData>
        <Point>
          <coordinates>
            137.784562,35.930622,0
          </coordinates>
        </Point>
      </Placemark>
      <Placemark>
        <name>Nakatsugawa Station</name>
        <description><![CDATA[description: Nakatsugawa Station<br>説明: <br>nom: ]]></description>
        <styleUrl>#icon-1532-F9A825</styleUrl>
        <ExtendedData>
          <Data name="description">
            <value>Nakatsugawa Station</value>
          </Data>
          <Data name="説明">
            <value/>
          </Data>
          <Data name="nom">
            <value/>
          </Data>
        </ExtendedData>
        <Point>
          <coordinates>
            137.502522,35.499845,0
          </coordinates>
        </Point>
      </Placemark>
      <Placemark>
        <name>Busus Stop to Nakatusgawa St</name>
        <description><![CDATA[description: Busus Stop to Nakatusgawa Station<br>説明: <br>nom: ]]></description>
        <styleUrl>#icon-1532-F9A825</styleUrl>
        <ExtendedData>
          <Data name="description">
            <value>Busus Stop to Nakatusgawa Station</value>
          </Data>
          <Data name="説明">
            <value/>
          </Data>
          <Data name="nom">
            <value/>
          </Data>
        </ExtendedData>
        <Point>
          <coordinates>
            137.565462,35.5245,0
          </coordinates>
        </Point>
      </Placemark>
      <Placemark>
        <name>Kanda Myoujin Shrine</name>
        <description><![CDATA[description: <br>説明: <br>nom: ]]></description>
        <styleUrl>#icon-1804-A52714</styleUrl>
        <ExtendedData>
          <Data name="description">
            <value/>
          </Data>
          <Data name="説明">
            <value/>
          </Data>
          <Data name="nom">
            <value/>
          </Data>
        </ExtendedData>
        <Point>
          <coordinates>
            139.7678943,35.7020186,0
          </coordinates>
        </Point>
      </Placemark>
      <Placemark>
        <name>Arakawa Akabane Park</name>
        <description><![CDATA[description: <br>説明: <br>nom: ]]></description>
        <styleUrl>#icon-1720-0F9D58</styleUrl>
        <ExtendedData>
          <Data name="description">
            <value/>
          </Data>
          <Data name="説明">
            <value/>
          </Data>
          <Data name="nom">
            <value/>
          </Data>
        </ExtendedData>
        <Point>
          <coordinates>
            139.7193141,35.7895865,0
          </coordinates>
        </Point>
      </Placemark>
      <Placemark>
        <name>Kawaguchi Asama Shrine</name>
        <description><![CDATA[description: <br>説明: <br>nom: ]]></description>
        <styleUrl>#icon-1804-A52714</styleUrl>
        <ExtendedData>
          <Data name="description">
            <value/>
          </Data>
          <Data name="説明">
            <value/>
          </Data>
          <Data name="nom">
            <value/>
          </Data>
        </ExtendedData>
        <Point>
          <coordinates>
            138.7745467,35.5309295,0
          </coordinates>
        </Point>
      </Placemark>
      <Placemark>
        <name>Nikkō Tōshogū</name>
        <description><![CDATA[description: <br>説明: <br>nom: ]]></description>
        <styleUrl>#icon-1804-A52714</styleUrl>
        <ExtendedData>
          <Data name="description">
            <value/>
          </Data>
          <Data name="説明">
            <value/>
          </Data>
          <Data name="nom">
            <value/>
          </Data>
        </ExtendedData>
        <Point>
          <coordinates>
            139.5987466,36.7580878,0
          </coordinates>
        </Point>
      </Placemark>
      <Placemark>
        <name>Kamishinmichi Path</name>
        <description><![CDATA[description: <br>説明: <br>nom: ]]></description>
        <styleUrl>#icon-1804-A52714</styleUrl>
        <ExtendedData>
          <Data name="description">
            <value/>
          </Data>
          <Data name="説明">
            <value/>
          </Data>
          <Data name="nom">
            <value/>
          </Data>
        </ExtendedData>
        <Point>
          <coordinates>
            139.5988351,36.7569666,0
          </coordinates>
        </Point>
      </Placemark>
      <Placemark>
        <name>Itsukushima Shrine</name>
        <description><![CDATA[description: <br>説明: <br>nom: ]]></description>
        <styleUrl>#icon-1804-A52714</styleUrl>
        <ExtendedData>
          <Data name="description">
            <value/>
          </Data>
          <Data name="説明">
            <value/>
          </Data>
          <Data name="nom">
            <value/>
          </Data>
        </ExtendedData>
        <Point>
          <coordinates>
            140.1264476,35.8385899,0
          </coordinates>
        </Point>
      </Placemark>
      <Placemark>
        <name>Ichigaya Kameoka Hachimangu</name>
        <description><![CDATA[description: Ichigaya Kameoka Hachiman Shrine is a small but distinctive shrine a few minutes from Ichigaya Station. The stone steps are steep, but the grounds at the top are calm and well maintained.<br><br>The shrine is especially known for prayers and amulets related to pets, and there is a wide selection available. You will see many ema dedicated to animal health. Despite its popularity for this reason, the atmosphere remains quiet and respectful.<br><br>I have visited multiple times and always find it peaceful. A good place to stop if you want a meaningful shrine visit without leaving central Tokyo.<br>説明: <br>nom: ]]></description>
        <styleUrl>#icon-1804-880E4F</styleUrl>
        <ExtendedData>
          <Data name="description">
            <value>Ichigaya Kameoka Hachiman Shrine is a small but distinctive shrine a few minutes from Ichigaya Station. The stone steps are steep, but the grounds at the top are calm and well maintained.

The shrine is especially known for prayers and amulets related to pets, and there is a wide selection available. You will see many ema dedicated to animal health. Despite its popularity for this reason, the atmosphere remains quiet and respectful.

I have visited multiple times and always find it peaceful. A good place to stop if you want a meaningful shrine visit without leaving central Tokyo.</value>
          </Data>
          <Data name="説明">
            <value/>
          </Data>
          <Data name="nom">
            <value/>
          </Data>
        </ExtendedData>
        <Point>
          <coordinates>
            139.7337534,35.6927134,0
          </coordinates>
        </Point>
      </Placemark>
    </Folder>
    <Folder>
      <name>Otaku, Arcades, Music, and Thrift</name>
      <Placemark>
        <name>Takadanobaba Mikado Game Center</name>
        <description>Legendary spot. You’ll find Street Fighter II, Aliens vs. Predator, Virtual On, and even Daytona USA.</description>
        <styleUrl>#icon-1637-BDBDBD</styleUrl>
        <Point>
          <coordinates>
            139.703455,35.712735,0
          </coordinates>
        </Point>
      </Placemark>
      <Placemark>
        <name>Natsuge Museum</name>
        <description>70s–80s games, pure nostalgia</description>
        <styleUrl>#icon-1637-BDBDBD</styleUrl>
        <Point>
          <coordinates>
            139.703549,35.713676,0
          </coordinates>
        </Point>
      </Placemark>
      <Placemark>
        <name>HEY (Hirose Entertainment Yard) Taito</name>
        <description>Bullet hell shmups, fighting games</description>
        <styleUrl>#icon-1637-BDBDBD</styleUrl>
        <Point>
          <coordinates>
            139.770917,35.699072,0
          </coordinates>
        </Point>
      </Placemark>
      <Placemark>
        <name>GiGO Akihabara Building 3</name>
        <description>RETRO:G Top floor of a GiGO building—hidden gem; Sega arcade titles.</description>
        <styleUrl>#icon-1637-BDBDBD</styleUrl>
        <Point>
          <coordinates>
            139.770939,35.699246,0
          </coordinates>
        </Point>
      </Placemark>
      <Placemark>
        <name>D.D.R AKIBA本店</name>
        <description>VR and racing sims</description>
        <styleUrl>#icon-1637-BDBDBD</styleUrl>
        <Point>
          <coordinates>
            139.770552,35.700541,0
          </coordinates>
        </Point>
      </Placemark>
      <Placemark>
        <name>Dagashiya Game Museum</name>
        <description><![CDATA[Pre-electronic & medal arcade games; Cheapest and weirdest arcade fun you’ll find.]]></description>
        <styleUrl>#icon-1637-BDBDBD</styleUrl>
        <Point>
          <coordinates>
            139.702636,35.763996,0
          </coordinates>
        </Point>
      </Placemark>
      <Placemark>
        <name>NARU Jazz Livehouse</name>
        <styleUrl>#icon-1637-BDBDBD-nodesc</styleUrl>
        <Point>
          <coordinates>
            139.76303,35.699547,0
          </coordinates>
        </Point>
      </Placemark>
      <Placemark>
        <name>Tokyo Joypolis</name>
        <styleUrl>#icon-1637-BDBDBD-nodesc</styleUrl>
        <Point>
          <coordinates>
            139.775364,35.62866,0
          </coordinates>
        </Point>
      </Placemark>
      <Placemark>
        <name>COFFEE JAZZ GENIUS (コーヒージャズ ジニアス)</name>
        <styleUrl>#icon-1637-BDBDBD-nodesc</styleUrl>
        <Point>
          <coordinates>
            139.67604,35.693241,0
          </coordinates>
        </Point>
      </Placemark>
      <Placemark>
        <name>RED° TOKYO TOWER</name>
        <description>Next Gen VR gaming and horror; also a robot fighting game, with an actual robot.</description>
        <styleUrl>#icon-1637-BDBDBD</styleUrl>
        <Point>
          <coordinates>
            139.745484,35.65857,0
          </coordinates>
        </Point>
      </Placemark>
      <Placemark>
        <name>DAIKANYAMA T-SITE</name>
        <description>One of the best stores for English language Manga, and amazing collections for animated films, i.e., full storyboards of Akira, etc.</description>
        <styleUrl>#icon-1526-BDBDBD</styleUrl>
        <Point>
          <coordinates>
            139.699622,35.649059,0
          </coordinates>
        </Point>
      </Placemark>
      <Placemark>
        <name><![CDATA[Pokémon Center Mega Tokyo & Pikachu Sweets]]></name>
        <description>This is the Pokémon store; absolutely the best one.</description>
        <styleUrl>#icon-1684-BDBDBD</styleUrl>
        <Point>
          <coordinates>
            139.719324,35.728906,0
          </coordinates>
        </Point>
      </Placemark>
      <Placemark>
        <name>animate Ikebukuro main store</name>
        <styleUrl>#icon-1684-BDBDBD-nodesc</styleUrl>
        <Point>
          <coordinates>
            139.715459,35.731144,0
          </coordinates>
        </Point>
      </Placemark>
      <Placemark>
        <name>Evangelion Store Ikebukuro</name>
        <styleUrl>#icon-1684-BDBDBD-nodesc</styleUrl>
        <Point>
          <coordinates>
            139.712439,35.730776,0
          </coordinates>
        </Point>
      </Placemark>
      <Placemark>
        <name>VenusFort</name>
        <description>Specializes in Studio Ghibli goods, with a fancy Roman-themed interior that enhances the shopping experience.</description>
        <styleUrl>#icon-1684-BDBDBD</styleUrl>
        <Point>
          <coordinates>
            139.780165,35.625055,0
          </coordinates>
        </Point>
      </Placemark>
      <Placemark>
        <name>Shibuya Parco</name>
        <description><![CDATA[Nintendo Tokyo (Shibuya PARCO)<br>Capcom Store Tokyo (Shibuya PARCO)]]></description>
        <styleUrl>#icon-1684-BDBDBD</styleUrl>
        <Point>
          <coordinates>
            139.698777,35.662048,0
          </coordinates>
        </Point>
      </Placemark>
      <Placemark>
        <name>Godzilla Store Tokyo</name>
        <styleUrl>#icon-1684-BDBDBD-nodesc</styleUrl>
        <Point>
          <coordinates>
            139.706058,35.690166,0
          </coordinates>
        </Point>
      </Placemark>
      <Placemark>
        <name>Tokyo Character Street</name>
        <description>A corridor of small shops dedicated to popular anime franchises, including Pokemon, Gundam, Ultraman, and Studio Ghibli.</description>
        <styleUrl>#icon-1526-BDBDBD</styleUrl>
        <Point>
          <coordinates>
            139.768655,35.682034,0
          </coordinates>
        </Point>
      </Placemark>
      <Placemark>
        <name>Kinji Used Clothing Harajuku Branch</name>
        <description>One of the better thrift shops in Shibuya.</description>
        <styleUrl>#icon-1684-BDBDBD</styleUrl>
        <Point>
          <coordinates>
            139.706082,35.669056,0
          </coordinates>
        </Point>
      </Placemark>
      <Placemark>
        <name>Cat Street</name>
        <description>A full street of high end thrift shops; it is still expensive, but there is the occasional find.</description>
        <styleUrl>#icon-1684-BDBDBD</styleUrl>
        <Point>
          <coordinates>
            139.708876,35.670542,0
          </coordinates>
        </Point>
      </Placemark>
      <Placemark>
        <name>CAT STREET. END</name>
        <styleUrl>#icon-1684-BDBDBD-nodesc</styleUrl>
        <Point>
          <coordinates>
            139.702613,35.663074,0
          </coordinates>
        </Point>
      </Placemark>
      <Placemark>
        <name>Takeshita Street Entrance Arch (Meiji Street)</name>
        <description><![CDATA[You've probably seen this already.]]></description>
        <styleUrl>#icon-1684-BDBDBD</styleUrl>
        <Point>
          <coordinates>
            139.706586,35.6703,0
          </coordinates>
        </Point>
      </Placemark>
      <Placemark>
        <name>RAGTAG</name>
        <styleUrl>#icon-1684-BDBDBD-nodesc</styleUrl>
        <Point>
          <coordinates>
            139.705218,35.665757,0
          </coordinates>
        </Point>
      </Placemark>
      <Placemark>
        <name>BRAND COLLECT OMOTESANDO 2</name>
        <styleUrl>#icon-1684-BDBDBD-nodesc</styleUrl>
        <Point>
          <coordinates>
            139.711114,35.667246,0
          </coordinates>
        </Point>
      </Placemark>
      <Placemark>
        <name>GINZA TSUTAYA BOOKS</name>
        <styleUrl>#icon-1684-BDBDBD-nodesc</styleUrl>
        <Point>
          <coordinates>
            139.764267,35.669416,0
          </coordinates>
        </Point>
      </Placemark>
      <Placemark>
        <name>Gashapon Ikebukuro Main Store</name>
        <description>The largest small capsule store in the world. Over 3000 machines.</description>
        <styleUrl>#icon-1684-BDBDBD</styleUrl>
        <Point>
          <coordinates>
            139.719795,35.728468,0
          </coordinates>
        </Point>
      </Placemark>
      <Placemark>
        <name>Nishio City Iwase Archives</name>
        <description>Nishio City Iwase Archives is one of those places you only understand once you walk through the door. It looks small from the outside, but inside is a concentrated, carefully kept collection that feels impossible to find anywhere else. Edo-period books, early prints, publishing materials, and facsimiles you can actually handle are all presented without fuss or theatrical staging. It is quiet, serious, and incredibly well maintained.</description>
        <styleUrl>#icon-1526-BDBDBD</styleUrl>
        <Point>
          <coordinates>
            137.0539847,34.8742708,0
          </coordinates>
        </Point>
      </Placemark>
      <Placemark>
        <name>Mikawakogei Glass Museum</name>
        <description>Mikawakogei Glass Museum is small, tucked into a quiet residential area, and more like stepping into an artist’s house than a formal museum. Once you are inside, it works. The stained glass pieces and glass objects have a handmade, personal feel, and the big draw is the kaleidoscope spaces.</description>
        <styleUrl>#icon-1526-BDBDBD</styleUrl>
        <Point>
          <coordinates>
            137.0242838,34.8532438,0
          </coordinates>
        </Point>
      </Placemark>
      <Placemark>
        <name><![CDATA[Jazz & Soul Bar - The Deep]]></name>
        <description>Tiny room, grand piano, and you are close enough to hear the singers breathe between phrases. This feels less like a club and more like being invited into someone’s living room to sit with the band. I came for one set and stayed for the second, sipping whiskey and watching the pianist and vocalist trade energy at arm’s length. Staff and regulars were kind even with my clumsy Japanese, and the music charge felt more than fair for that level of playing.</description>
        <styleUrl>#icon-1637-BDBDBD</styleUrl>
        <Point>
          <coordinates>
            139.7607358,35.6712082,0
          </coordinates>
        </Point>
      </Placemark>
      <Placemark>
        <name>Mandarake Complex</name>
        <description>Mandarake Complex is Akihabara in concentrated form: eight packed floors of second-hand manga, figures, gunpla, trading cards, retro games, doujinshi, and every flavor of niche collectible. Stock turns over constantly, so it is the kind of place you can revisit and still stumble onto rare or out-of-print items, from Macross mecha and Digimon merch to vintage model kits and “spicy” adult floors tucked higher up.</description>
        <styleUrl>#icon-1526-BDBDBD</styleUrl>
        <Point>
          <coordinates>
            139.7705031,35.7003733,0
          </coordinates>
        </Point>
      </Placemark>
      <Placemark>
        <name>AKIHABARA KOTOBUKIYA</name>
        <description>Kotobukiya is the polished, curated counterpoint to Akihabara’s chaos. Instead of dusty bins and mystery shelves, you get a bright, well laid out multi-floor shop where everything is grouped by series and medium: JRPG merch, Monster Hunter, Final Fantasy, Zelda, Ghibli, Persona, Tales, VTuber floors devoted to Hololive and Nijisanji, plus a serious spread of figures and plastic model kits. It is all new stock rather than second hand, so you are paying for condition and presentation rather than gambling on thrift.</description>
        <styleUrl>#icon-1684-BDBDBD</styleUrl>
        <Point>
          <coordinates>
            139.7704606,35.6992291,0
          </coordinates>
        </Point>
      </Placemark>
      <Placemark>
        <name>Akihabara Radio Kaikan</name>
        <description>Ten floors of pure Akiba chaos. Figures, cards, model kits, gacha, and every kind of hobby shop stacked on top of each other. Crowded, cramped, and completely part of the fun. Prices jump around depending on the floor, so look before you buy, but if you want to understand why people come to Akihabara in the first place, this building explains it in one hit.</description>
        <styleUrl>#icon-1684-BDBDBD</styleUrl>
        <Point>
          <coordinates>
            139.7719571,35.6979149,0
          </coordinates>
        </Point>
      </Placemark>
      <Placemark>
        <name>TAMASHII NATIONS STORE TOKYO</name>
        <description>Small, clean, and set up like a showroom more than a shop. The displays are the real draw here. Gundam, Kamen Rider, Dragon Ball, Saint Seiya, Metal Build, all staged in museum-level setups. Stock is limited and some of the big releases sell out fast, so temper your expectations. Still, if you are already in Akihabara, this is one of the best places to see the newest Bandai figures up close before you decide what to hunt for elsewhere.</description>
        <styleUrl>#icon-1684-BDBDBD</styleUrl>
        <Point>
          <coordinates>
            139.7729878,35.6991106,0
          </coordinates>
        </Point>
      </Placemark>
      <Placemark>
        <name>Blue Note Tokyo</name>
        <description><![CDATA[Blue Note Tokyo is one of the few places that really lives up to its reputation. The room is intimate, the sound is precise without being harsh, and every seat feels designed around the stage rather than the other way around. It is closer to a small theatre than a bar, which suits the level of musicians they bring through here.<br><br>Service is efficient and professional, from the foyer check-in to the last drink. The staff handle a full house without breaking the atmosphere, and the whole operation feels rehearsed in a good way. The food is fine but not the reason to come.]]></description>
        <styleUrl>#icon-1637-BDBDBD</styleUrl>
        <Point>
          <coordinates>
            139.7160849,35.6611386,0
          </coordinates>
        </Point>
      </Placemark>
      <Placemark>
        <name>Mandarake Shibuya</name>
        <description>Mandarake Shibuya feels less like a shop and more like an underground archive. You descend into a basement that looks and smells like a dungeon, then realize it just keeps going: aisles packed with used manga, vintage toys, figures, CDs, doujinshi, and all kinds of pop-culture relics. The layout is tight and can get warm and crowded, so it is not a casual browse; you have to be willing to take your time and dig. Prices are not always “bargain bin,” but the strength of this place is depth and weirdness rather than discounts.</description>
        <styleUrl>#icon-1684-BDBDBD</styleUrl>
        <Point>
          <coordinates>
            139.6977247,35.661535,0
          </coordinates>
        </Point>
      </Placemark>
      <Placemark>
        <name>Toy Sapiens</name>
        <description>Flagship Hot Toys store that feels closer to a small museum than a shop. Floor is packed with Marvel and Star Wars sixth-scale figures, life-size statues, and beautifully lit display cases that are fun even if you never buy a thing. The downside is that most of the “wow” pieces are sold out, and DC or comics-based figures are thin compared to the movie lines.</description>
        <styleUrl>#icon-1684-BDBDBD</styleUrl>
        <Point>
          <coordinates>
            139.702665,35.6655919,0
          </coordinates>
        </Point>
      </Placemark>
    </Folder>
  </Document>
</kml>
